0000000100000000
1110110000010000
0000000000000000
1110001100001000
0000000010000101
1110101010000111
0000000000001111
1110001100001000
0000000000000000
1111110010101000
1111110000010000
1110110010100000
1111000111010000
1110101010001000
0000000000010011
1110001100000101
0000000000000000
1111110010100000
1110111010001000
0000000000001111
1111110000100000
1110101010000111
0000000000001111
1110001100001000
0000000000000000
1111110010101000
1111110000010000
1110110010100000
1111000111010000
1110101010001000
0000000000100011
1110001100000110
0000000000000000
1111110010100000
1110111010001000
0000000000001111
1111110000100000
1110101010000111
0000000000001111
1110001100001000
0000000000000000
1111110010101000
1111110000010000
1110110010100000
1111000111010000
1110101010001000
0000000000110011
1110001100000011
0000000000000000
1111110010100000
1110111010001000
0000000000001111
1111110000100000
1110101010000111
0000000000000101
1110110000010000
0000000000000001
1111000111100000
1111110000010000
0000000000001101
1110001100001000
0000000000000000
1111110010101000
1111110000010000
0000000000000010
1111110000100000
1110001100001000
1110110000010000
0000000000000000
1110011111001000
0000000000000001
1111110000010000
0000000000001110
1110001110101000
1111110000010000
0000000000000100
1110001100001000
0000000000001110
1111110010101000
1111110000010000
0000000000000011
1110001100001000
0000000000001110
1111110010101000
1111110000010000
0000000000000010
1110001100001000
0000000000001110
1111110010101000
1111110000010000
0000000000000001
1110001100001000
0000000000001101
1111110000100000
1110101010000111
0000000000000000
1111110000100000
1110001100001000
0000000000000001
1111110000010000
0000000000000000
1111110111101000
1110001100001000
0000000000000010
1111110000010000
0000000000000000
1111110111101000
1110001100001000
0000000000000011
1111110000010000
0000000000000000
1111110111101000
1110001100001000
0000000000000100
1111110000010000
0000000000000000
1111110111101000
1110001100001000
0000000000000100
1110110000010000
0000000000001101
1111000010010000
0000000000000000
1111000111010000
0000000000000010
1110001100001000
0000000000000000
1111110111011000
0000000000000001
1110001100001000
0000000000001110
1111110000100000
1110101010000111
0000000000000000
1110110000010000
0000000000001101
1110001100001000
0110100110110010
1110110000010000
0000000000001110
1110001100001000
0000000010010001
1110110000010000
0000000001011111
1110101010000111
0000000000001111
1110110000010000
0000000000000000
1111110111101000
1110110010100000
1110001100001000
0000000000000001
1110110000010000
0000000000001101
1110001100001000
0010000111000011
1110110000010000
0000000000001110
1110001100001000
0000000010100011
1110110000010000
0000000001011111
1110101010000111
0000000000000000
1111110010101000
1111110000010000
0000000000000011
1110001100001000
0000000000000010
1111110000100000
1111110000010000
0000000000000000
1111110111101000
1110110010100000
1110001100001000
0000000000000000
1111110010101000
1111110000010000
0000000000000011
1111110000100000
1110001100001000
0000000000000010
1111110111100000
1111110000010000
0000000000000000
1111110111101000
1110110010100000
1110001100001000
0000000000000000
1111110010101000
1111110000010000
0000000000000011
1111110111100000
1110001100001000
0000000000000010
1111110111100000
1110110111100000
1111110000010000
0000000000000000
1111110111101000
1110110010100000
1110001100001000
0000000000000011
1111110000010000
0000000000001010
1110000010010000
0000000000001101
1110001100001000
0000000000000000
1111110010101000
1111110000010000
0000000000001101
1111110000100000
1110001100001000
0000000000000010
1111110000010000
0000000000000011
1110000010100000
1111110000010000
0000000000000000
1111110111101000
1110110010100000
1110001100001000
0000000000000110
1110110000010000
0000000000000000
1111110111101000
1110110010100000
1110001100001000
0000000000000000
1111110010101000
1111110000010000
1110110010100000
1111000111001000
0000000000000011
1111110000010000
0000000000001011
1110000010010000
0000000000001101
1110001100001000
0000000000000000
1111110010101000
1111110000010000
0000000000001101
1111110000100000
1110001100001000
0000000000000010
1111110000010000
0000000000000100
1110000010100000
1111110000010000
0000000000000000
1111110111101000
1110110010100000
1110001100001000
0000000000000011
1111110000010000
0000000000001100
1110000010010000
0000000000001101
1110001100001000
0000000000000000
1111110010101000
1111110000010000
0000000000001101
1111110000100000
1110001100001000
0000000000000010
1111110000010000
0000000000000101
1110000010100000
1111110000010000
0000000000000000
1111110111101000
1110110010100000
1110001100001000
0000000000000110
1110110000010000
0000000000000000
1111110111101000
1110110010100000
1110001100001000
0000000000000000
1111110010101000
1111110000010000
1110110010100000
1111000111001000
0000000000000011
1111110000010000
0000000000001101
1110000010010000
0000000000001101
1110001100001000
0000000000000000
1111110010101000
1111110000010000
0000000000001101
1111110000100000
1110001100001000
0000000000000000
1111110111001000
1111110010100000
1110101010001000
0000000000000011
1111110000010000
0000000000001110
1110000010010000
0000000000001101
1110001100001000
0000000000000000
1111110010101000
1111110000010000
0000000000001101
1111110000100000
1110001100001000
0000000000000011
1111110000010000
0000000000000000
1111110111101000
1110110010100000
1110001100001000
0000000000000001
1110110000010000
0000000000001101
1110001100001000
0000000110000011
1110110000010000
0000000000001110
1110001100001000
0000000101001101
1110110000010000
0000000001011111
1110101010000111
0000000000000000
1111110010101000
1111110000010000
0000000000000101
1110001100001000
0000000000000011
1111110000010000
0000000000000000
1111110111101000
1110110010100000
1110001100001000
0000000000110110
1110101010000111
0000000000000010
1111110000100000
1111110000010000
0000000000000000
1111110111101000
1110110010100000
1110001100001000
0000000000000000
1111110010101000
1111110000010000
0000000000000011
1110001100001000
0000000000000011
1111110000010000
0000000000000000
1111110111101000
1110110010100000
1110001100001000
0000000000000001
1110110000010000
0000000000001101
1110001100001000
0010010010001101
1110110000010000
0000000000001110
1110001100001000
0000000101111000
1110110000010000
0000000001011111
1110101010000111
0000000000000000
1111110010101000
1111110000010000
0000000000000101
1110001100001000
0000000000000000
1111110111001000
1111110010100000
1110101010001000
0000000000110110
1110101010000111
0000000000000010
1111110000100000
1111110000010000
0000000000000000
1111110111101000
1110110010100000
1110001100001000
0000000000000000
1111110010101000
1111110000010000
0000000000000011
1110001100001000
0000000000000000
1111110111001000
1111110010100000
1110101010001000
0000000000000000
1111110010100000
1111110001001000
0000000000000001
1110110000010000
0000000000001101
1110001100001000
0101000110011001
1110110000010000
0000000000001110
1110001100001000
0000000110100010
1110110000010000
0000000001011111
1110101010000111
0000000000000000
1111110010101000
1111110000010000
0000000000000101
1110001100001000
0000000000000011
1111110000010000
0000000000000000
1111110111101000
1110110010100000
1110001100001000
0000000000000001
1110110000010000
0000000000001101
1110001100001000
0000001000000010
1110110000010000
0000000000001110
1110001100001000
0000000110111001
1110110000010000
0000000001011111
1110101010000111
0000000000000000
1111110010101000
1111110000010000
0000000000000101
1110001100001000
0000000000000000
1111110111001000
1111110010100000
1110101010001000
0000000000110110
1110101010000111
0000000000000010
1111110000100000
1111110000010000
0000000000000000
1111110111101000
1110110010100000
1110001100001000
0000000000000000
1111110010101000
1111110000010000
0000000000000011
1110001100001000
0000000000000000
1111110111001000
1111110010100000
1110101010001000
0000000000000001
1110110000010000
0000000000001101
1110001100001000
0101000110011001
1110110000010000
0000000000001110
1110001100001000
0000000111100000
1110110000010000
0000000001011111
1110101010000111
0000000000000000
1111110010101000
1111110000010000
0000000000000101
1110001100001000
0000000000000011
1111110000010000
0000000000000000
1111110111101000
1110110010100000
1110001100001000
0000000000000001
1110110000010000
0000000000001101
1110001100001000
0000001000000010
1110110000010000
0000000000001110
1110001100001000
0000000111110111
1110110000010000
0000000001011111
1110101010000111
0000000000000000
1111110010101000
1111110000010000
0000000000000101
1110001100001000
0000000000000000
1111110111001000
1111110010100000
1110101010001000
0000000000110110
1110101010000111
0000000000000010
1111110000100000
1111110000010000
0000000000000000
1111110111101000
1110110010100000
1110001100001000
0000000000000000
1111110010101000
1111110000010000
0000000000000011
1110001100001000
0000000000000011
1111110000100000
1111110000010000
0000000000000000
1111110111101000
1110110010100000
1110001100001000
0000000000000011
1111110111100000
1111110000010000
0000000000000000
1111110111101000
1110110010100000
1110001100001000
0000000000000011
1111110000100000
1111110000010000
0000000000000000
1111110111101000
1110110010100000
1110001100001000
0000000000000101
1110110000010000
0000000000000000
1111110111101000
1110110010100000
1110001100001000
0000000000000000
1111110010101000
1111110000010000
1110110010100000
1111000010001000
0000000000000011
1111110111100000
1111110000010000
0000000000000000
1111110111101000
1110110010100000
1110001100001000
0000000000000101
1110110000010000
0000000000000000
1111110111101000
1110110010100000
1110001100001000
0000000000000000
1111110010101000
1111110000010000
1110110010100000
1111000010001000
0000000000000100
1110110000010000
0000000000001101
1110001100001000
0101011101010010
1110110000010000
0000000000001110
1110001100001000
0000001001001100
1110110000010000
0000000001011111
1110101010000111
0000000000000000
1111110010101000
1111110000010000
0000000000000101
1110001100001000
0000000000000000
1111110111001000
1111110010100000
1110101010001000
0000000000110110
1110101010000111
0000000000000010
1111110000100000
1111110000010000
0000000000000000
1111110111101000
1110110010100000
1110001100001000
0000000000000000
1111110010101000
1111110000010000
0000000000000011
1110001100001000
0000000000000011
1111110000100000
1111110000010000
0000000000000000
1111110111101000
1110110010100000
1110001100001000
0000000000110110
1110101010000111
0000000000000010
1111110000100000
1111110000010000
0000000000000000
1111110111101000
1110110010100000
1110001100001000
0000000000000000
1111110010101000
1111110000010000
0000000000000011
1110001100001000
0000000000000011
1111110000100000
1111110000010000
0000000000000000
1111110111101000
1110110010100000
1110001100001000
0000000000000101
1110110000010000
0000000000000000
1111110111101000
1110110010100000
1110001100001000
0000000000000000
1111110010101000
1111110000010000
1110110010100000
1111000010001000
0000000000110110
1110101010000111
0000000000000011
1110110000010000
1110001110010000
0000000000000000
1111110111101000
1110110010100000
1110101010001000
0000001010001110
1110001100000001
0000000000000010
1111110000100000
1111110000010000
0000000000000000
1111110111101000
1110110010100000
1110001100001000
0000000000000000
1111110010101000
1111110000010000
0000000000000011
1110001100001000
0000000000000010
1111110111100000
1111110000010000
0000000000000000
1111110111101000
1110110010100000
1110001100001000
0000000000000011
1111110000100000
1111110000010000
0000000000000000
1111110111101000
1110110010100000
1110001100001000
0000000000000000
1111110010101000
1111110000010000
1110110010100000
1111000111001000
0000000000000000
1111110010101000
1111110000010000
0000000000000011
1111110111100000
1110110111100000
1110001100001000
0000000000000010
1111110111100000
1110110111100000
1111110000010000
0000000000000000
1111110111101000
1110110010100000
1110001100001000
0000000000000011
1111110111100000
1111110000010000
0000000000000000
1111110111101000
1110110010100000
1110001100001000
0000000000000000
1111110010101000
1111110000010000
1110110010100000
1111000111001000
0000000000000000
1111110010101000
1111110000010000
0000000000000011
1111110111100000
1110110111100000
1110110111100000
1110001100001000
0000000000000011
1111110111100000
1110110111100000
1111110000010000
0000000000000000
1111110111101000
1110110010100000
1110001100001000
0000000000000001
1110110000010000
0000000000001101
1110001100001000
0001101001110110
1110110000010000
0000000000001110
1110001100001000
0000001011101011
1110110000010000
0000000001011111
1110101010000111
0000000000000000
1111110010101000
1111110000010000
0000000000000001
1111110000100000
1110001100001000
0000000000000011
1111110000010000
0000000000000011
1110000010100000
1111110000010000
0000000000000000
1111110111101000
1110110010100000
1110001100001000
0000000000000001
1110110000010000
0000000000001101
1110001100001000
0001101001110110
1110110000010000
0000000000001110
1110001100001000
0000001100000110
1110110000010000
0000000001011111
1110101010000111
0000000000000000
1111110010101000
1111110000010000
0000000000000001
1111110111100000
1110001100001000
0000000000000001
1111110000100000
1111110000010000
0000000000000000
1111110111101000
1110110010100000
1110001100001000
0000000000000001
1111110111100000
1111110000010000
0000000000000000
1111110111101000
1110110010100000
1110001100001000
0000001100011110
1110110000010000
0000000000100110
1110101010000111
0000000000000011
1111110000010000
0000000000000111
1110000010010000
0000000000001101
1110001100001000
0000000000000000
1111110010101000
1111110000010000
0000000000001101
1111110000100000
1110001100001000
0000000000000011
1111110000010000
0000000000000111
1110000010100000
1111110000010000
0000000000000000
1111110111101000
1110110010100000
1110001100001000
0000000000000000
1111110010101000
1111110000010000
0000001100111010
1110001100000101
0000001110100010
1110101010000111
0000000000000001
1111110000100000
1111110000010000
0000000000000000
1111110111101000
1110110010100000
1110001100001000
0000000000000000
1111110010101000
1111110000010000
0000000000000001
1111110111100000
1110110111100000
1110001100001000
0000000000000001
1111110111100000
1111110000010000
0000000000000000
1111110111101000
1110110010100000
1110001100001000
0000000000000000
1111110010101000
1111110000010000
0000000000000001
1111110000100000
1110001100001000
0000000000000001
1111110111100000
1110110111100000
1111110000010000
0000000000000000
1111110111101000
1110110010100000
1110001100001000
0000000000000000
1111110010101000
1111110000010000
0000000000000001
1111110111100000
1110001100001000
0000000000000011
1111110111100000
1111110000010000
0000000000000000
1111110111101000
1110110010100000
1110001100001000
0000000000000010
1111110111100000
1110110111100000
1111110000010000
0000000000000000
1111110111101000
1110110010100000
1110001100001000
0000001101110110
1110110000010000
0000000000100110
1110101010000111
0000000000000011
1111110000010000
0000000000001000
1110000010010000
0000000000001101
1110001100001000
0000000000000000
1111110010101000
1111110000010000
0000000000001101
1111110000100000
1110001100001000
0000000000000011
1111110000100000
1111110000010000
0000000000000000
1111110111101000
1110110010100000
1110001100001000
0000000000000010
1111110111100000
1111110000010000
0000000000000000
1111110111101000
1110110010100000
1110001100001000
0000001110010100
1110110000010000
0000000000100110
1110101010000111
0000000000000011
1111110000010000
0000000000001001
1110000010010000
0000000000001101
1110001100001000
0000000000000000
1111110010101000
1111110000010000
0000000000001101
1111110000100000
1110001100001000
0000001111011111
1110101010000111
0000000000000011
1111110000100000
1111110000010000
0000000000000000
1111110111101000
1110110010100000
1110001100001000
0000000000000010
1111110111100000
1111110000010000
0000000000000000
1111110111101000
1110110010100000
1110001100001000
0000001110110100
1110110000010000
0000000000100110
1110101010000111
0000000000000011
1111110000010000
0000000000001000
1110000010010000
0000000000001101
1110001100001000
0000000000000000
1111110010101000
1111110000010000
0000000000001101
1111110000100000
1110001100001000
0000000000000011
1111110111100000
1111110000010000
0000000000000000
1111110111101000
1110110010100000
1110001100001000
0000000000000010
1111110111100000
1110110111100000
1111110000010000
0000000000000000
1111110111101000
1110110010100000
1110001100001000
0000001111010011
1110110000010000
0000000000100110
1110101010000111
0000000000000011
1111110000010000
0000000000001001
1110000010010000
0000000000001101
1110001100001000
0000000000000000
1111110010101000
1111110000010000
0000000000001101
1111110000100000
1110001100001000
0000000000000010
1110110000010000
0000000000000000
1111110111101000
1110110010100000
1110001100001000
0000000000000001
1111110111100000
1111110000010000
0000000000000000
1111110111101000
1110110010100000
1110001100001000
0000000000000010
1110110000010000
0000000000001101
1110001100001000
0001101010100110
1110110000010000
0000000000001110
1110001100001000
0000001111111000
1110110000010000
0000000001011111
1110101010000111
0000000000000001
1111110000100000
1111110000010000
0000000000000000
1111110111101000
1110110010100000
1110001100001000
0000000000000000
1111110010101000
1111110000010000
1110110010100000
1111000111001000
0000000000000000
1111110010101000
1111110000010000
0000000000000011
1111110111100000
1110110111100000
1110110111100000
1110110111100000
1110001100001000
0000000000000010
1110110000010000
0000000000000000
1111110111101000
1110110010100000
1110001100001000
0000000000000001
1111110111100000
1111110000010000
0000000000000000
1111110111101000
1110110010100000
1110001100001000
0000000000000010
1110110000010000
0000000000001101
1110001100001000
0001101010100110
1110110000010000
0000000000001110
1110001100001000
0000010000100110
1110110000010000
0000000001011111
1110101010000111
0000000000000000
1111110010101000
1111110000010000
0000000000000011
1111110111100000
1110110111100000
1110110111100000
1110110111100000
1110110111100000
1110001100001000
0000000000000010
1110110000010000
0000000000000000
1111110111101000
1110110010100000
1110001100001000
0000000000000001
1111110111100000
1111110000010000
0000000000000000
1111110111101000
1110110010100000
1110001100001000
0000000000000001
1111110000100000
1111110000010000
0000000000000000
1111110111101000
1110110010100000
1110001100001000
0000000000000000
1111110010101000
1111110000010000
1110110010100000
1111000111001000
0000000000000010
1110110000010000
0000000000001101
1110001100001000
0001101010100110
1110110000010000
0000000000001110
1110001100001000
0000010001010101
1110110000010000
0000000001011111
1110101010000111
0000000000000000
1111110010101000
1111110000010000
0000000000000011
1111110111100000
1110110111100000
1110110111100000
1110110111100000
1110110111100000
1110110111100000
1110001100001000
0000000000000000
1111110111001000
1111110010100000
1110101010001000
0000000000110110
1110101010000111
0000000000000010
1111110000100000
1111110000010000
0000000000000000
1111110111101000
1110110010100000
1110001100001000
0000000000000000
1111110010101000
1111110000010000
0000000000000011
1110001100001000
0000000000000011
1111110000010000
0000000000000000
1111110111101000
1110110010100000
1110001100001000
0000000000000001
1110110000010000
0000000000001101
1110001100001000
0000000111000100
1110110000010000
0000000000001110
1110001100001000
0000010010000100
1110110000010000
0000000001011111
1110101010000111
0000000000000000
1111110010101000
1111110000010000
0000000000000101
1110001100001000
0000000000000011
1111110000010000
0000000000000100
1110000010100000
1111110000010000
0000000000000000
1111110111101000
1110110010100000
1110001100001000
0000000000000000
1111110111001000
1111110010100000
1110101010001000
0000010010011010
1110110000010000
0000000000100110
1110101010000111
0000000000000000
1111110010101000
1111110000010000
0000010010100001
1110001100000101
0000010011000011
1110101010000111
0000000000000011
1111110000010000
0000000000000100
1110000010100000
1111110000010000
0000000000000000
1111110111101000
1110110010100000
1110001100001000
0000000000000011
1111110000010000
0000000000000101
1110000010100000
1111110000010000
0000000000000000
1111110111101000
1110110010100000
1110001100001000
0000000000000000
1111110010101000
1111110000010000
1110110010100000
1111000010001000
0000000000000000
1111110010101000
1111110000010000
0000000000000011
1111110111100000
1110110111100000
1110110111100000
1110110111100000
1110001100001000
0000010101111001
1110101010000111
0000000000000011
1111110000010000
0000000000000100
1110000010100000
1111110000010000
0000000000000000
1111110111101000
1110110010100000
1110001100001000
0000000000000011
1111110000010000
0000000000000110
1110000010100000
1111110000010000
0000000000000000
1111110111101000
1110110010100000
1110001100001000
0000000000000000
1111110010101000
1111110000010000
1110110010100000
1111000010001000
0000000000000000
1111110010101000
1111110000010000
0000000000000011
1111110111100000
1110110111100000
1110110111100000
1110110111100000
1110001100001000
0000000000000011
1111110000010000
0000000000001001
1110000010100000
1111110000010000
0000000000000000
1111110111101000
1110110010100000
1110001100001000
0000000000000000
1111110010101000
1111110000010000
0000010011110011
1110001100000101
0000010100110111
1110101010000111
0000000000000011
1111110000010000
0000000000000111
1110000010100000
1111110000010000
0000000000000000
1111110111101000
1110110010100000
1110001100001000
0000000000000000
1111110010101000
1111110000010000
0000010100000011
1110001100000101
0000010100011101
1110101010000111
0000000000000011
1111110000100000
1111110000010000
0000000000000000
1111110111101000
1110110010100000
1110001100001000
0000000000000100
1110110000010000
0000000000000000
1111110111101000
1110110010100000
1110001100001000
0000000000000000
1111110010101000
1111110000010000
1110110010100000
1111000010001000
0000000000000000
1111110010101000
1111110000010000
0000000000000011
1111110000100000
1110001100001000
0000010100110101
1110101010000111
0000000000000011
1111110111100000
1111110000010000
0000000000000000
1111110111101000
1110110010100000
1110001100001000
0000000000000100
1110110000010000
0000000000000000
1111110111101000
1110110010100000
1110001100001000
0000000000000000
1111110010101000
1111110000010000
1110110010100000
1111000010001000
0000000000000000
1111110010101000
1111110000010000
0000000000000011
1111110111100000
1110001100001000
0000010101111001
1110101010000111
0000000000000011
1111110000010000
0000000000000111
1110000010100000
1111110000010000
0000000000000000
1111110111101000
1110110010100000
1110001100001000
0000000000000000
1111110010101000
1111110000010000
0000010101000111
1110001100000101
0000010101100001
1110101010000111
0000000000000011
1111110000100000
1111110000010000
0000000000000000
1111110111101000
1110110010100000
1110001100001000
0000000000000100
1110110000010000
0000000000000000
1111110111101000
1110110010100000
1110001100001000
0000000000000000
1111110010101000
1111110000010000
1110110010100000
1111000111001000
0000000000000000
1111110010101000
1111110000010000
0000000000000011
1111110000100000
1110001100001000
0000010101111001
1110101010000111
0000000000000011
1111110111100000
1111110000010000
0000000000000000
1111110111101000
1110110010100000
1110001100001000
0000000000000100
1110110000010000
0000000000000000
1111110111101000
1110110010100000
1110001100001000
0000000000000000
1111110010101000
1111110000010000
1110110010100000
1111000111001000
0000000000000000
1111110010101000
1111110000010000
0000000000000011
1111110111100000
1110001100001000
0000000000000011
1111110000010000
0000000000001000
1110000010100000
1111110000010000
0000000000000000
1111110111101000
1110110010100000
1110001100001000
0000000000000000
1111110010101000
1111110000010000
0000010110001001
1110001100000101
0000010111001101
1110101010000111
0000000000000011
1111110000010000
0000000000000111
1110000010100000
1111110000010000
0000000000000000
1111110111101000
1110110010100000
1110001100001000
0000000000000000
1111110010101000
1111110000010000
0000010110011001
1110001100000101
0000010110110011
1110101010000111
0000000000000011
1111110111100000
1111110000010000
0000000000000000
1111110111101000
1110110010100000
1110001100001000
0000000000000100
1110110000010000
0000000000000000
1111110111101000
1110110010100000
1110001100001000
0000000000000000
1111110010101000
1111110000010000
1110110010100000
1111000010001000
0000000000000000
1111110010101000
1111110000010000
0000000000000011
1111110111100000
1110001100001000
0000010111001011
1110101010000111
0000000000000011
1111110000100000
1111110000010000
0000000000000000
1111110111101000
1110110010100000
1110001100001000
0000000000000100
1110110000010000
0000000000000000
1111110111101000
1110110010100000
1110001100001000
0000000000000000
1111110010101000
1111110000010000
1110110010100000
1111000010001000
0000000000000000
1111110010101000
1111110000010000
0000000000000011
1111110000100000
1110001100001000
0000011000001111
1110101010000111
0000000000000011
1111110000010000
0000000000000111
1110000010100000
1111110000010000
0000000000000000
1111110111101000
1110110010100000
1110001100001000
0000000000000000
1111110010101000
1111110000010000
0000010111011101
1110001100000101
0000010111110111
1110101010000111
0000000000000011
1111110111100000
1111110000010000
0000000000000000
1111110111101000
1110110010100000
1110001100001000
0000000000000100
1110110000010000
0000000000000000
1111110111101000
1110110010100000
1110001100001000
0000000000000000
1111110010101000
1111110000010000
1110110010100000
1111000111001000
0000000000000000
1111110010101000
1111110000010000
0000000000000011
1111110111100000
1110001100001000
0000011000001111
1110101010000111
0000000000000011
1111110000100000
1111110000010000
0000000000000000
1111110111101000
1110110010100000
1110001100001000
0000000000000100
1110110000010000
0000000000000000
1111110111101000
1110110010100000
1110001100001000
0000000000000000
1111110010101000
1111110000010000
1110110010100000
1111000111001000
0000000000000000
1111110010101000
1111110000010000
0000000000000011
1111110000100000
1110001100001000
0000000000000011
1111110000100000
1111110000010000
0000000000000000
1111110111101000
1110110010100000
1110001100001000
0000000000000011
1111110000010000
0000000000001010
1110000010100000
1111110000010000
0000000000000000
1111110111101000
1110110010100000
1110001100001000
0000011000100011
1110110000010000
0000000000010110
1110101010000111
0000000000000000
1111110010100000
1111110001001000
0000000000000000
1111110010101000
1111110000010000
0000011000101101
1110001100000101
0000011001001100
1110101010000111
0000000000000000
1111110111001000
1111110010100000
1110111111001000
0000000000000011
1111110000010000
0000000000001110
1110000010010000
0000000000001101
1110001100001000
0000000000000000
1111110010101000
1111110000010000
0000000000001101
1111110000100000
1110001100001000
0000000000000011
1111110000010000
0000000000001010
1110000010100000
1111110000010000
0000000000000000
1111110111101000
1110110010100000
1110001100001000
0000000000000000
1111110010101000
1111110000010000
0000000000000011
1111110000100000
1110001100001000
0000000000000011
1111110000100000
1111110000010000
0000000000000000
1111110111101000
1110110010100000
1110001100001000
0000000000000011
1111110000010000
0000000000001011
1110000010100000
1111110000010000
0000000000000000
1111110111101000
1110110010100000
1110001100001000
0000011001100000
1110110000010000
0000000000100110
1110101010000111
0000000000000000
1111110010100000
1111110001001000
0000000000000000
1111110010101000
1111110000010000
0000011001101010
1110001100000101
0000011010001011
1110101010000111
0000000000000010
1110110000010000
0000000000000000
1111110111101000
1110110010100000
1110001100001000
0000000000000011
1111110000010000
0000000000001110
1110000010010000
0000000000001101
1110001100001000
0000000000000000
1111110010101000
1111110000010000
0000000000001101
1111110000100000
1110001100001000
0000000000000011
1111110000010000
0000000000001011
1110000010100000
1111110000010000
0000000000000000
1111110111101000
1110110010100000
1110001100001000
0000000000000000
1111110010101000
1111110000010000
0000000000000011
1111110000100000
1110001100001000
0000000000000011
1111110111100000
1111110000010000
0000000000000000
1111110111101000
1110110010100000
1110001100001000
0000000000000011
1111110000010000
0000000000001100
1110000010100000
1111110000010000
0000000000000000
1111110111101000
1110110010100000
1110001100001000
0000011010011111
1110110000010000
0000000000010110
1110101010000111
0000000000000000
1111110010100000
1111110001001000
0000000000000000
1111110010101000
1111110000010000
0000011010101001
1110001100000101
0000011011001010
1110101010000111
0000000000000011
1110110000010000
0000000000000000
1111110111101000
1110110010100000
1110001100001000
0000000000000011
1111110000010000
0000000000001110
1110000010010000
0000000000001101
1110001100001000
0000000000000000
1111110010101000
1111110000010000
0000000000001101
1111110000100000
1110001100001000
0000000000000011
1111110000010000
0000000000001100
1110000010100000
1111110000010000
0000000000000000
1111110111101000
1110110010100000
1110001100001000
0000000000000000
1111110010101000
1111110000010000
0000000000000011
1111110111100000
1110001100001000
0000000000000011
1111110111100000
1111110000010000
0000000000000000
1111110111101000
1110110010100000
1110001100001000
0000000000000011
1111110000010000
0000000000001101
1110000010100000
1111110000010000
0000000000000000
1111110111101000
1110110010100000
1110001100001000
0000011011011110
1110110000010000
0000000000100110
1110101010000111
0000000000000000
1111110010100000
1111110001001000
0000000000000000
1111110010101000
1111110000010000
0000011011101000
1110001100000101
0000011100001001
1110101010000111
0000000000000100
1110110000010000
0000000000000000
1111110111101000
1110110010100000
1110001100001000
0000000000000011
1111110000010000
0000000000001110
1110000010010000
0000000000001101
1110001100001000
0000000000000000
1111110010101000
1111110000010000
0000000000001101
1111110000100000
1110001100001000
0000000000000011
1111110000010000
0000000000001101
1110000010100000
1111110000010000
0000000000000000
1111110111101000
1110110010100000
1110001100001000
0000000000000000
1111110010101000
1111110000010000
0000000000000011
1111110111100000
1110001100001000
0000000000000011
1111110000010000
0000000000000000
1111110111101000
1110110010100000
1110001100001000
0000000000000001
1110110000010000
0000000000001101
1110001100001000
0000000110000011
1110110000010000
0000000000001110
1110001100001000
0000011100011011
1110110000010000
0000000001011111
1110101010000111
0000000000000000
1111110010101000
1111110000010000
0000000000000101
1110001100001000
0000000000000011
1111110000010000
0000000000001110
1110000010100000
1111110000010000
0000000000000000
1111110111101000
1110110010100000
1110001100001000
0000000000110110
1110101010000111
0000000000000101
1110110000010000
1110001110010000
0000000000000000
1111110111101000
1110110010100000
1110101010001000
0000011100101101
1110001100000001
0000000000000010
1111110000100000
1111110000010000
0000000000000000
1111110111101000
1110110010100000
1110001100001000
0000000000000000
1111110010101000
1111110000010000
0000000000000011
1110001100001000
0000000000000011
1111110111100000
1110110111100000
1111110000010000
0000000000000000
1111110111101000
1110110010100000
1110001100001000
0000000000001010
1110110000010000
0000000000000000
1111110111101000
1110110010100000
1110001100001000
0000000000000010
1110110000010000
0000000000001101
1110001100001000
0001110001110111
1110110000010000
0000000000001110
1110001100001000
0000011101011010
1110110000010000
0000000001011111
1110101010000111
0000000000000000
1111110010101000
1111110000010000
0000000000000001
1111110111100000
1110110111100000
1110001100001000
0000000000000011
1111110000010000
0000000000000011
1110000010100000
1111110000010000
0000000000000000
1111110111101000
1110110010100000
1110001100001000
0000000000001010
1110110000010000
0000000000000000
1111110111101000
1110110010100000
1110001100001000
0000000000000010
1110110000010000
0000000000001101
1110001100001000
0001110001110111
1110110000010000
0000000000001110
1110001100001000
0000011101111100
1110110000010000
0000000001011111
1110101010000111
0000000000000000
1111110010101000
1111110000010000
0000000000000001
1111110111100000
1110110111100000
1110110111100000
1110001100001000
0000000000000010
1111110111100000
1111110000010000
0000000000000000
1111110111101000
1110110010100000
1110001100001000
0000000000000000
1111110111001000
1111110010100000
1110101010001000
0000011110010011
1110110000010000
0000000000000110
1110101010000111
0000000000000000
1111110010101000
1111110000010000
0000011110011010
1110001100000101
0000011110101011
1110101010000111
0000000000001010
1110110000010000
0000000000000000
1111110111101000
1110110010100000
1110001100001000
0000000000000000
1111110010101000
1111110000010000
0000000000000001
1111110111100000
1110110111100000
1110110111100000
1110110111100000
1110001100001000
0000100000100110
1110101010000111
0000000000000011
1111110111100000
1110110111100000
1111110000010000
0000000000000000
1111110111101000
1110110010100000
1110001100001000
0000000000000000
1111110111001000
1111110010100000
1110101010001000
0000011110111011
1110110000010000
0000000000100110
1110101010000111
0000000000000000
1111110010100000
1111110001001000
0000000000000010
1111110111100000
1111110000010000
0000000000000000
1111110111101000
1110110010100000
1110001100001000
0000000000000000
1111110111001000
1111110010100000
1110111111001000
0000011111001101
1110110000010000
0000000000000110
1110101010000111
0000000000000000
1111110010101000
1111110000010000
1110110010100000
1111000000001000
0000000000000011
1111110111100000
1110110111100000
1111110000010000
0000000000000000
1111110111101000
1110110010100000
1110001100001000
0000000000000000
1111110111001000
1111110010100000
1110101010001000
0000011111100010
1110110000010000
0000000000100110
1110101010000111
0000000000000000
1111110010101000
1111110000010000
1110110010100000
1111010101001000
0000000000000010
1111110111100000
1111110000010000
0000000000000000
1111110111101000
1110110010100000
1110001100001000
0000000000000000
1111110111001000
1111110010100000
1110111111001000
0000000000000000
1111110010100000
1111110001010000
1110011111001000
0000011111111010
1110110000010000
0000000000000110
1110101010000111
0000000000000000
1111110010101000
1111110000010000
1110110010100000
1111000000001000
0000000000000000
1111110010101000
1111110000010000
0000100000000110
1110001100000101
0000100000010111
1110101010000111
0000000000010100
1110110000010000
0000000000000000
1111110111101000
1110110010100000
1110001100001000
0000000000000000
1111110010101000
1111110000010000
0000000000000001
1111110111100000
1110110111100000
1110110111100000
1110110111100000
1110001100001000
0000100000100110
1110101010000111
0000000000000101
1110110000010000
0000000000000000
1111110111101000
1110110010100000
1110001100001000
0000000000000000
1111110010101000
1111110000010000
0000000000000001
1111110111100000
1110110111100000
1110110111100000
1110110111100000
1110001100001000
0000000000000011
1111110000010000
0000000000001110
1110000010100000
1111110000010000
0000000000000000
1111110111101000
1110110010100000
1110001100001000
0000000000000000
1111110111001000
1111110010100000
1110111111001000
0000100000110111
1110110000010000
0000000000000110
1110101010000111
0000000000000000
1111110010101000
1111110000010000
0000100000111110
1110001100000101
0000100010110011
1110101010000111
0000000111111010
1110110000010000
0000000000000000
1111110111101000
1110110010100000
1110001100001000
0000000000000000
1111110010101000
1111110000010000
0000000000000001
1111110000100000
1110001100001000
0000000000000001
1111110000010000
0000000000000011
1110000010100000
1111110000010000
0000000000000000
1111110111101000
1110110010100000
1110001100001000
0000000000110010
1110110000010000
0000000000000000
1111110111101000
1110110010100000
1110001100001000
0000000000000000
1111110010100000
1111110001010000
1110011111001000
0000000000000010
1110110000010000
0000000000001101
1110001100001000
0001101010100110
1110110000010000
0000000000001110
1110001100001000
0000100001101001
1110110000010000
0000000001011111
1110101010000111
0000000000000001
1111110111100000
1110110111100000
1111110000010000
0000000000000000
1111110111101000
1110110010100000
1110001100001000
0000000000000010
1110110000010000
0000000000001101
1110001100001000
0001110001110111
1110110000010000
0000000000001110
1110001100001000
0000100001111101
1110110000010000
0000000001011111
1110101010000111
0000000000000000
1111110010101000
1111110000010000
0000000000000001
1111110111100000
1110001100001000
0000000000000011
1111110111100000
1111110000010000
0000000000000000
1111110111101000
1110110010100000
1110001100001000
0000000000000001
1111110111100000
1111110000010000
0000000000000000
1111110111101000
1110110010100000
1110001100001000
0000000000000001
1111110000010000
0000000000000100
1110000010100000
1111110000010000
0000000000000000
1111110111101000
1110110010100000
1110001100001000
0000000000000010
1110110000010000
0000000000001101
1110001100001000
0001101010100110
1110110000010000
0000000000001110
1110001100001000
0000100010100110
1110110000010000
0000000001011111
1110101010000111
0000000000000000
1111110010101000
1111110000010000
1110110010100000
1111000010001000
0000000000000000
1111110010101000
1111110000010000
0000000000000001
1111110111100000
1110001100001000
0000101000111000
1110101010000111
0000000000000011
1111110000010000
0000000000001110
1110000010100000
1111110000010000
0000000000000000
1111110111101000
1110110010100000
1110001100001000
0000000000000010
1110110000010000
0000000000000000
1111110111101000
1110110010100000
1110001100001000
0000100011000110
1110110000010000
0000000000000110
1110101010000111
0000000000000000
1111110010101000
1111110000010000
0000100011001101
1110001100000101
0000100100111100
1110101010000111
0000000000000000
1111110111001000
1111110010100000
1110101010001000
0000000000000000
1111110010101000
1111110000010000
0000000000000001
1111110000100000
1110001100001000
0000000000000001
1111110000010000
0000000000000011
1110000010100000
1111110000010000
0000000000000000
1111110111101000
1110110010100000
1110001100001000
0000000000110010
1110110000010000
0000000000000000
1111110111101000
1110110010100000
1110001100001000
0000000000000010
1110110000010000
0000000000001101
1110001100001000
0001101010100110
1110110000010000
0000000000001110
1110001100001000
0000100011110010
1110110000010000
0000000001011111
1110101010000111
0000000000000001
1111110111100000
1110110111100000
1111110000010000
0000000000000000
1111110111101000
1110110010100000
1110001100001000
0000000000000010
1110110000010000
0000000000001101
1110001100001000
0001110001110111
1110110000010000
0000000000001110
1110001100001000
0000100100000110
1110110000010000
0000000001011111
1110101010000111
0000000000000000
1111110010101000
1111110000010000
0000000000000001
1111110111100000
1110001100001000
0000000000000011
1111110111100000
1111110000010000
0000000000000000
1111110111101000
1110110010100000
1110001100001000
0000000000000001
1111110111100000
1111110000010000
0000000000000000
1111110111101000
1110110010100000
1110001100001000
0000000000000001
1111110000010000
0000000000000100
1110000010100000
1111110000010000
0000000000000000
1111110111101000
1110110010100000
1110001100001000
0000000000000010
1110110000010000
0000000000001101
1110001100001000
0001101010100110
1110110000010000
0000000000001110
1110001100001000
0000100100101111
1110110000010000
0000000001011111
1110101010000111
0000000000000000
1111110010101000
1111110000010000
1110110010100000
1111000010001000
0000000000000000
1111110010101000
1111110000010000
0000000000000001
1111110111100000
1110001100001000
0000101000111000
1110101010000111
0000000000000011
1111110000010000
0000000000001110
1110000010100000
1111110000010000
0000000000000000
1111110111101000
1110110010100000
1110001100001000
0000000000000011
1110110000010000
0000000000000000
1111110111101000
1110110010100000
1110001100001000
0000100101001111
1110110000010000
0000000000000110
1110101010000111
0000000000000000
1111110010101000
1111110000010000
0000100101010110
1110001100000101
0000100111001011
1110101010000111
0000000011111010
1110110000010000
0000000000000000
1111110111101000
1110110010100000
1110001100001000
0000000000000000
1111110010101000
1111110000010000
0000000000000001
1111110111100000
1110001100001000
0000000000000001
1111110111100000
1110110111100000
1111110000010000
0000000000000000
1111110111101000
1110110010100000
1110001100001000
0000000000011001
1110110000010000
0000000000000000
1111110111101000
1110110010100000
1110001100001000
0000000000000000
1111110010100000
1111110001010000
1110011111001000
0000000000000010
1110110000010000
0000000000001101
1110001100001000
0001101010100110
1110110000010000
0000000000001110
1110001100001000
0000100110000000
1110110000010000
0000000001011111
1110101010000111
0000000000000001
1111110000010000
0000000000000011
1110000010100000
1111110000010000
0000000000000000
1111110111101000
1110110010100000
1110001100001000
0000000000000010
1110110000010000
0000000000001101
1110001100001000
0001110001110111
1110110000010000
0000000000001110
1110001100001000
0000100110010101
1110110000010000
0000000001011111
1110101010000111
0000000000000000
1111110010101000
1111110000010000
0000000000000001
1111110000100000
1110001100001000
0000000000000011
1111110000100000
1111110000010000
0000000000000000
1111110111101000
1110110010100000
1110001100001000
0000000000000001
1111110000100000
1111110000010000
0000000000000000
1111110111101000
1110110010100000
1110001100001000
0000000000000001
1111110000010000
0000000000000100
1110000010100000
1111110000010000
0000000000000000
1111110111101000
1110110010100000
1110001100001000
0000000000000010
1110110000010000
0000000000001101
1110001100001000
0001101010100110
1110110000010000
0000000000001110
1110001100001000
0000100110111110
1110110000010000
0000000001011111
1110101010000111
0000000000000000
1111110010101000
1111110000010000
1110110010100000
1111000010001000
0000000000000000
1111110010101000
1111110000010000
0000000000000001
1111110000100000
1110001100001000
0000101000111000
1110101010000111
0000000000000000
1111110111001000
1111110010100000
1110101010001000
0000000000000000
1111110010101000
1111110000010000
0000000000000001
1111110111100000
1110001100001000
0000000000000001
1111110111100000
1110110111100000
1111110000010000
0000000000000000
1111110111101000
1110110010100000
1110001100001000
0000000000011001
1110110000010000
0000000000000000
1111110111101000
1110110010100000
1110001100001000
0000000000000010
1110110000010000
0000000000001101
1110001100001000
0001101010100110
1110110000010000
0000000000001110
1110001100001000
0000100111101111
1110110000010000
0000000001011111
1110101010000111
0000000000000001
1111110000010000
0000000000000011
1110000010100000
1111110000010000
0000000000000000
1111110111101000
1110110010100000
1110001100001000
0000000000000010
1110110000010000
0000000000001101
1110001100001000
0001110001110111
1110110000010000
0000000000001110
1110001100001000
0000101000000100
1110110000010000
0000000001011111
1110101010000111
0000000000000000
1111110010101000
1111110000010000
0000000000000001
1111110000100000
1110001100001000
0000000000000011
1111110000100000
1111110000010000
0000000000000000
1111110111101000
1110110010100000
1110001100001000
0000000000000001
1111110000100000
1111110000010000
0000000000000000
1111110111101000
1110110010100000
1110001100001000
0000000000000001
1111110000010000
0000000000000100
1110000010100000
1111110000010000
0000000000000000
1111110111101000
1110110010100000
1110001100001000
0000000000000010
1110110000010000
0000000000001101
1110001100001000
0001101010100110
1110110000010000
0000000000001110
1110001100001000
0000101000101101
1110110000010000
0000000001011111
1110101010000111
0000000000000000
1111110010101000
1111110000010000
1110110010100000
1111000010001000
0000000000000000
1111110010101000
1111110000010000
0000000000000001
1111110000100000
1110001100001000
0000000000000011
1111110000010000
0000000000000000
1111110111101000
1110110010100000
1110001100001000
0000000000000001
1111110000100000
1111110000010000
0000000000000000
1111110111101000
1110110010100000
1110001100001000
0000000000000001
1111110111100000
1111110000010000
0000000000000000
1111110111101000
1110110010100000
1110001100001000
0000000000000011
1110110000010000
0000000000001101
1110001100001000
0000001010001100
1110110000010000
0000000000001110
1110001100001000
0000101001011000
1110110000010000
0000000001011111
1110101010000111
0000000000000000
1111110010101000
1111110000010000
0000000000000101
1110001100001000
0000000000000000
1111110111001000
1111110010100000
1110101010001000
0000000000110110
1110101010000111
0000000000000101
1110110000010000
0000000000000000
1111110111101000
1110110010100000
1110001100001000
0000000000000001
1110110000010000
0000000000001101
1110001100001000
0010000111000011
1110110000010000
0000000000001110
1110001100001000
0000101001110101
1110110000010000
0000000001011111
1110101010000111
0000000000000000
1111110010101000
1111110000010000
0000000000000011
1110001100001000
0000000000000010
1111110000100000
1111110000010000
0000000000000000
1111110111101000
1110110010100000
1110001100001000
0000000000000000
1111110010101000
1111110000010000
0000000000000011
1111110000100000
1110001100001000
0000000000000010
1111110111100000
1111110000010000
0000000000000000
1111110111101000
1110110010100000
1110001100001000
0000000000000000
1111110010101000
1111110000010000
0000000000000011
1111110111100000
1110001100001000
0000000000000010
1111110111100000
1110110111100000
1111110000010000
0000000000000000
1111110111101000
1110110010100000
1110001100001000
0000000000000000
1111110010101000
1111110000010000
0000000000000011
1111110111100000
1110110111100000
1110001100001000
0000000000000010
1111110000010000
0000000000000011
1110000010100000
1111110000010000
0000000000000000
1111110111101000
1110110010100000
1110001100001000
0000000000000000
1111110010101000
1111110000010000
0000000000000011
1111110111100000
1110110111100000
1110110111100000
1110001100001000
0000000000000010
1110110000010000
0000000000000000
1111110111101000
1110110010100000
1110001100001000
0000000000000000
1111110010101000
1111110000010000
0000000000000011
1111110111100000
1110110111100000
1110110111100000
1110110111100000
1110001100001000
0000000000000011
1111110000010000
0000000000000000
1111110111101000
1110110010100000
1110001100001000
0000000000000001
1110110000010000
0000000000001101
1110001100001000
0000101100001011
1110110000010000
0000000000001110
1110001100001000
0000101011010101
1110110000010000
0000000001011111
1110101010000111
0000000000000000
1111110010101000
1111110000010000
0000000000000101
1110001100001000
0000000000000011
1111110000010000
0000000000000000
1111110111101000
1110110010100000
1110001100001000
0000000000110110
1110101010000111
0000000000000010
1111110000100000
1111110000010000
0000000000000000
1111110111101000
1110110010100000
1110001100001000
0000000000000000
1111110010101000
1111110000010000
0000000000000011
1110001100001000
0000000000000011
1111110000010000
0000000000000000
1111110111101000
1110110010100000
1110001100001000
0000000000000001
1110110000010000
0000000000001101
1110001100001000
0010010010001101
1110110000010000
0000000000001110
1110001100001000
0000101100000000
1110110000010000
0000000001011111
1110101010000111
0000000000000000
1111110010101000
1111110000010000
0000000000000101
1110001100001000
0000000000000000
1111110111001000
1111110010100000
1110101010001000
0000000000110110
1110101010000111
0000000000000010
1111110000100000
1111110000010000
0000000000000000
1111110111101000
1110110010100000
1110001100001000
0000000000000000
1111110010101000
1111110000010000
0000000000000011
1110001100001000
0000000000000000
1111110111001000
1111110010100000
1110101010001000
0000000000000000
1111110010100000
1111110001001000
0000000000000001
1110110000010000
0000000000001101
1110001100001000
0101000110011001
1110110000010000
0000000000001110
1110001100001000
0000101100101010
1110110000010000
0000000001011111
1110101010000111
0000000000000000
1111110010101000
1111110000010000
0000000000000101
1110001100001000
0000000000000011
1111110000010000
0000000000000000
1111110111101000
1110110010100000
1110001100001000
0000000000000001
1110110000010000
0000000000001101
1110001100001000
0000101110001010
1110110000010000
0000000000001110
1110001100001000
0000101101000001
1110110000010000
0000000001011111
1110101010000111
0000000000000000
1111110010101000
1111110000010000
0000000000000101
1110001100001000
0000000000000000
1111110111001000
1111110010100000
1110101010001000
0000000000110110
1110101010000111
0000000000000010
1111110000100000
1111110000010000
0000000000000000
1111110111101000
1110110010100000
1110001100001000
0000000000000000
1111110010101000
1111110000010000
0000000000000011
1110001100001000
0000000000000000
1111110111001000
1111110010100000
1110101010001000
0000000000000001
1110110000010000
0000000000001101
1110001100001000
0101000110011001
1110110000010000
0000000000001110
1110001100001000
0000101101101000
1110110000010000
0000000001011111
1110101010000111
0000000000000000
1111110010101000
1111110000010000
0000000000000101
1110001100001000
0000000000000011
1111110000010000
0000000000000000
1111110111101000
1110110010100000
1110001100001000
0000000000000001
1110110000010000
0000000000001101
1110001100001000
0000101110001010
1110110000010000
0000000000001110
1110001100001000
0000101101111111
1110110000010000
0000000001011111
1110101010000111
0000000000000000
1111110010101000
1111110000010000
0000000000000101
1110001100001000
0000000000000000
1111110111001000
1111110010100000
1110101010001000
0000000000110110
1110101010000111
0000000000000010
1111110000100000
1111110000010000
0000000000000000
1111110111101000
1110110010100000
1110001100001000
0000000000000000
1111110010101000
1111110000010000
0000000000000011
1110001100001000
0000000000000011
1111110000100000
1111110000010000
0000000000000000
1111110111101000
1110110010100000
1110001100001000
0000000000000011
1111110111100000
1111110000010000
0000000000000000
1111110111101000
1110110010100000
1110001100001000
0000000000000011
1111110000100000
1111110000010000
0000000000000000
1111110111101000
1110110010100000
1110001100001000
0000000000000011
1111110111100000
1110110111100000
1111110000010000
0000000000000000
1111110111101000
1110110010100000
1110001100001000
0000000000000000
1111110010101000
1111110000010000
1110110010100000
1111000010001000
0000000000000011
1111110111100000
1111110000010000
0000000000000000
1111110111101000
1110110010100000
1110001100001000
0000000000000011
1111110000010000
0000000000000011
1110000010100000
1111110000010000
0000000000000000
1111110111101000
1110110010100000
1110001100001000
0000000000000000
1111110010101000
1111110000010000
1110110010100000
1111000010001000
0000000000000100
1110110000010000
0000000000001101
1110001100001000
0101011101010010
1110110000010000
0000000000001110
1110001100001000
0000101111011001
1110110000010000
0000000001011111
1110101010000111
0000000000000000
1111110010101000
1111110000010000
0000000000000101
1110001100001000
0000000000000000
1111110111001000
1111110010100000
1110101010001000
0000000000110110
1110101010000111
0000000000000010
1111110000100000
1111110000010000
0000000000000000
1111110111101000
1110110010100000
1110001100001000
0000000000000000
1111110010101000
1111110000010000
0000000000000011
1110001100001000
0000000000000010
1111110111100000
1111110000010000
0000000000000000
1111110111101000
1110110010100000
1110001100001000
0000000000000000
1111110010101000
1111110000010000
0000000000000011
1111110111100000
1110110111100000
1110110111100000
1110110111100000
1110001100001000
0000000000000000
1111110111001000
1111110010100000
1110101010001000
0000000000110110
1110101010000111
0000000000000010
1111110000100000
1111110000010000
0000000000000000
1111110111101000
1110110010100000
1110001100001000
0000000000000000
1111110010101000
1111110000010000
0000000000000011
1110001100001000
0000000000000011
1111110000100000
1111110000010000
0000000000000000
1111110111101000
1110110010100000
1110001100001000
0000000000110110
1110101010000111
0000000000000010
1111110000100000
1111110000010000
0000000000000000
1111110111101000
1110110010100000
1110001100001000
0000000000000000
1111110010101000
1111110000010000
0000000000000011
1110001100001000
0000000000000011
1111110000100000
1111110000010000
0000000000000000
1111110111101000
1110110010100000
1110001100001000
0000000000000011
1111110111100000
1110110111100000
1111110000010000
0000000000000000
1111110111101000
1110110010100000
1110001100001000
0000000000000000
1111110010101000
1111110000010000
1110110010100000
1111000010001000
0000000000110110
1110101010000111
0000000000000010
1111110000100000
1111110000010000
0000000000000000
1111110111101000
1110110010100000
1110001100001000
0000000000000000
1111110010101000
1111110000010000
0000000000000011
1110001100001000
0000000000000011
1111110000010000
0000000000000000
1111110111101000
1110110010100000
1110001100001000
0000000000000001
1110110000010000
0000000000001101
1110001100001000
0000101101001100
1110110000010000
0000000000001110
1110001100001000
0000110001011011
1110110000010000
0000000001011111
1110101010000111
0000000000000000
1111110010101000
1111110000010000
0000000000000101
1110001100001000
0000000000000010
1111110111100000
1111110000010000
0000000000000000
1111110111101000
1110110010100000
1110001100001000
0000000000000000
1111110010101000
1111110000010000
0000000000000011
1111110111100000
1110110111100000
1110001100001000
0000000000000011
1111110000010000
0000000000000000
1111110111101000
1110110010100000
1110001100001000
0000000000000001
1110110000010000
0000000000001101
1110001100001000
0000101100001011
1110110000010000
0000000000001110
1110001100001000
0000110010000000
1110110000010000
0000000001011111
1110101010000111
0000000000000000
1111110010101000
1111110000010000
0000000000000101
1110001100001000
0000000000000000
1111110111001000
1111110010100000
1110101010001000
0000000000110110
1110101010000111
0000000000000010
1111110000100000
1111110000010000
0000000000000000
1111110111101000
1110110010100000
1110001100001000
0000000000000000
1111110010101000
1111110000010000
0000000000000011
1110001100001000
0000000000000011
1111110000010000
0000000000000100
1110000010100000
1111110000010000
0000000000000000
1111110111101000
1110110010100000
1110001100001000
0000000000000000
1111110111001000
1111110010100000
1110111111001000
0000110010101000
1110110000010000
0000000000000110
1110101010000111
0000000000000000
1111110010101000
1111110000010000
0000110010101111
1110001100000101
0000110111000101
1110101010000111
0000000000000011
1111110000100000
1111110000010000
0000000000000000
1111110111101000
1110110010100000
1110001100001000
0000000000000100
1110110000010000
0000000000000000
1111110111101000
1110110010100000
1110001100001000
0000000000000000
1111110010101000
1111110000010000
1110110010100000
1111000111001000
0000000000000000
1111110010101000
1111110000010000
0000000000000011
1111110000100000
1110001100001000
0000000000000011
1111110000100000
1111110000010000
0000000000000000
1111110111101000
1110110010100000
1110001100001000
0000000000000000
1111110111001000
1111110010100000
1110101010001000
0000110011010110
1110110000010000
0000000000100110
1110101010000111
0000000000000000
1111110010101000
1111110000010000
0000110011011101
1110001100000101
0000110011100111
1110101010000111
0000000000000000
1111110111001000
1111110010100000
1110101010001000
0000000000000000
1111110010101000
1111110000010000
0000000000000011
1111110000100000
1110001100001000
0000000000000000
1111110111001000
1111110010100000
1110101010001000
0000000000000001
1110110000010000
0000000000001101
1110001100001000
0101000110011001
1110110000010000
0000000000001110
1110001100001000
0000110011110111
1110110000010000
0000000001011111
1110101010000111
0000000000000000
1111110010101000
1111110000010000
0000000000000101
1110001100001000
0000000000000011
1111110000100000
1111110000010000
0000000000000000
1111110111101000
1110110010100000
1110001100001000
0000000000000011
1111110111100000
1110110111100000
1111110000010000
0000000000000000
1111110111101000
1110110010100000
1110001100001000
0000000000000000
1111110010101000
1111110000010000
1110110010100000
1111000010001000
0000000000000000
1111110111001000
1111110010100000
1110111111001000
0000000000000000
1111110010101000
1111110000010000
1110110010100000
1111000010001000
0000000000000011
1111110111100000
1111110000010000
0000000000000000
1111110111101000
1110110010100000
1110001100001000
0000000000000011
1111110000100000
1111110000010000
0000000000000000
1111110111101000
1110110010100000
1110001100001000
0000000000000011
1111110111100000
1110110111100000
1111110000010000
0000000000000000
1111110111101000
1110110010100000
1110001100001000
0000000000000000
1111110010101000
1111110000010000
1110110010100000
1111000010001000
0000000000000100
1110110000010000
0000000000000000
1111110111101000
1110110010100000
1110001100001000
0000000000000000
1111110010101000
1111110000010000
1110110010100000
1111000010001000
0000000000000011
1111110111100000
1111110000010000
0000000000000000
1111110111101000
1110110010100000
1110001100001000
0000000000000011
1111110000010000
0000000000000011
1110000010100000
1111110000010000
0000000000000000
1111110111101000
1110110010100000
1110001100001000
0000000000000000
1111110010101000
1111110000010000
1110110010100000
1111000010001000
0000000000000100
1110110000010000
0000000000001101
1110001100001000
0101011101010010
1110110000010000
0000000000001110
1110001100001000
0000110101100000
1110110000010000
0000000001011111
1110101010000111
0000000000000000
1111110010101000
1111110000010000
0000000000000101
1110001100001000
0000000000000000
1111110111001000
1111110010100000
1110101010001000
0000000000000000
1111110010100000
1111110001001000
0000000000000001
1110110000010000
0000000000001101
1110001100001000
0101000110011001
1110110000010000
0000000000001110
1110001100001000
0000110101111000
1110110000010000
0000000001011111
1110101010000111
0000000000000000
1111110010101000
1111110000010000
0000000000000101
1110001100001000
0000000000000011
1111110000100000
1111110000010000
0000000000000000
1111110111101000
1110110010100000
1110001100001000
0000000000000011
1111110111100000
1111110000010000
0000000000000000
1111110111101000
1110110010100000
1110001100001000
0000000000000011
1111110000100000
1111110000010000
0000000000000000
1111110111101000
1110110010100000
1110001100001000
0000000000000011
1110110000010000
0000000000000000
1111110111101000
1110110010100000
1110001100001000
0000000000000000
1111110010101000
1111110000010000
1110110010100000
1111000010001000
0000000000000011
1111110111100000
1111110000010000
0000000000000000
1111110111101000
1110110010100000
1110001100001000
0000000000000011
1111110000010000
0000000000000011
1110000010100000
1111110000010000
0000000000000000
1111110111101000
1110110010100000
1110001100001000
0000000000000000
1111110010101000
1111110000010000
1110110010100000
1111000010001000
0000000000000100
1110110000010000
0000000000001101
1110001100001000
0101011101010010
1110110000010000
0000000000001110
1110001100001000
0000110110111110
1110110000010000
0000000001011111
1110101010000111
0000000000000000
1111110010101000
1111110000010000
0000000000000101
1110001100001000
0000111011110111
1110101010000111
0000000000000011
1111110000100000
1111110000010000
0000000000000000
1111110111101000
1110110010100000
1110001100001000
0000000000000100
1110110000010000
0000000000000000
1111110111101000
1110110010100000
1110001100001000
0000000000000000
1111110010101000
1111110000010000
1110110010100000
1111000010001000
0000000000000000
1111110010101000
1111110000010000
0000000000000011
1111110000100000
1110001100001000
0000000000000011
1111110000100000
1111110000010000
0000000000000000
1111110111101000
1110110010100000
1110001100001000
0000000000000011
1111110111100000
1110110111100000
1111110000010000
0000000000000000
1111110111101000
1110110010100000
1110001100001000
0000000000000000
1111110010101000
1111110000010000
1110110010100000
1111000010001000
0000000111111111
1110110000010000
0000000000000000
1111110111101000
1110110010100000
1110001100001000
0000110111111011
1110110000010000
0000000000010110
1110101010000111
0000000000000000
1111110010101000
1111110000010000
0000111000000010
1110001100000101
0000111000011011
1110101010000111
0000000111111111
1110110000010000
0000000000000000
1111110111101000
1110110010100000
1110001100001000
0000000000000011
1111110111100000
1110110111100000
1111110000010000
0000000000000000
1111110111101000
1110110010100000
1110001100001000
0000000000000000
1111110010101000
1111110000010000
1110110010100000
1111000111001000
0000000000000000
1111110010101000
1111110000010000
0000000000000011
1111110000100000
1110001100001000
0000000000000000
1111110111001000
1111110010100000
1110101010001000
0000000000000001
1110110000010000
0000000000001101
1110001100001000
0101000110011001
1110110000010000
0000000000001110
1110001100001000
0000111000101011
1110110000010000
0000000001011111
1110101010000111
0000000000000000
1111110010101000
1111110000010000
0000000000000101
1110001100001000
0000000000000011
1111110000100000
1111110000010000
0000000000000000
1111110111101000
1110110010100000
1110001100001000
0000000000000100
1110110000010000
0000000000000000
1111110111101000
1110110010100000
1110001100001000
0000000000000000
1111110010101000
1111110000010000
1110110010100000
1111000111001000
0000000000000011
1111110111100000
1111110000010000
0000000000000000
1111110111101000
1110110010100000
1110001100001000
0000000000000011
1111110000100000
1111110000010000
0000000000000000
1111110111101000
1110110010100000
1110001100001000
0000000000000000
1111110111001000
1111110010100000
1110111111001000
0000000000000000
1111110010101000
1111110000010000
1110110010100000
1111000111001000
0000000000000011
1111110111100000
1111110000010000
0000000000000000
1111110111101000
1110110010100000
1110001100001000
0000000000000011
1111110000010000
0000000000000011
1110000010100000
1111110000010000
0000000000000000
1111110111101000
1110110010100000
1110001100001000
0000000000000000
1111110010101000
1111110000010000
1110110010100000
1111000010001000
0000000000000100
1110110000010000
0000000000001101
1110001100001000
0101011101010010
1110110000010000
0000000000001110
1110001100001000
0000111001111010
1110110000010000
0000000001011111
1110101010000111
0000000000000000
1111110010101000
1111110000010000
0000000000000101
1110001100001000
0000000000000000
1111110111001000
1111110010100000
1110101010001000
0000000000000000
1111110010100000
1111110001001000
0000000000000001
1110110000010000
0000000000001101
1110001100001000
0101000110011001
1110110000010000
0000000000001110
1110001100001000
0000111010010010
1110110000010000
0000000001011111
1110101010000111
0000000000000000
1111110010101000
1111110000010000
0000000000000101
1110001100001000
0000000000000011
1111110000100000
1111110000010000
0000000000000000
1111110111101000
1110110010100000
1110001100001000
0000000000000011
1111110111100000
1110110111100000
1111110000010000
0000000000000000
1111110111101000
1110110010100000
1110001100001000
0000000000000000
1111110010101000
1111110000010000
1110110010100000
1111000010001000
0000000000000011
1110110000010000
0000000000000000
1111110111101000
1110110010100000
1110001100001000
0000000000000000
1111110010101000
1111110000010000
1110110010100000
1111000111001000
0000000000000011
1111110111100000
1111110000010000
0000000000000000
1111110111101000
1110110010100000
1110001100001000
0000000000000011
1111110000100000
1111110000010000
0000000000000000
1111110111101000
1110110010100000
1110001100001000
0000000000000011
1111110111100000
1110110111100000
1111110000010000
0000000000000000
1111110111101000
1110110010100000
1110001100001000
0000000000000000
1111110010101000
1111110000010000
1110110010100000
1111000010001000
0000000000000011
1111110111100000
1111110000010000
0000000000000000
1111110111101000
1110110010100000
1110001100001000
0000000000000011
1111110000010000
0000000000000011
1110000010100000
1111110000010000
0000000000000000
1111110111101000
1110110010100000
1110001100001000
0000000000000000
1111110010101000
1111110000010000
1110110010100000
1111000010001000
0000000000000100
1110110000010000
0000000000001101
1110001100001000
0101011101010010
1110110000010000
0000000000001110
1110001100001000
0000111011110010
1110110000010000
0000000001011111
1110101010000111
0000000000000000
1111110010101000
1111110000010000
0000000000000101
1110001100001000
0000000000000000
1111110111001000
1111110010100000
1110101010001000
0000000000110110
1110101010000111
0000000000000000
1111110111101000
1110110010100000
1110101010001000
0000000000000000
1110110000010000
0000000000001101
1110001100001000
0001000110011100
1110110000010000
0000000000001110
1110001100001000
0000111100001101
1110110000010000
0000000001011111
1110101010000111
0000000000000000
1111110010101000
1111110000010000
0000000000000101
1110001100001000
0000000000000000
1110110000010000
0000000000001101
1110001100001000
0001000110110011
1110110000010000
0000000000001110
1110001100001000
0000111100011110
1110110000010000
0000000001011111
1110101010000111
0000000000000000
1111110010101000
1111110000010000
0000000000000001
1111110000100000
1110001100001000
0000000000000001
1111110000100000
1111110000010000
0000000000000000
1111110111101000
1110110010100000
1110001100001000
0000000000000001
1110110000010000
0000000000001101
1110001100001000
0001000110111011
1110110000010000
0000000000001110
1110001100001000
0000111100110111
1110110000010000
0000000001011111
1110101010000111
0000000000000000
1111110010101000
1111110000010000
0000000000000101
1110001100001000
0000000000000001
1111110000100000
1111110000010000
0000000000000000
1111110111101000
1110110010100000
1110001100001000
0000000000000001
1110110000010000
0000000000001101
1110001100001000
0001000101000011
1110110000010000
0000000000001110
1110001100001000
0000111101001111
1110110000010000
0000000001011111
1110101010000111
0000000000000000
1111110010101000
1111110000010000
0000000000000101
1110001100001000
0000000000000000
1111110111001000
1111110010100000
1110101010001000
0000000000110110
1110101010000111
0000000000000111
1110110000010000
0000000000000000
1111110111101000
1110110010100000
1110001100001000
0000000000000001
1110110000010000
0000000000001101
1110001100001000
0010000111000011
1110110000010000
0000000000001110
1110001100001000
0000111101101100
1110110000010000
0000000001011111
1110101010000111
0000000000000000
1111110010101000
1111110000010000
0000000000000011
1110001100001000
0000000000000000
1110110000010000
0000000000001101
1110001100001000
0101000001110110
1110110000010000
0000000000001110
1110001100001000
0000111101111101
1110110000010000
0000000001011111
1110101010000111
0000000000000000
1111110010101000
1111110000010000
0000000000000101
1110001100001000
0000000000110010
1110110000010000
0000000000000000
1111110111101000
1110110010100000
1110001100001000
0000000000000000
1111110010101000
1111110000010000
0000000000000011
1111110111100000
1110110111100000
1110110111100000
1110110111100000
1110110111100000
1110110111100000
1110001100001000
0000000011100110
1110110000010000
0000000000000000
1111110111101000
1110110010100000
1110001100001000
0000000011100101
1110110000010000
0000000000000000
1111110111101000
1110110010100000
1110001100001000
0000000000000011
1111110000010000
0000000000000110
1110000010100000
1111110000010000
0000000000000000
1111110111101000
1110110010100000
1110001100001000
0000000000000111
1110110000010000
0000000000000000
1111110111101000
1110110010100000
1110001100001000
0000000000000100
1110110000010000
0000000000001101
1110001100001000
0000101001100011
1110110000010000
0000000000001110
1110001100001000
0000111110111010
1110110000010000
0000000001011111
1110101010000111
0000000000000000
1111110010101000
1111110000010000
0000000000000011
1111110000100000
1110001100001000
0000000011111101
1110110000010000
0000000000000000
1111110111101000
1110110010100000
1110001100001000
0000000011011110
1110110000010000
0000000000000000
1111110111101000
1110110010100000
1110001100001000
0000000000000000
1111110111001000
1111110010100000
1110101010001000
0000000111111111
1110110000010000
0000000000000000
1111110111101000
1110110010100000
1110001100001000
0000000000000000
1111110111001000
1111110010100000
1110101010001000
0000000011100101
1110110000010000
0000000000000000
1111110111101000
1110110010100000
1110001100001000
0000000000000110
1110110000010000
0000000000001101
1110001100001000
0000000010010001
1110110000010000
0000000000001110
1110001100001000
0000111111101100
1110110000010000
0000000001011111
1110101010000111
0000000000000000
1111110010101000
1111110000010000
0000000000000011
1111110111100000
1110001100001000
0000000000000011
1111110111100000
1111110000010000
0000000000000000
1111110111101000
1110110010100000
1110001100001000
0000000110010000
1110110000010000
0000000000000000
1111110111101000
1110110010100000
1110001100001000
0000000000000000
1111110111001000
1111110010100000
1110101010001000
0000000000000011
1110110000010000
0000000000001101
1110001100001000
0000001010001100
1110110000010000
0000000000001110
1110001100001000
0001000000001111
1110110000010000
0000000001011111
1110101010000111
0000000000000000
1111110010101000
1111110000010000
0000000000000101
1110001100001000
0000000000000000
1111110111001000
1111110010100000
1110101010001000
0000000011101110
1110110000010000
0000000000000000
1111110111101000
1110110010100000
1110001100001000
0000000111111111
1110110000010000
0000000000000000
1111110111101000
1110110010100000
1110001100001000
0000000011110000
1110110000010000
0000000000000000
1111110111101000
1110110010100000
1110001100001000
0000000000000100
1110110000010000
0000000000001101
1110001100001000
0101011101010010
1110110000010000
0000000000001110
1110001100001000
0001000000110110
1110110000010000
0000000001011111
1110101010000111
0000000000000000
1111110010101000
1111110000010000
0000000000000101
1110001100001000
0000000000010110
1110110000010000
0000000000000000
1111110111101000
1110110010100000
1110001100001000
0000000000000000
1111110111001000
1111110010100000
1110101010001000
0000000000000010
1110110000010000
0000000000001101
1110001100001000
0100101110010110
1110110000010000
0000000000001110
1110001100001000
0001000001010001
1110110000010000
0000000001011111
1110101010000111
0000000000000000
1111110010101000
1111110000010000
0000000000000101
1110001100001000
0000000000001000
1110110000010000
0000000000000000
1111110111101000
1110110010100000
1110001100001000
0000000000000001
1110110000010000
0000000000001101
1110001100001000
0110001000010001
1110110000010000
0000000000001110
1110001100001000
0001000001101000
1110110000010000
0000000001011111
1110101010000111
0000000001010011
1110110000010000
0000000000000000
1111110111101000
1110110010100000
1110001100001000
0000000000000010
1110110000010000
0000000000001101
1110001100001000
0110010000111011
1110110000010000
0000000000001110
1110001100001000
0001000001111010
1110110000010000
0000000001011111
1110101010000111
0000000001100011
1110110000010000
0000000000000000
1111110111101000
1110110010100000
1110001100001000
0000000000000010
1110110000010000
0000000000001101
1110001100001000
0110010000111011
1110110000010000
0000000000001110
1110001100001000
0001000010001100
1110110000010000
0000000001011111
1110101010000111
0000000001101111
1110110000010000
0000000000000000
1111110111101000
1110110010100000
1110001100001000
0000000000000010
1110110000010000
0000000000001101
1110001100001000
0110010000111011
1110110000010000
0000000000001110
1110001100001000
0001000010011110
1110110000010000
0000000001011111
1110101010000111
0000000001110010
1110110000010000
0000000000000000
1111110111101000
1110110010100000
1110001100001000
0000000000000010
1110110000010000
0000000000001101
1110001100001000
0110010000111011
1110110000010000
0000000000001110
1110001100001000
0001000010110000
1110110000010000
0000000001011111
1110101010000111
0000000001100101
1110110000010000
0000000000000000
1111110111101000
1110110010100000
1110001100001000
0000000000000010
1110110000010000
0000000000001101
1110001100001000
0110010000111011
1110110000010000
0000000000001110
1110001100001000
0001000011000010
1110110000010000
0000000001011111
1110101010000111
0000000000111010
1110110000010000
0000000000000000
1111110111101000
1110110010100000
1110001100001000
0000000000000010
1110110000010000
0000000000001101
1110001100001000
0110010000111011
1110110000010000
0000000000001110
1110001100001000
0001000011010100
1110110000010000
0000000001011111
1110101010000111
0000000000100000
1110110000010000
0000000000000000
1111110111101000
1110110010100000
1110001100001000
0000000000000010
1110110000010000
0000000000001101
1110001100001000
0110010000111011
1110110000010000
0000000000001110
1110001100001000
0001000011100110
1110110000010000
0000000001011111
1110101010000111
0000000000110000
1110110000010000
0000000000000000
1111110111101000
1110110010100000
1110001100001000
0000000000000010
1110110000010000
0000000000001101
1110001100001000
0110010000111011
1110110000010000
0000000000001110
1110001100001000
0001000011111000
1110110000010000
0000000001011111
1110101010000111
0000000000000001
1110110000010000
0000000000001101
1110001100001000
0100110110001010
1110110000010000
0000000000001110
1110001100001000
0001000100000100
1110110000010000
0000000001011111
1110101010000111
0000000000000000
1111110010101000
1111110000010000
0000000000000101
1110001100001000
0000000000000000
1111110111001000
1111110010100000
1110101010001000
0000000000000000
1111110010101000
1111110000010000
0000000000000011
1111110111100000
1110110111100000
1110110111100000
1110001100001000
0000000000000000
1111110111001000
1111110010100000
1110101010001000
0000000000000000
1111110010101000
1111110000010000
0000000000000011
1111110111100000
1110110111100000
1110110111100000
1110110111100000
1110001100001000
0000000000000000
1111110111001000
1111110010100000
1110101010001000
0000000000000000
1111110010101000
1111110000010000
0000000000000011
1111110111100000
1110110111100000
1110001100001000
0000000000000000
1111110111001000
1111110010100000
1110101010001000
0000000000000000
1111110010101000
1111110000010000
0000000000000011
1111110111100000
1110110111100000
1110110111100000
1110110111100000
1110110111100000
1110001100001000
0000000000000011
1111110000010000
0000000000000000
1111110111101000
1110110010100000
1110001100001000
0000000000110110
1110101010000111
0000000000000010
1111110000100000
1111110000010000
0000000000000000
1111110111101000
1110110010100000
1110001100001000
0000000000000000
1111110010101000
1111110000010000
0000000000000011
1110001100001000
0000000000000011
1111110000100000
1111110000010000
0000000000000000
1111110111101000
1110110010100000
1110001100001000
0000000000000001
1110110000010000
0000000000001101
1110001100001000
0000101011100010
1110110000010000
0000000000001110
1110001100001000
0001000101100010
1110110000010000
0000000001011111
1110101010000111
0000000000000000
1111110010101000
1111110000010000
0000000000000101
1110001100001000
0000000000000011
1111110111100000
1111110000010000
0000000000000000
1111110111101000
1110110010100000
1110001100001000
0000000000000001
1110110000010000
0000000000001101
1110001100001000
0000000101011010
1110110000010000
0000000000001110
1110001100001000
0001000101111010
1110110000010000
0000000001011111
1110101010000111
0000000000000000
1111110010101000
1111110000010000
0000000000000101
1110001100001000
0000000000000011
1111110000010000
0000000000000000
1111110111101000
1110110010100000
1110001100001000
0000000000000001
1110110000010000
0000000000001101
1110001100001000
0010010010001101
1110110000010000
0000000000001110
1110001100001000
0001000110010001
1110110000010000
0000000001011111
1110101010000111
0000000000000000
1111110010101000
1111110000010000
0000000000000101
1110001100001000
0000000000000000
1111110111001000
1111110010100000
1110101010001000
0000000000110110
1110101010000111
0000000000000000
1110110000010000
0000000000001101
1110001100001000
0000111101011010
1110110000010000
0000000000001110
1110001100001000
0001000110101000
1110110000010000
0000000001011111
1110101010000111
0000000000000000
1111110010101000
1111110000010000
0000000000010000
1110001100001000
0000000000000000
1111110111001000
1111110010100000
1110101010001000
0000000000110110
1110101010000111
0000000000010000
1111110000010000
0000000000000000
1111110111101000
1110110010100000
1110001100001000
0000000000110110
1110101010000111
0000000000000000
1111110111101000
1110110010100000
1110101010001000
0000000000000010
1111110000100000
1111110000010000
0000000000000000
1111110111101000
1110110010100000
1110001100001000
0000000000000000
1111110010101000
1111110000010000
0000000000000011
1110001100001000
0000000000000011
1111110000010000
0000000000000011
1110000010100000
1111110000010000
0000000000000000
1111110111101000
1110110010100000
1110001100001000
0000000000000000
1111110010100000
1111110001001000
0000000000000000
1111110010100000
1111110001001000
0000000000000000
1111110010101000
1111110000010000
0001001101001111
1110001100000101
0000000000000001
1111110000100000
1111110000010000
0000000000000000
1111110111101000
1110110010100000
1110001100001000
0000000000000000
1111110111001000
1111110010100000
1110101010001000
0001000111101110
1110110000010000
0000000000000110
1110101010000111
0000000000000011
1111110000010000
0000000000000011
1110000010100000
1111110000010000
0000000000000000
1111110111101000
1110110010100000
1110001100001000
0000000000000000
1111110010100000
1111110001001000
0000000000000000
1111110010101000
1111110000010000
1110110010100000
1111000000001000
0000000000000000
1111110010100000
1111110001001000
0000000000000000
1111110010101000
1111110000010000
0001001001001010
1110001100000101
0000000000000000
1110110000010000
0000000000001101
1110001100001000
0001011100100100
1110110000010000
0000000000001110
1110001100001000
0001001000010011
1110110000010000
0000000001011111
1110101010000111
0000000000000000
1111110010101000
1111110000010000
0000000000000001
1111110000100000
1110001100001000
0000000000000011
1111110000100000
1111110000010000
0000000000000000
1111110111101000
1110110010100000
1110001100001000
0000000000000001
1110110000010000
0000000000001101
1110001100001000
0000110010001011
1110110000010000
0000000000001110
1110001100001000
0001001000101100
1110110000010000
0000000001011111
1110101010000111
0000000000000000
1111110010101000
1111110000010000
0000000000000101
1110001100001000
0000000000000011
1111110000010000
0000000000000000
1111110111101000
1110110010100000
1110001100001000
0000000000000001
1110110000010000
0000000000001101
1110001100001000
0001010001000111
1110110000010000
0000000000001110
1110001100001000
0001001001000011
1110110000010000
0000000001011111
1110101010000111
0000000000000000
1111110010101000
1111110000010000
0000000000000101
1110001100001000
0001000111011111
1110101010000111
0000000000000001
1111110000100000
1111110000010000
0000000000000000
1111110111101000
1110110010100000
1110001100001000
0000000010000010
1110110000010000
0000000000000000
1111110111101000
1110110010100000
1110001100001000
0001001001011011
1110110000010000
0000000000000110
1110101010000111
0000000000000000
1111110010101000
1111110000010000
0001001001100010
1110001100000101
0001001010000000
1110101010000111
0000000000000011
1111110000100000
1111110000010000
0000000000000000
1111110111101000
1110110010100000
1110001100001000
0000000000000000
1111110111001000
1111110010100000
1110111111001000
0000000000000010
1110110000010000
0000000000001101
1110001100001000
0000101111100100
1110110000010000
0000000000001110
1110001100001000
0001001001111001
1110110000010000
0000000001011111
1110101010000111
0000000000000000
1111110010101000
1111110000010000
0000000000000101
1110001100001000
0001001011011111
1110101010000111
0000000000000001
1111110000100000
1111110000010000
0000000000000000
1111110111101000
1110110010100000
1110001100001000
0000000010000100
1110110000010000
0000000000000000
1111110111101000
1110110010100000
1110001100001000
0001001010010001
1110110000010000
0000000000000110
1110101010000111
0000000000000000
1111110010101000
1111110000010000
0001001010011000
1110001100000101
0001001010111000
1110101010000111
0000000000000011
1111110000100000
1111110000010000
0000000000000000
1111110111101000
1110110010100000
1110001100001000
0000000000000010
1110110000010000
0000000000000000
1111110111101000
1110110010100000
1110001100001000
0000000000000010
1110110000010000
0000000000001101
1110001100001000
0000101111100100
1110110000010000
0000000000001110
1110001100001000
0001001010110001
1110110000010000
0000000001011111
1110101010000111
0000000000000000
1111110010101000
1111110000010000
0000000000000101
1110001100001000
0001001011011111
1110101010000111
0000000000000001
1111110000100000
1111110000010000
0000000000000000
1111110111101000
1110110010100000
1110001100001000
0000000010001100
1110110000010000
0000000000000000
1111110111101000
1110110010100000
1110001100001000
0001001011001001
1110110000010000
0000000000000110
1110101010000111
0000000000000000
1111110010101000
1111110000010000
0001001011010000
1110001100000101
0001001011011111
1110101010000111
0000000000000000
1111110111001000
1111110010100000
1110101010001000
0000000000000000
1111110010100000
1111110001001000
0000000000000000
1111110010101000
1111110000010000
0000000000000011
1111110111100000
1110110111100000
1110110111100000
1110001100001000
0000000000000001
1111110000100000
1111110000010000
0000000000000000
1111110111101000
1110110010100000
1110001100001000
0000000000000000
1111110111001000
1111110010100000
1110101010001000
0001001011101110
1110110000010000
0000000000000110
1110101010000111
0000000000000000
1111110010100000
1111110001001000
0000000000000011
1111110000010000
0000000000000011
1110000010100000
1111110000010000
0000000000000000
1111110111101000
1110110010100000
1110001100001000
0000000000000000
1111110010100000
1111110001001000
0000000000000000
1111110010101000
1111110000010000
1110110010100000
1111000000001000
0000000000000000
1111110010100000
1111110001001000
0000000000000000
1111110010101000
1111110000010000
0001001101001101
1110001100000101
0000000000000000
1110110000010000
0000000000001101
1110001100001000
0001011100100100
1110110000010000
0000000000001110
1110001100001000
0001001100010110
1110110000010000
0000000001011111
1110101010000111
0000000000000000
1111110010101000
1111110000010000
0000000000000001
1111110000100000
1110001100001000
0000000000000011
1111110000100000
1111110000010000
0000000000000000
1111110111101000
1110110010100000
1110001100001000
0000000000000001
1110110000010000
0000000000001101
1110001100001000
0000110010001011
1110110000010000
0000000000001110
1110001100001000
0001001100101111
1110110000010000
0000000001011111
1110101010000111
0000000000000000
1111110010101000
1111110000010000
0000000000000101
1110001100001000
0000000000000011
1111110000010000
0000000000000000
1111110111101000
1110110010100000
1110001100001000
0000000000000001
1110110000010000
0000000000001101
1110001100001000
0001010001000111
1110110000010000
0000000000001110
1110001100001000
0001001101000110
1110110000010000
0000000001011111
1110101010000111
0000000000000000
1111110010101000
1111110000010000
0000000000000101
1110001100001000
0001001011011111
1110101010000111
0001000111001011
1110101010000111
0000000000000011
1111110000010000
0000000000000011
1110000010100000
1111110000010000
0000000000000000
1111110111101000
1110110010100000
1110001100001000
0000000000000000
1111110010101000
1111110000010000
0001001101011111
1110001100000101
0001010001000001
1110101010000111
0000000000001010
1110110000010000
0000000000000000
1111110111101000
1110110010100000
1110001100001000
0000000000011011
1110110000010000
0000000000000000
1111110111101000
1110110010100000
1110001100001000
0000000000000010
1110110000010000
0000000000001101
1110001100001000
0100101110010110
1110110000010000
0000000000001110
1110001100001000
0001001101110111
1110110000010000
0000000001011111
1110101010000111
0000000000000000
1111110010101000
1111110000010000
0000000000000101
1110001100001000
0000000000001001
1110110000010000
0000000000000000
1111110111101000
1110110010100000
1110001100001000
0000000000000001
1110110000010000
0000000000001101
1110001100001000
0110001000010001
1110110000010000
0000000000001110
1110001100001000
0001001110001110
1110110000010000
0000000001011111
1110101010000111
0000000001000111
1110110000010000
0000000000000000
1111110111101000
1110110010100000
1110001100001000
0000000000000010
1110110000010000
0000000000001101
1110001100001000
0110010000111011
1110110000010000
0000000000001110
1110001100001000
0001001110100000
1110110000010000
0000000001011111
1110101010000111
0000000001100001
1110110000010000
0000000000000000
1111110111101000
1110110010100000
1110001100001000
0000000000000010
1110110000010000
0000000000001101
1110001100001000
0110010000111011
1110110000010000
0000000000001110
1110001100001000
0001001110110010
1110110000010000
0000000001011111
1110101010000111
0000000001101101
1110110000010000
0000000000000000
1111110111101000
1110110010100000
1110001100001000
0000000000000010
1110110000010000
0000000000001101
1110001100001000
0110010000111011
1110110000010000
0000000000001110
1110001100001000
0001001111000100
1110110000010000
0000000001011111
1110101010000111
0000000001100101
1110110000010000
0000000000000000
1111110111101000
1110110010100000
1110001100001000
0000000000000010
1110110000010000
0000000000001101
1110001100001000
0110010000111011
1110110000010000
0000000000001110
1110001100001000
0001001111010110
1110110000010000
0000000001011111
1110101010000111
0000000000100000
1110110000010000
0000000000000000
1111110111101000
1110110010100000
1110001100001000
0000000000000010
1110110000010000
0000000000001101
1110001100001000
0110010000111011
1110110000010000
0000000000001110
1110001100001000
0001001111101000
1110110000010000
0000000001011111
1110101010000111
0000000001001111
1110110000010000
0000000000000000
1111110111101000
1110110010100000
1110001100001000
0000000000000010
1110110000010000
0000000000001101
1110001100001000
0110010000111011
1110110000010000
0000000000001110
1110001100001000
0001001111111010
1110110000010000
0000000001011111
1110101010000111
0000000001110110
1110110000010000
0000000000000000
1111110111101000
1110110010100000
1110001100001000
0000000000000010
1110110000010000
0000000000001101
1110001100001000
0110010000111011
1110110000010000
0000000000001110
1110001100001000
0001010000001100
1110110000010000
0000000001011111
1110101010000111
0000000001100101
1110110000010000
0000000000000000
1111110111101000
1110110010100000
1110001100001000
0000000000000010
1110110000010000
0000000000001101
1110001100001000
0110010000111011
1110110000010000
0000000000001110
1110001100001000
0001010000011110
1110110000010000
0000000001011111
1110101010000111
0000000001110010
1110110000010000
0000000000000000
1111110111101000
1110110010100000
1110001100001000
0000000000000010
1110110000010000
0000000000001101
1110001100001000
0110010000111011
1110110000010000
0000000000001110
1110001100001000
0001010000110000
1110110000010000
0000000001011111
1110101010000111
0000000000000001
1110110000010000
0000000000001101
1110001100001000
0100110110001010
1110110000010000
0000000000001110
1110001100001000
0001010000111100
1110110000010000
0000000001011111
1110101010000111
0000000000000000
1111110010101000
1111110000010000
0000000000000101
1110001100001000
0000000000000000
1111110111001000
1111110010100000
1110101010001000
0000000000110110
1110101010000111
0000000000000101
1110110000010000
1110001110010000
0000000000000000
1111110111101000
1110110010100000
1110101010001000
0001010001001001
1110001100000001
0000000000000010
1111110000100000
1111110000010000
0000000000000000
1111110111101000
1110110010100000
1110001100001000
0000000000000000
1111110010101000
1111110000010000
0000000000000011
1110001100001000
0000000000000011
1111110111100000
1111110000010000
0000000000000000
1111110111101000
1110110010100000
1110001100001000
0000000000000001
1110110000010000
0000000000001101
1110001100001000
0000010001100110
1110110000010000
0000000000001110
1110001100001000
0001010001101111
1110110000010000
0000000001011111
1110101010000111
0000000000000000
1111110010101000
1111110000010000
0000000000000011
1111110111100000
1110110111100000
1110001100001000
0000000000000011
1111110111100000
1110110111100000
1111110000010000
0000000000000000
1111110111101000
1110110010100000
1110001100001000
0000000000000000
1111110111001000
1111110010100000
1110101010001000
0001010010000110
1110110000010000
0000000000010110
1110101010000111
0000000000000011
1111110111100000
1110110111100000
1111110000010000
0000000000000000
1111110111101000
1110110010100000
1110001100001000
0000000000000011
1111110000010000
0000000000000101
1110000010100000
1111110000010000
0000000000000000
1111110111101000
1110110010100000
1110001100001000
0001010010011011
1110110000010000
0000000000000110
1110101010000111
0000000000000000
1111110010100000
1111110001001000
0000000000000000
1111110010101000
1111110000010000
1110110010100000
1111000000001000
0000000000000000
1111110010101000
1111110000010000
0001010010101010
1110001100000101
0001011010101010
1110101010000111
0000000000000011
1111110111100000
1110110111100000
1111110000010000
0000000000000000
1111110111101000
1110110010100000
1110001100001000
0000000000000000
1111110010101000
1111110000010000
0000000000000011
1111110111100000
1110110111100000
1110110111100000
1110110111100000
1110110111100000
1110001100001000
0000000000000000
1111110111001000
1111110010100000
1110101010001000
0000000000000000
1111110010101000
1111110000010000
0000000000000001
1111110000100000
1110001100001000
0000000000000011
1111110000100000
1111110000010000
0000000000000000
1111110111101000
1110110010100000
1110001100001000
0000000000000001
1110110000010000
0000000000001101
1110001100001000
0000110000000110
1110110000010000
0000000000001110
1110001100001000
0001010011011001
1110110000010000
0000000001011111
1110101010000111
0000000000000000
1111110010101000
1111110000010000
0000000000000001
1111110111100000
1110001100001000
0000000000000011
1111110000100000
1111110000010000
0000000000000000
1111110111101000
1110110010100000
1110001100001000
0000000000000001
1110110000010000
0000000000001101
1110001100001000
0000110000011011
1110110000010000
0000000000001110
1110001100001000
0001010011110010
1110110000010000
0000000001011111
1110101010000111
0000000000000000
1111110010101000
1111110000010000
0000000000000001
1111110111100000
1110110111100000
1110001100001000
0000000000000011
1111110111100000
1111110000010000
0000000000000000
1111110111101000
1110110010100000
1110001100001000
0000000000000001
1110110000010000
0000000000001101
1110001100001000
0000001001010111
1110110000010000
0000000000001110
1110001100001000
0001010100001100
1110110000010000
0000000001011111
1110101010000111
0000000000000000
1111110010101000
1111110000010000
0000000000000001
1111110111100000
1110110111100000
1110110111100000
1110001100001000
0000000000000011
1111110111100000
1111110000010000
0000000000000000
1111110111101000
1110110010100000
1110001100001000
0000000000000001
1110110000010000
0000000000001101
1110001100001000
0000001001101100
1110110000010000
0000000000001110
1110001100001000
0001010100100111
1110110000010000
0000000001011111
1110101010000111
0000000000000000
1111110010101000
1111110000010000
0000000000000001
1111110111100000
1110110111100000
1110110111100000
1110110111100000
1110001100001000
0000000000000011
1111110111100000
1110110111100000
1111110000010000
0000000000000000
1111110111101000
1110110010100000
1110001100001000
0000000000000100
1110110000010000
0000000000000000
1111110111101000
1110110010100000
1110001100001000
0001010101000010
1110110000010000
0000000000000110
1110101010000111
0000000000000000
1111110010101000
1111110000010000
0001010101001001
1110001100000101
0001011010001011
1110101010000111
0000000000000001
1111110111100000
1111110000010000
0000000000000000
1111110111101000
1110110010100000
1110001100001000
0000000000000001
1111110000010000
0000000000000100
1110000010100000
1111110000010000
0000000000000000
1111110111101000
1110110010100000
1110001100001000
0001010101011101
1110110000010000
0000000000010110
1110101010000111
0000000000000001
1111110111100000
1110110111100000
1111110000010000
0000000000000000
1111110111101000
1110110010100000
1110001100001000
0000000000000001
1111110000010000
0000000000000011
1110000010100000
1111110000010000
0000000000000000
1111110111101000
1110110010100000
1110001100001000
0001010101110010
1110110000010000
0000000000100110
1110101010000111
0000000000000000
1111110010101000
1111110000010000
1110110010100000
1111010101001000
0000000000000000
1111110010101000
1111110000010000
0000000000000011
1111110111100000
1110110111100000
1110110111100000
1110001100001000
0000000000000011
1111110000010000
0000000000000011
1110000010100000
1111110000010000
0000000000000000
1111110111101000
1110110010100000
1110001100001000
0000000000000000
1111110010100000
1111110001001000
0000000000000000
1111110010101000
1111110000010000
0001010110010010
1110001100000101
0001011010001011
1110101010000111
0000000000000001
1111110000010000
0000000000000100
1110000010100000
1111110000010000
0000000000000000
1111110111101000
1110110010100000
1110001100001000
0000000000000001
1111110111100000
1111110000010000
0000000000000000
1111110111101000
1110110010100000
1110001100001000
0000000000001010
1110110000010000
0000000000000000
1111110111101000
1110110010100000
1110001100001000
0000000000000000
1111110010101000
1111110000010000
1110110010100000
1111000010001000
0001010110110001
1110110000010000
0000000000100110
1110101010000111
0000000000000000
1111110010101000
1111110000010000
0001010110111000
1110001100000101
0001010111001000
1110101010000111
0000000000000000
1111110111001000
1111110010100000
1110111111001000
0000000000000000
1111110010100000
1111110001010000
1110011111001000
0000000000000000
1111110010101000
1111110000010000
0000000000000001
1111110000100000
1110001100001000
0001010111111001
1110101010000111
0000000000000001
1111110000010000
0000000000000011
1110000010100000
1111110000010000
0000000000000000
1111110111101000
1110110010100000
1110001100001000
0000000000000001
1111110111100000
1110110111100000
1111110000010000
0000000000000000
1111110111101000
1110110010100000
1110001100001000
0000000000001010
1110110000010000
0000000000000000
1111110111101000
1110110010100000
1110001100001000
0000000000000000
1111110010101000
1111110000010000
1110110010100000
1111000111001000
0001010111101000
1110110000010000
0000000000010110
1110101010000111
0000000000000000
1111110010101000
1111110000010000
0001010111101111
1110001100000101
0001010111111001
1110101010000111
0000000000000000
1111110111001000
1111110010100000
1110111111001000
0000000000000000
1111110010101000
1111110000010000
0000000000000001
1111110000100000
1110001100001000
0000000000000011
1111110000010000
0000000000000110
1110000010100000
1111110000010000
0000000000000000
1111110111101000
1110110010100000
1110001100001000
0000000000000010
1110110000010000
0000000000000000
1111110111101000
1110110010100000
1110001100001000
0000000000000000
1111110010101000
1111110000010000
1110110010100000
1111000111001000
0000000000000000
1111110010101000
1111110000010000
0000000000000011
1111110111100000
1110110111100000
1110110111100000
1110110111100000
1110110111100000
1110110111100000
1110001100001000
0000000000000011
1111110000100000
1111110000010000
0000000000000000
1111110111101000
1110110010100000
1110001100001000
0000000000000011
1111110000010000
0000000000000110
1110000010100000
1111110000010000
0000000000000000
1111110111101000
1110110010100000
1110001100001000
0000000000000010
1110110000010000
0000000000001101
1110001100001000
0000110000111101
1110110000010000
0000000000001110
1110001100001000
0001011000110100
1110110000010000
0000000001011111
1110101010000111
0000000000000000
1111110010101000
1111110000010000
0000000000000101
1110001100001000
0000000000000011
1111110000010000
0000000000000100
1110000010100000
1111110000010000
0000000000000000
1111110111101000
1110110010100000
1110001100001000
0000000000000000
1111110111001000
1111110010100000
1110111111001000
0000000000000000
1111110010101000
1111110000010000
1110110010100000
1111000010001000
0000000000000000
1111110010101000
1111110000010000
0000000000000011
1111110111100000
1110110111100000
1110110111100000
1110110111100000
1110001100001000
0000000000010110
1110110000010000
0000000000000000
1111110111101000
1110110010100000
1110001100001000
0000000000000111
1110110000010000
0000000000000000
1111110111101000
1110110010100000
1110001100001000
0000000000000010
1110110000010000
0000000000001101
1110001100001000
0100101110010110
1110110000010000
0000000000001110
1110001100001000
0001011001101100
1110110000010000
0000000001011111
1110101010000111
0000000000000000
1111110010101000
1111110000010000
0000000000000101
1110001100001000
0000000000000011
1111110000010000
0000000000000100
1110000010100000
1111110000010000
0000000000000000
1111110111101000
1110110010100000
1110001100001000
0000000000000001
1110110000010000
0000000000001101
1110001100001000
0100111000001101
1110110000010000
0000000000001110
1110001100001000
0001011010000110
1110110000010000
0000000001011111
1110101010000111
0000000000000000
1111110010101000
1111110000010000
0000000000000101
1110001100001000
0000000000000011
1111110111100000
1111110000010000
0000000000000000
1111110111101000
1110110010100000
1110001100001000
0000000000000001
1111110000100000
1111110000010000
0000000000000000
1111110111101000
1110110010100000
1110001100001000
0000000000000010
1110110000010000
0000000000001101
1110001100001000
0000011100101011
1110110000010000
0000000000001110
1110001100001000
0001011010100101
1110110000010000
0000000001011111
1110101010000111
0000000000000000
1111110010101000
1111110000010000
0000000000000101
1110001100001000
0000000000000000
1111110111001000
1111110010100000
1110101010001000
0000000000110110
1110101010000111
0000000000000010
1111110000100000
1111110000010000
0000000000000000
1111110111101000
1110110010100000
1110001100001000
0000000000000000
1111110111001000
1111110010100000
1110101010001000
0001011010111111
1110110000010000
0000000000010110
1110101010000111
0000000000000000
1111110010100000
1111110001001000
0000000000000000
1111110010101000
1111110000010000
0001011011001001
1110001100000101
0001011011100000
1110101010000111
0000000000000010
1110110000010000
0000000000000000
1111110111101000
1110110010100000
1110001100001000
0000000000000001
1110110000010000
0000000000001101
1110001100001000
0110101011011001
1110110000010000
0000000000001110
1110001100001000
0001011011011011
1110110000010000
0000000001011111
1110101010000111
0000000000000000
1111110010101000
1111110000010000
0000000000000101
1110001100001000
0000000000000010
1111110000100000
1111110000010000
0000000000000000
1111110111101000
1110110010100000
1110001100001000
0000000000000001
1110110000010000
0000000000001101
1110001100001000
0010000111000011
1110110000010000
0000000000001110
1110001100001000
0001011011110011
1110110000010000
0000000001011111
1110101010000111
0000000000110110
1110101010000111
0000000000000010
1111110000100000
1111110000010000
0000000000000000
1111110111101000
1110110010100000
1110001100001000
0000000000000000
1111110010101000
1111110000010000
0000000000000011
1110001100001000
0000000000000011
1111110000010000
0000000000000000
1111110111101000
1110110010100000
1110001100001000
0000000000000001
1110110000010000
0000000000001101
1110001100001000
0010010010001101
1110110000010000
0000000000001110
1110001100001000
0001011100010011
1110110000010000
0000000001011111
1110101010000111
0000000000000000
1111110010101000
1111110000010000
0000000000000101
1110001100001000
0000000000000000
1111110111001000
1111110010100000
1110101010001000
0000000000110110
1110101010000111
0000000000000000
1111110111001000
1111110010100000
1110101010001000
0000000000110110
1110101010000111
0110000000000000
1110110000010000
0000000000000000
1111110111101000
1110110010100000
1110001100001000
0000000000000001
1110110000010000
0000000000001101
1110001100001000
0010000101101110
1110110000010000
0000000000001110
1110001100001000
0001011100110110
1110110000010000
0000000001011111
1110101010000111
0000000000110110
1110101010000111
0000000000000000
1111110000100000
1110101010001000
1110110111110000
1110101010001000
0000000000000000
1110011111001000
0000000000000000
1111110111001000
1111110010100000
1110101010001000
0000000000000001
1110110000010000
0000000000001101
1110001100001000
0100110010011010
1110110000010000
0000000000001110
1110001100001000
0001011101001111
1110110000010000
0000000001011111
1110101010000111
0000000000000000
1111110010101000
1111110000010000
0000000000000101
1110001100001000
0000000000000001
1111110111100000
1111110000010000
0000000000000000
1111110111101000
1110110010100000
1110001100001000
0000000000000000
1111110111001000
1111110010100000
1110101010001000
0001011101100011
1110110000010000
0000000000000110
1110101010000111
0000000000000001
1111110000100000
1111110000010000
0000000000000000
1111110111101000
1110110010100000
1110001100001000
0000000000000000
1111110111001000
1111110010100000
1110101010001000
0001011101110010
1110110000010000
0000000000010110
1110101010000111
0000000000000000
1111110010101000
1111110000010000
1110110010100000
1111010101001000
0000000000000000
1111110010100000
1111110001001000
0000000000000000
1111110010101000
1111110000010000
0001011110110110
1110001100000101
0000000000000000
1110110000010000
0000000000001101
1110001100001000
0001011100100100
1110110000010000
0000000000001110
1110001100001000
0001011110001011
1110110000010000
0000000001011111
1110101010000111
0000000000000000
1111110010101000
1111110000010000
0000000000000001
1111110000100000
1110001100001000
0000000000000001
1111110000100000
1111110000010000
0000000000000000
1111110111101000
1110110010100000
1110001100001000
0000000000000000
1111110111001000
1111110010100000
1110101010001000
0001011110100000
1110110000010000
0000000000010110
1110101010000111
0000000000000000
1111110010101000
1111110000010000
0001011110100111
1110001100000101
0001011110110100
1110101010000111
0000000000000001
1111110000100000
1111110000010000
0000000000000000
1111110111101000
1110110010100000
1110001100001000
0000000000000000
1111110010101000
1111110000010000
0000000000000001
1111110111100000
1110001100001000
0001011101010100
1110101010000111
0000000000000000
1110110000010000
0000000000001101
1110001100001000
0110100110100010
1110110000010000
0000000000001110
1110001100001000
0001011111000010
1110110000010000
0000000001011111
1110101010000111
0000000000000001
1110110000010000
0000000000001101
1110001100001000
0100110010011010
1110110000010000
0000000000001110
1110001100001000
0001011111001110
1110110000010000
0000000001011111
1110101010000111
0000000000000000
1111110010101000
1111110000010000
0000000000000101
1110001100001000
0000000000000001
1111110111100000
1111110000010000
0000000000000000
1111110111101000
1110110010100000
1110001100001000
0000000000000001
1110110000010000
0000000000001101
1110001100001000
0100110010011010
1110110000010000
0000000000001110
1110001100001000
0001011111100110
1110110000010000
0000000001011111
1110101010000111
0000000000000000
1111110010101000
1111110000010000
0000000000000101
1110001100001000
0000000000000001
1111110111100000
1111110000010000
0000000000000000
1111110111101000
1110110010100000
1110001100001000
0000000000110110
1110101010000111
0000000000000101
1110110000010000
1110001110010000
0000000000000000
1111110111101000
1110110010100000
1110101010001000
0001011111110110
1110001100000001
0000000001010000
1110110000010000
0000000000000000
1111110111101000
1110110010100000
1110001100001000
0000000000000001
1110110000010000
0000000000001101
1110001100001000
0110001000010001
1110110000010000
0000000000001110
1110001100001000
0001100000001111
1110110000010000
0000000001011111
1110101010000111
0000000000000000
1111110010101000
1111110000010000
0000000000000001
1111110111100000
1110110111100000
1110110111100000
1110001100001000
0000000000000010
1111110000100000
1111110000010000
0000000000000000
1111110111101000
1110110010100000
1110001100001000
0000000000000001
1110110000010000
0000000000001101
1110001100001000
0100110110001010
1110110000010000
0000000000001110
1110001100001000
0001100000101010
1110110000010000
0000000001011111
1110101010000111
0000000000000000
1111110010101000
1111110000010000
0000000000000101
1110001100001000
0000000000000000
1110110000010000
0000000000001101
1110001100001000
0110100110011010
1110110000010000
0000000000001110
1110001100001000
0001100000111011
1110110000010000
0000000001011111
1110101010000111
0000000000000000
1111110010101000
1111110000010000
0000000000000001
1111110111100000
1110001100001000
0000000000000000
1110110000010000
0000000000001101
1110001100001000
0110100110100010
1110110000010000
0000000000001110
1110001100001000
0001100001001101
1110110000010000
0000000001011111
1110101010000111
0000000000000000
1111110010101000
1111110000010000
0000000000000001
1111110111100000
1110110111100000
1110001100001000
0000000000000001
1111110000010000
0000000000000100
1110000010100000
1111110000010000
0000000000000000
1111110111101000
1110110010100000
1110001100001000
0000000000000000
1111110010100000
1111110001001000
0000000000000000
1111110010100000
1111110001001000
0000000000000000
1111110010101000
1111110000010000
0001100100000100
1110001100000101
0000000000000000
1110110000010000
0000000000001101
1110001100001000
0001011100111000
1110110000010000
0000000000001110
1110001100001000
0001100001110100
1110110000010000
0000000001011111
1110101010000111
0000000000000000
1111110010101000
1111110000010000
0000000000000001
1111110000100000
1110001100001000
0000000000000001
1111110000100000
1111110000010000
0000000000000000
1111110111101000
1110110010100000
1110001100001000
0000000000000001
1111110111100000
1111110000010000
0000000000000000
1111110111101000
1110110010100000
1110001100001000
0001100010001100
1110110000010000
0000000000000110
1110101010000111
0000000000000000
1111110010101000
1111110000010000
0000000000000001
1111110111100000
1110110111100000
1110110111100000
1110110111100000
1110001100001000
0000000000000001
1111110000010000
0000000000000100
1110000010100000
1111110000010000
0000000000000000
1111110111101000
1110110010100000
1110001100001000
0000000000000000
1111110010100000
1111110001001000
0000000000000000
1111110010101000
1111110000010000
0001100010101000
1110001100000101
0001100100000010
1110101010000111
0000000000000001
1111110000100000
1111110000010000
0000000000000000
1111110111101000
1110110010100000
1110001100001000
0000000000000001
1111110111100000
1110110111100000
1111110000010000
0000000000000000
1111110111101000
1110110010100000
1110001100001000
0001100010111011
1110110000010000
0000000000000110
1110101010000111
0000000000000000
1111110010101000
1111110000010000
0001100011000010
1110001100000101
0001100011011110
1110101010000111
0000000000000001
1111110000010000
0000000000000011
1110000010100000
1111110000010000
0000000000000000
1111110111101000
1110110010100000
1110001100001000
0000000000000001
1110110000010000
0000000000001101
1110001100001000
0110010011001001
1110110000010000
0000000000001110
1110001100001000
0001100011010111
1110110000010000
0000000001011111
1110101010000111
0000000000000000
1111110010101000
1111110000010000
0000000000000101
1110001100001000
0001100100000010
1110101010000111
0000000000000001
1111110000010000
0000000000000011
1110000010100000
1111110000010000
0000000000000000
1111110111101000
1110110010100000
1110001100001000
0000000000000001
1111110000100000
1111110000010000
0000000000000000
1111110111101000
1110110010100000
1110001100001000
0000000000000010
1110110000010000
0000000000001101
1110001100001000
0110010000111011
1110110000010000
0000000000001110
1110001100001000
0001100011111010
1110110000010000
0000000001011111
1110101010000111
0000000000000000
1111110010101000
1111110000010000
0000000000000001
1111110111100000
1110110111100000
1110110111100000
1110001100001000
0001100001010100
1110101010000111
0000000000000001
1111110000010000
0000000000000011
1110000010100000
1111110000010000
0000000000000000
1111110111101000
1110110010100000
1110001100001000
0000000000110110
1110101010000111
0000000000000000
1111110000100000
1110101010001000
1110110111110000
1110101010001000
0000000000000000
1110011111001000
0000000000000010
1111110000100000
1111110000010000
0000000000000000
1111110111101000
1110110010100000
1110001100001000
0000000000000001
1110110000010000
0000000000001101
1110001100001000
0001011111110100
1110110000010000
0000000000001110
1110001100001000
0001100100101001
1110110000010000
0000000001011111
1110101010000111
0000000000000000
1111110010101000
1111110000010000
0000000000000001
1111110000100000
1110001100001000
0000000000000001
1111110000100000
1111110000010000
0000000000000000
1111110111101000
1110110010100000
1110001100001000
0000000000000001
1110110000010000
0000000000001101
1110001100001000
0110010100100001
1110110000010000
0000000000001110
1110001100001000
0001100101000010
1110110000010000
0000000001011111
1110101010000111
0000000000000000
1111110010101000
1111110000010000
0000000000000001
1111110111100000
1110001100001000
0000000000000001
1111110000100000
1111110000010000
0000000000000000
1111110111101000
1110110010100000
1110001100001000
0000000000000001
1110110000010000
0000000000001101
1110001100001000
0110001010100100
1110110000010000
0000000000001110
1110001100001000
0001100101011011
1110110000010000
0000000001011111
1110101010000111
0000000000000000
1111110010101000
1111110000010000
0000000000000101
1110001100001000
0000000000000001
1111110111100000
1111110000010000
0000000000000000
1111110111101000
1110110010100000
1110001100001000
0000000000110110
1110101010000111
0000000000000000
1111110111101000
1110110010100000
1110101010001000
0000000000010000
1110110000010000
0000000000000000
1111110111101000
1110110010100000
1110001100001000
0000000000000001
1110110000010000
0000000000001101
1110001100001000
0001011010110000
1110110000010000
0000000000001110
1110001100001000
0001100101111111
1110110000010000
0000000001011111
1110101010000111
0000000000000000
1111110010101000
1111110000010000
0000000000010001
1110001100001000
0000000000010000
1110110000010000
0000000000000000
1111110111101000
1110110010100000
1110001100001000
0000000000000001
1110110000010000
0000000000001101
1110001100001000
0001011010110000
1110110000010000
0000000000001110
1110001100001000
0001100110010110
1110110000010000
0000000001011111
1110101010000111
0000000000000000
1111110010101000
1111110000010000
0000000000010010
1110001100001000
0000000000000000
1111110111001000
1111110010100000
1110101010001000
0000000000010010
1111110000010000
0000000000000000
1111110111101000
1110110010100000
1110001100001000
0000000000000000
1111110010101000
1111110000010000
1110110010100000
1111000010001000
0000000000000000
1111110111001000
1111110010100000
1110111111001000
0000000000000000
1111110010101000
1111110000010000
0000000000000101
1110001100001000
0000000000000000
1111110010101000
1111110000010000
0000000000000100
1110001100001000
0000000000000101
1111110000010000
0000000000000000
1111110111101000
1110110010100000
1110001100001000
0000000000000000
1111110010101000
1111110000010000
0000000000000100
1111110000100000
1110001100001000
0000000000000001
1111110000100000
1111110000010000
0000000000000000
1111110111101000
1110110010100000
1110001100001000
0000000000001111
1110110000010000
0000000000000000
1111110111101000
1110110010100000
1110001100001000
0001100111010101
1110110000010000
0000000000100110
1110101010000111
0000000000000000
1111110010100000
1111110001001000
0000000000000000
1111110010101000
1111110000010000
0001101001110000
1110001100000101
0000000000000001
1111110000100000
1111110000010000
0000000000000000
1111110111101000
1110110010100000
1110001100001000
0000000000000000
1111110111001000
1111110010100000
1110111111001000
0000000000000000
1111110010101000
1111110000010000
1110110010100000
1111000010001000
0000000000000000
1111110010101000
1111110000010000
0000000000000001
1111110000100000
1110001100001000
0000000000000001
1111110000100000
1111110000010000
0000000000000000
1111110111101000
1110110010100000
1110001100001000
0000000000010010
1111110000010000
0000000000000000
1111110111101000
1110110010100000
1110001100001000
0000000000000000
1111110010101000
1111110000010000
1110110010100000
1111000010001000
0000000000000001
1111110000100000
1111110000010000
0000000000000000
1111110111101000
1110110010100000
1110001100001000
0000000000000000
1111110111001000
1111110010100000
1110111111001000
0000000000000000
1111110010101000
1111110000010000
1110110010100000
1111000111001000
0000000000010010
1111110000010000
0000000000000000
1111110111101000
1110110010100000
1110001100001000
0000000000000000
1111110010101000
1111110000010000
1110110010100000
1111000010001000
0000000000000000
1111110010101000
1111110000010000
0000000000000100
1110001100001000
0000000000000100
1111110000100000
1111110000010000
0000000000000000
1111110111101000
1110110010100000
1110001100001000
0000000000000001
1111110000100000
1111110000010000
0000000000000000
1111110111101000
1110110010100000
1110001100001000
0000000000000000
1111110111001000
1111110010100000
1110111111001000
0000000000000000
1111110010101000
1111110000010000
1110110010100000
1111000111001000
0000000000010010
1111110000010000
0000000000000000
1111110111101000
1110110010100000
1110001100001000
0000000000000000
1111110010101000
1111110000010000
1110110010100000
1111000010001000
0000000000000000
1111110010101000
1111110000010000
0000000000000100
1110001100001000
0000000000000100
1111110000100000
1111110000010000
0000000000000000
1111110111101000
1110110010100000
1110001100001000
0000000000000000
1111110010101000
1111110000010000
1110110010100000
1111000010001000
0000000000000000
1111110010101000
1111110000010000
0000000000000101
1110001100001000
0000000000000000
1111110010101000
1111110000010000
0000000000000100
1110001100001000
0000000000000101
1111110000010000
0000000000000000
1111110111101000
1110110010100000
1110001100001000
0000000000000000
1111110010101000
1111110000010000
0000000000000100
1111110000100000
1110001100001000
0001100111000100
1110101010000111
0000000000000000
1111110111001000
1111110010100000
1110101010001000
0000000000110110
1110101010000111
0000000000000010
1111110000100000
1111110000010000
0000000000000000
1111110111101000
1110110010100000
1110001100001000
0000000000000000
1111110111001000
1111110010100000
1110101010001000
0001101010000101
1110110000010000
0000000000100110
1110101010000111
0000000000000000
1111110010101000
1111110000010000
0001101010001100
1110001100000101
0001101010011101
1110101010000111
0000000000000010
1111110000100000
1111110000010000
0000000000000000
1111110111101000
1110110010100000
1110001100001000
0000000000000000
1111110010100000
1111110001010000
1110011111001000
0000000000000000
1111110010101000
1111110000010000
0000000000000010
1111110000100000
1110001100001000
0000000000000010
1111110000100000
1111110000010000
0000000000000000
1111110111101000
1110110010100000
1110001100001000
0000000000110110
1110101010000111
0000000000000101
1110110000010000
1110001110010000
0000000000000000
1111110111101000
1110110010100000
1110101010001000
0001101010101000
1110001100000001
0000000000000010
1111110000100000
1111110000010000
0000000000000000
1111110111101000
1110110010100000
1110001100001000
0000000000000000
1111110111001000
1111110010100000
1110101010001000
0001101010111110
1110110000010000
0000000000100110
1110101010000111
0000000000000010
1111110111100000
1111110000010000
0000000000000000
1111110111101000
1110110010100000
1110001100001000
0000000000000000
1111110111001000
1111110010100000
1110101010001000
0001101011001101
1110110000010000
0000000000010110
1110101010000111
0000000000000000
1111110010101000
1111110000010000
1110110010100000
1111000000001000
0000000000000010
1111110000100000
1111110000010000
0000000000000000
1111110111101000
1110110010100000
1110001100001000
0000000000000000
1111110111001000
1111110010100000
1110101010001000
0001101011100001
1110110000010000
0000000000010110
1110101010000111
0000000000000010
1111110111100000
1111110000010000
0000000000000000
1111110111101000
1110110010100000
1110001100001000
0000000000000000
1111110111001000
1111110010100000
1110101010001000
0001101011110000
1110110000010000
0000000000100110
1110101010000111
0000000000000000
1111110010101000
1111110000010000
1110110010100000
1111000000001000
0000000000000000
1111110010101000
1111110000010000
1110110010100000
1111010101001000
0000000000000000
1111110010101000
1111110000010000
0000000000000001
1111110111100000
1110110111100000
1110110111100000
1110110111100000
1110001100001000
0000000000000010
1111110000100000
1111110000010000
0000000000000000
1111110111101000
1110110010100000
1110001100001000
0000000000000001
1110110000010000
0000000000001101
1110001100001000
0001101001110110
1110110000010000
0000000000001110
1110001100001000
0001101100010110
1110110000010000
0000000001011111
1110101010000111
0000000000000000
1111110010101000
1111110000010000
0000000000000010
1111110000100000
1110001100001000
0000000000000010
1111110111100000
1111110000010000
0000000000000000
1111110111101000
1110110010100000
1110001100001000
0000000000000001
1110110000010000
0000000000001101
1110001100001000
0001101001110110
1110110000010000
0000000000001110
1110001100001000
0001101100101111
1110110000010000
0000000001011111
1110101010000111
0000000000000000
1111110010101000
1111110000010000
0000000000000010
1111110111100000
1110001100001000
0000000000000010
1111110000100000
1111110000010000
0000000000000000
1111110111101000
1110110010100000
1110001100001000
0000000000000010
1111110111100000
1111110000010000
0000000000000000
1111110111101000
1110110010100000
1110001100001000
0001101101000111
1110110000010000
0000000000100110
1110101010000111
0000000000000000
1111110010101000
1111110000010000
0001101101001110
1110001100000101
0001101101110101
1110101010000111
0000000000000010
1111110000100000
1111110000010000
0000000000000000
1111110111101000
1110110010100000
1110001100001000
0000000000000000
1111110010101000
1111110000010000
0000000000000001
1111110111100000
1110001100001000
0000000000000010
1111110111100000
1111110000010000
0000000000000000
1111110111101000
1110110010100000
1110001100001000
0000000000000000
1111110010101000
1111110000010000
0000000000000010
1111110000100000
1110001100001000
0000000000000001
1111110111100000
1111110000010000
0000000000000000
1111110111101000
1110110010100000
1110001100001000
0000000000000000
1111110010101000
1111110000010000
0000000000000010
1111110111100000
1110001100001000
0000000000000001
1111110111100000
1110110111100000
1111110000010000
0000000000000000
1111110111101000
1110110010100000
1110001100001000
0000000000000010
1111110111100000
1111110000010000
0000000000000000
1111110111101000
1110110010100000
1110001100001000
0001101110001000
1110110000010000
0000000000100110
1110101010000111
0000000000000000
1111110010100000
1111110001001000
0000000000000000
1111110010101000
1111110000010000
0001110001001101
1110001100000101
0000000000000001
1111110000010000
0000000000000011
1110000010100000
1111110000010000
0000000000000000
1111110111101000
1110110010100000
1110001100001000
0000000000010010
1111110000010000
0000000000000000
1111110111101000
1110110010100000
1110001100001000
0000000000000000
1111110010101000
1111110000010000
1110110010100000
1111000010001000
0000000000000000
1111110010101000
1111110000010000
0000000000000100
1110001100001000
0000000000000100
1111110000100000
1111110000010000
0000000000000000
1111110111101000
1110110010100000
1110001100001000
0000000000000010
1111110111100000
1111110000010000
0000000000000000
1111110111101000
1110110010100000
1110001100001000
0000000000000000
1111110010101000
1111110000010000
1110110010100000
1111000000001000
0000000000000000
1111110111001000
1111110010100000
1110101010001000
0001101111000100
1110110000010000
0000000000010110
1110101010000111
0000000000000000
1111110010101000
1111110000010000
0001101111001011
1110001100000101
0001110000011000
1110101010000111
0000000000000001
1111110000100000
1111110000010000
0000000000000000
1111110111101000
1110110010100000
1110001100001000
0000000000000010
1111110000100000
1111110000010000
0000000000000000
1111110111101000
1110110010100000
1110001100001000
0000000000000000
1111110010101000
1111110000010000
1110110010100000
1111000010001000
0000000000000000
1111110010101000
1111110000010000
0000000000000001
1111110000100000
1110001100001000
0000000000000001
1111110111100000
1110110111100000
1111110000010000
0000000000000000
1111110111101000
1110110010100000
1110001100001000
0000000000000001
1111110000010000
0000000000000011
1110000010100000
1111110000010000
0000000000000000
1111110111101000
1110110010100000
1110001100001000
0000000000010010
1111110000010000
0000000000000000
1111110111101000
1110110010100000
1110001100001000
0000000000000000
1111110010101000
1111110000010000
1110110010100000
1111000010001000
0000000000000000
1111110010101000
1111110000010000
0000000000000100
1110001100001000
0000000000000100
1111110000100000
1111110000010000
0000000000000000
1111110111101000
1110110010100000
1110001100001000
0000000000000000
1111110010101000
1111110000010000
1110110010100000
1111000010001000
0000000000000000
1111110010101000
1111110000010000
0000000000000001
1111110111100000
1110110111100000
1110001100001000
0000000000000010
1111110000100000
1111110000010000
0000000000000000
1111110111101000
1110110010100000
1110001100001000
0000000000000010
1111110000100000
1111110000010000
0000000000000000
1111110111101000
1110110010100000
1110001100001000
0000000000000000
1111110010101000
1111110000010000
1110110010100000
1111000010001000
0000000000000000
1111110010101000
1111110000010000
0000000000000010
1111110000100000
1110001100001000
0000000000000001
1111110000010000
0000000000000011
1110000010100000
1111110000010000
0000000000000000
1111110111101000
1110110010100000
1110001100001000
0000000000000000
1111110111001000
1111110010100000
1110111111001000
0000000000000000
1111110010101000
1111110000010000
1110110010100000
1111000010001000
0000000000000000
1111110010101000
1111110000010000
0000000000000001
1111110111100000
1110110111100000
1110110111100000
1110001100001000
0001101101110101
1110101010000111
0000000000000001
1111110000010000
0000000000000100
1110000010100000
1111110000010000
0000000000000000
1111110111101000
1110110010100000
1110001100001000
0000000000000000
1111110010101000
1111110000010000
0001110001011101
1110001100000101
0001110001101110
1110101010000111
0000000000000001
1111110000100000
1111110000010000
0000000000000000
1111110111101000
1110110010100000
1110001100001000
0000000000000000
1111110010100000
1111110001010000
1110011111001000
0000000000000000
1111110010101000
1111110000010000
0000000000000001
1111110000100000
1110001100001000
0000000000000001
1111110000100000
1111110000010000
0000000000000000
1111110111101000
1110110010100000
1110001100001000
0000000000110110
1110101010000111
0000000000000100
1110110000010000
1110001110010000
0000000000000000
1111110111101000
1110110010100000
1110101010001000
0001110001111001
1110001100000001
0000000000000010
1111110111100000
1111110000010000
0000000000000000
1111110111101000
1110110010100000
1110001100001000
0000000000000000
1111110111001000
1111110010100000
1110101010001000
0001110010001111
1110110000010000
0000000000000110
1110101010000111
0000000000000000
1111110010101000
1111110000010000
0001110010010110
1110001100000101
0001110010101101
1110101010000111
0000000000000011
1110110000010000
0000000000000000
1111110111101000
1110110010100000
1110001100001000
0000000000000001
1110110000010000
0000000000001101
1110001100001000
0110101011011001
1110110000010000
0000000000001110
1110001100001000
0001110010101000
1110110000010000
0000000001011111
1110101010000111
0000000000000000
1111110010101000
1111110000010000
0000000000000101
1110001100001000
0000000000000010
1111110000100000
1111110000010000
0000000000000000
1111110111101000
1110110010100000
1110001100001000
0000000000000000
1111110111001000
1111110010100000
1110101010001000
0001110010111100
1110110000010000
0000000000100110
1110101010000111
0000000000000010
1111110111100000
1111110000010000
0000000000000000
1111110111101000
1110110010100000
1110001100001000
0000000000000000
1111110111001000
1111110010100000
1110101010001000
0001110011001011
1110110000010000
0000000000010110
1110101010000111
0000000000000000
1111110010101000
1111110000010000
1110110010100000
1111000000001000
0000000000000010
1111110000100000
1111110000010000
0000000000000000
1111110111101000
1110110010100000
1110001100001000
0000000000000000
1111110111001000
1111110010100000
1110101010001000
0001110011011111
1110110000010000
0000000000010110
1110101010000111
0000000000000010
1111110111100000
1111110000010000
0000000000000000
1111110111101000
1110110010100000
1110001100001000
0000000000000000
1111110111001000
1111110010100000
1110101010001000
0001110011101110
1110110000010000
0000000000100110
1110101010000111
0000000000000000
1111110010101000
1111110000010000
1110110010100000
1111000000001000
0000000000000000
1111110010101000
1111110000010000
1110110010100000
1111010101001000
0000000000000000
1111110010101000
1111110000010000
0000000000000001
1111110111100000
1110110111100000
1110001100001000
0000000000000000
1111110111001000
1111110010100000
1110101010001000
0000000000010001
1111110000010000
0000000000000000
1111110111101000
1110110010100000
1110001100001000
0000000000000000
1111110010101000
1111110000010000
1110110010100000
1111000010001000
0000000000000010
1111110111100000
1111110000010000
0000000000000000
1111110111101000
1110110010100000
1110001100001000
0000000000000001
1110110000010000
0000000000001101
1110001100001000
0001101001110110
1110110000010000
0000000000001110
1110001100001000
0001110100100001
1110110000010000
0000000001011111
1110101010000111
0000000000000000
1111110010101000
1111110000010000
0000000000000101
1110001100001000
0000000000000000
1111110010101000
1111110000010000
0000000000000100
1110001100001000
0000000000000101
1111110000010000
0000000000000000
1111110111101000
1110110010100000
1110001100001000
0000000000000000
1111110010101000
1111110000010000
0000000000000100
1111110000100000
1110001100001000
0000000000000010
1111110000100000
1111110000010000
0000000000000000
1111110111101000
1110110010100000
1110001100001000
0000000000000001
1110110000010000
0000000000001101
1110001100001000
0001101001110110
1110110000010000
0000000000001110
1110001100001000
0001110101001010
1110110000010000
0000000001011111
1110101010000111
0000000000000000
1111110010101000
1111110000010000
0000000000000010
1111110000100000
1110001100001000
0000000000000001
1111110000010000
0000000000000011
1110000010100000
1111110000010000
0000000000000000
1111110111101000
1110110010100000
1110001100001000
0000000000000000
1111110010100000
1111110001001000
0000000000000000
1111110010100000
1111110001001000
0000000000000000
1111110010101000
1111110000010000
0001111010100001
1110001100000101
0111111111111111
1110110000010000
0000000000000000
1111110111101000
1110110010100000
1110001100001000
0000000000000001
1111110000100000
1111110000010000
0000000000000000
1111110111101000
1110110010100000
1110001100001000
0000000000010001
1111110000010000
0000000000000000
1111110111101000
1110110010100000
1110001100001000
0000000000000000
1111110010101000
1111110000010000
1110110010100000
1111000010001000
0000000000000000
1111110010101000
1111110000010000
0000000000000100
1110001100001000
0000000000000100
1111110000100000
1111110000010000
0000000000000000
1111110111101000
1110110010100000
1110001100001000
0000000000000000
1111110010101000
1111110000010000
1110110010100000
1111000111001000
0000000000000001
1111110000100000
1111110000010000
0000000000000000
1111110111101000
1110110010100000
1110001100001000
0000000000010001
1111110000010000
0000000000000000
1111110111101000
1110110010100000
1110001100001000
0000000000000000
1111110010101000
1111110000010000
1110110010100000
1111000010001000
0000000000000000
1111110010101000
1111110000010000
0000000000000100
1110001100001000
0000000000000100
1111110000100000
1111110000010000
0000000000000000
1111110111101000
1110110010100000
1110001100001000
0001110110101111
1110110000010000
0000000000100110
1110101010000111
0000000000000000
1111110010101000
1111110000010000
0000000000000001
1111110111100000
1110110111100000
1110110111100000
1110001100001000
0000000000000001
1111110000010000
0000000000000011
1110000010100000
1111110000010000
0000000000000000
1111110111101000
1110110010100000
1110001100001000
0000000000000000
1111110010100000
1111110001001000
0000000000000000
1111110010101000
1111110000010000
0001110111001010
1110001100000101
0001111010011111
1110101010000111
0000000000000001
1111110000100000
1111110000010000
0000000000000000
1111110111101000
1110110010100000
1110001100001000
0000000000000000
1111110111001000
1111110010100000
1110111111001000
0000000000000000
1111110010101000
1111110000010000
1110110010100000
1111000010001000
0000000000010001
1111110000010000
0000000000000000
1111110111101000
1110110010100000
1110001100001000
0000000000000000
1111110010101000
1111110000010000
1110110010100000
1111000010001000
0000000000000001
1111110000100000
1111110000010000
0000000000000000
1111110111101000
1110110010100000
1110001100001000
0000000000010001
1111110000010000
0000000000000000
1111110111101000
1110110010100000
1110001100001000
0000000000000000
1111110010101000
1111110000010000
1110110010100000
1111000010001000
0000000000000000
1111110010101000
1111110000010000
0000000000000100
1110001100001000
0000000000000100
1111110000100000
1111110000010000
0000000000000000
1111110111101000
1110110010100000
1110001100001000
0000000000000001
1111110000100000
1111110000010000
0000000000000000
1111110111101000
1110110010100000
1110001100001000
0000000000010001
1111110000010000
0000000000000000
1111110111101000
1110110010100000
1110001100001000
0000000000000000
1111110010101000
1111110000010000
1110110010100000
1111000010001000
0000000000000000
1111110010101000
1111110000010000
0000000000000100
1110001100001000
0000000000000100
1111110000100000
1111110000010000
0000000000000000
1111110111101000
1110110010100000
1110001100001000
0000000000000000
1111110010101000
1111110000010000
1110110010100000
1111000010001000
0000000000000000
1111110010101000
1111110000010000
0000000000000101
1110001100001000
0000000000000000
1111110010101000
1111110000010000
0000000000000100
1110001100001000
0000000000000101
1111110000010000
0000000000000000
1111110111101000
1110110010100000
1110001100001000
0000000000000000
1111110010101000
1111110000010000
0000000000000100
1111110000100000
1110001100001000
0000000000000001
1111110000100000
1111110000010000
0000000000000000
1111110111101000
1110110010100000
1110001100001000
0000000000000000
1111110111001000
1111110010100000
1110111111001000
0000000000000000
1111110010101000
1111110000010000
1110110010100000
1111000010001000
0000000000010001
1111110000010000
0000000000000000
1111110111101000
1110110010100000
1110001100001000
0000000000000000
1111110010101000
1111110000010000
1110110010100000
1111000010001000
0000000000000000
1111110010101000
1111110000010000
0000000000000100
1110001100001000
0000000000000100
1111110000100000
1111110000010000
0000000000000000
1111110111101000
1110110010100000
1110001100001000
0000000000000010
1111110000100000
1111110000010000
0000000000000000
1111110111101000
1110110010100000
1110001100001000
0001111001101110
1110110000010000
0000000000010110
1110101010000111
0000000000000000
1111110010101000
1111110000010000
0000000000000001
1111110111100000
1110110111100000
1110110111100000
1110001100001000
0000000000000001
1111110000010000
0000000000000011
1110000010100000
1111110000010000
0000000000000000
1111110111101000
1110110010100000
1110001100001000
0000000000000000
1111110010100000
1111110001001000
0000000000000000
1111110010101000
1111110000010000
0001111010001001
1110001100000101
0001111010011111
1110101010000111
0000000000000001
1111110000100000
1111110000010000
0000000000000000
1111110111101000
1110110010100000
1110001100001000
0000000000000000
1111110111001000
1111110010100000
1110111111001000
0000000000000000
1111110010101000
1111110000010000
1110110010100000
1111000010001000
0000000000000000
1111110010101000
1111110000010000
0000000000000001
1111110000100000
1110001100001000
0001110101010000
1110101010000111
0000000000000001
1111110000100000
1111110000010000
0000000000000000
1111110111101000
1110110010100000
1110001100001000
0000000000000000
1111110111001000
1111110010100000
1110111111001000
0000000000000000
1111110010100000
1111110001010000
1110011111001000
0001111010110100
1110110000010000
0000000000010110
1110101010000111
0000000000000000
1111110010100000
1111110001001000
0000000000000000
1111110010101000
1111110000010000
0001111101100111
1110001100000101
0000000000000001
1111110000100000
1111110000010000
0000000000000000
1111110111101000
1110110010100000
1110001100001000
0000000000010001
1111110000010000
0000000000000000
1111110111101000
1110110010100000
1110001100001000
0000000000000000
1111110010101000
1111110000010000
1110110010100000
1111000010001000
0000000000000000
1111110010101000
1111110000010000
0000000000000100
1110001100001000
0000000000000100
1111110000100000
1111110000010000
0000000000000000
1111110111101000
1110110010100000
1110001100001000
0000000000000010
1111110000100000
1111110000010000
0000000000000000
1111110111101000
1110110010100000
1110001100001000
0001111011100101
1110110000010000
0000000000010110
1110101010000111
0000000000000000
1111110010100000
1111110001001000
0000000000000000
1111110010101000
1111110000010000
0001111011101111
1110001100000101
0001111101001111
1110101010000111
0000000000000001
1111110111100000
1111110000010000
0000000000000000
1111110111101000
1110110010100000
1110001100001000
0000000000000001
1111110000100000
1111110000010000
0000000000000000
1111110111101000
1110110010100000
1110001100001000
0000000000010010
1111110000010000
0000000000000000
1111110111101000
1110110010100000
1110001100001000
0000000000000000
1111110010101000
1111110000010000
1110110010100000
1111000010001000
0000000000000000
1111110010101000
1111110000010000
0000000000000100
1110001100001000
0000000000000100
1111110000100000
1111110000010000
0000000000000000
1111110111101000
1110110010100000
1110001100001000
0000000000000000
1111110010101000
1111110000010000
1110110010100000
1111000010001000
0000000000000000
1111110010101000
1111110000010000
0000000000000001
1111110111100000
1110001100001000
0000000000000010
1111110000100000
1111110000010000
0000000000000000
1111110111101000
1110110010100000
1110001100001000
0000000000000001
1111110000100000
1111110000010000
0000000000000000
1111110111101000
1110110010100000
1110001100001000
0000000000010001
1111110000010000
0000000000000000
1111110111101000
1110110010100000
1110001100001000
0000000000000000
1111110010101000
1111110000010000
1110110010100000
1111000010001000
0000000000000000
1111110010101000
1111110000010000
0000000000000100
1110001100001000
0000000000000100
1111110000100000
1111110000010000
0000000000000000
1111110111101000
1110110010100000
1110001100001000
0000000000000000
1111110010101000
1111110000010000
1110110010100000
1111000111001000
0000000000000000
1111110010101000
1111110000010000
0000000000000010
1111110000100000
1110001100001000
0000000000000001
1111110000100000
1111110000010000
0000000000000000
1111110111101000
1110110010100000
1110001100001000
0000000000000000
1111110111001000
1111110010100000
1110111111001000
0000000000000000
1111110010101000
1111110000010000
1110110010100000
1111000111001000
0000000000000000
1111110010101000
1111110000010000
0000000000000001
1111110000100000
1110001100001000
0001111010100001
1110101010000111
0000000000000001
1111110111100000
1110110111100000
1111110000010000
0000000000000000
1111110111101000
1110110010100000
1110001100001000
0000000000000000
1111110010101000
1111110000010000
0001111101110110
1110001100000101
0001111110000111
1110101010000111
0000000000000001
1111110111100000
1111110000010000
0000000000000000
1111110111101000
1110110010100000
1110001100001000
0000000000000000
1111110010100000
1111110001010000
1110011111001000
0000000000000000
1111110010101000
1111110000010000
0000000000000001
1111110111100000
1110001100001000
0000000000000001
1111110111100000
1111110000010000
0000000000000000
1111110111101000
1110110010100000
1110001100001000
0000000000110110
1110101010000111
0000000000000100
1110110000010000
1110001110010000
0000000000000000
1111110111101000
1110110010100000
1110101010001000
0001111110010010
1110001100000001
0000000000000010
1111110000100000
1111110000010000
0000000000000000
1111110111101000
1110110010100000
1110001100001000
0000000000000000
1111110111001000
1111110010100000
1110101010001000
0001111110101000
1110110000010000
0000000000100110
1110101010000111
0000000000000000
1111110010101000
1111110000010000
0001111110101111
1110001100000101
0001111111000110
1110101010000111
0000000000000100
1110110000010000
0000000000000000
1111110111101000
1110110010100000
1110001100001000
0000000000000001
1110110000010000
0000000000001101
1110001100001000
0110101011011001
1110110000010000
0000000000001110
1110001100001000
0001111111000001
1110110000010000
0000000001011111
1110101010000111
0000000000000000
1111110010101000
1111110000010000
0000000000000101
1110001100001000
0000000000000111
1110110000010000
0000000000000000
1111110111101000
1110110010100000
1110001100001000
0000000000000000
1111110010101000
1111110000010000
0000000000000001
1111110000100000
1110001100001000
0000000000000001
1111110000100000
1111110000010000
0000000000000000
1111110111101000
1110110010100000
1110001100001000
0000000000000000
1111110111001000
1111110010100000
1110111111001000
0000000000000000
1111110010100000
1111110001010000
1110011111001000
0001111111100101
1110110000010000
0000000000010110
1110101010000111
0000000000000000
1111110010100000
1111110001001000
0000000000000000
1111110010101000
1111110000010000
0010000010011100
1110001100000101
0000000000000001
1111110000010000
0000000000000011
1110000010100000
1111110000010000
0000000000000000
1111110111101000
1110110010100000
1110001100001000
0000000000000001
1111110000100000
1111110000010000
0000000000000000
1111110111101000
1110110010100000
1110001100001000
0000000000010010
1111110000010000
0000000000000000
1111110111101000
1110110010100000
1110001100001000
0000000000000000
1111110010101000
1111110000010000
1110110010100000
1111000010001000
0000000000000000
1111110010101000
1111110000010000
0000000000000100
1110001100001000
0000000000000100
1111110000100000
1111110000010000
0000000000000000
1111110111101000
1110110010100000
1110001100001000
0000000000000000
1111110010101000
1111110000010000
1110110010100000
1111000010001000
0000000000000000
1111110010101000
1111110000010000
0000000000000001
1111110111100000
1110001100001000
0000000000000001
1111110111100000
1111110000010000
0000000000000000
1111110111101000
1110110010100000
1110001100001000
0000000000000001
1111110111100000
1111110000010000
0000000000000000
1111110111101000
1110110010100000
1110001100001000
0000000000000010
1110110000010000
0000000000001101
1110001100001000
0001101010100110
1110110000010000
0000000000001110
1110001100001000
0010000000111001
1110110000010000
0000000001011111
1110101010000111
0000000000000000
1111110010101000
1111110000010000
0000000000000001
1111110111100000
1110110111100000
1110001100001000
0000000000000001
1111110111100000
1110110111100000
1111110000010000
0000000000000000
1111110111101000
1110110010100000
1110001100001000
0000000000000010
1111110000100000
1111110000010000
0000000000000000
1111110111101000
1110110010100000
1110001100001000
0010000001010011
1110110000010000
0000000000010110
1110101010000111
0000000000000000
1111110010100000
1111110001001000
0000000000000001
1111110111100000
1110110111100000
1111110000010000
0000000000000000
1111110111101000
1110110010100000
1110001100001000
0000000000000000
1111110111001000
1111110010100000
1110101010001000
0010000001100110
1110110000010000
0000000000100110
1110101010000111
0000000000000000
1111110010100000
1111110001001000
0000000000000000
1111110010101000
1111110000010000
1110110010100000
1111000000001000
0000000000000000
1111110010101000
1111110000010000
0010000001110101
1110001100000101
0010000010000100
1110101010000111
0000000000000001
1111110111100000
1111110000010000
0000000000000000
1111110111101000
1110110010100000
1110001100001000
0000000000000000
1111110010101000
1111110000010000
0000000000000001
1111110111100000
1110110111100000
1110110111100000
1110001100001000
0000000000000001
1111110000100000
1111110000010000
0000000000000000
1111110111101000
1110110010100000
1110001100001000
0000000000000000
1111110111001000
1111110010100000
1110111111001000
0000000000000000
1111110010101000
1111110000010000
1110110010100000
1111000111001000
0000000000000000
1111110010101000
1111110000010000
0000000000000001
1111110000100000
1110001100001000
0001111111010010
1110101010000111
0000000000000001
1111110000010000
0000000000000011
1110000010100000
1111110000010000
0000000000000000
1111110111101000
1110110010100000
1110001100001000
0000000000110110
1110101010000111
0000000000000010
1111110000100000
1111110000010000
0000000000000000
1111110111101000
1110110010100000
1110001100001000
0000000000000010
1111110111100000
1111110000010000
0000000000000000
1111110111101000
1110110010100000
1110001100001000
0010000010111001
1110110000010000
0000000000010110
1110101010000111
0000000000000000
1111110010101000
1111110000010000
0010000011000000
1110001100000101
0010000011001101
1110101010000111
0000000000000010
1111110000100000
1111110000010000
0000000000000000
1111110111101000
1110110010100000
1110001100001000
0000000000000000
1111110010101000
1111110000010000
0000000000000010
1111110111100000
1110001100001000
0000000000000010
1111110111100000
1111110000010000
0000000000000000
1111110111101000
1110110010100000
1110001100001000
0000000000110110
1110101010000111
0000000000000010
1111110000100000
1111110000010000
0000000000000000
1111110111101000
1110110010100000
1110001100001000
0000000000000010
1111110111100000
1111110000010000
0000000000000000
1111110111101000
1110110010100000
1110001100001000
0010000011101000
1110110000010000
0000000000100110
1110101010000111
0000000000000000
1111110010101000
1111110000010000
0010000011101111
1110001100000101
0010000011111100
1110101010000111
0000000000000010
1111110000100000
1111110000010000
0000000000000000
1111110111101000
1110110010100000
1110001100001000
0000000000000000
1111110010101000
1111110000010000
0000000000000010
1111110111100000
1110001100001000
0000000000000010
1111110111100000
1111110000010000
0000000000000000
1111110111101000
1110110010100000
1110001100001000
0000000000110110
1110101010000111
0000000000000000
1111110111001000
1111110010100000
1110101010001000
0000000000000000
1111110010101000
1111110000010000
0000000000010011
1110001100001000
0000100000000000
1110110000010000
0000000000000000
1111110111101000
1110110010100000
1110001100001000
0000000000010011
1111110000010000
0000000000000000
1111110111101000
1110110010100000
1110001100001000
0000000000000000
1111110010101000
1111110000010000
1110110010100000
1111000010001000
0011011111111110
1110110000010000
0000000000000000
1111110111101000
1110110010100000
1110001100001000
0000000000000000
1111110010101000
1111110000010000
0000000000000101
1110001100001000
0000000000000000
1111110010101000
1111110000010000
0000000000000100
1110001100001000
0000000000000101
1111110000010000
0000000000000000
1111110111101000
1110110010100000
1110001100001000
0000000000000000
1111110010101000
1111110000010000
0000000000000100
1111110000100000
1110001100001000
0000100000000001
1110110000010000
0000000000000000
1111110111101000
1110110010100000
1110001100001000
0000000000010011
1111110000010000
0000000000000000
1111110111101000
1110110010100000
1110001100001000
0000000000000000
1111110010101000
1111110000010000
1110110010100000
1111000010001000
0000100000000010
1110110000010000
0000000000000000
1111110111101000
1110110010100000
1110001100001000
0000000000000000
1111110010101000
1111110000010000
0000000000000101
1110001100001000
0000000000000000
1111110010101000
1111110000010000
0000000000000100
1110001100001000
0000000000000101
1111110000010000
0000000000000000
1111110111101000
1110110010100000
1110001100001000
0000000000000000
1111110010101000
1111110000010000
0000000000000100
1111110000100000
1110001100001000
0000000000000000
1111110111001000
1111110010100000
1110101010001000
0000000000110110
1110101010000111
0000000000000010
1111110000100000
1111110000010000
0000000000000000
1111110111101000
1110110010100000
1110001100001000
0000000000010011
1111110000010000
0000000000000000
1111110111101000
1110110010100000
1110001100001000
0000000000000000
1111110010101000
1111110000010000
1110110010100000
1111000010001000
0000000000000000
1111110010101000
1111110000010000
0000000000000100
1110001100001000
0000000000000100
1111110000100000
1111110000010000
0000000000000000
1111110111101000
1110110010100000
1110001100001000
0000000000110110
1110101010000111
0000000000000010
1111110000100000
1111110000010000
0000000000000000
1111110111101000
1110110010100000
1110001100001000
0000000000010011
1111110000010000
0000000000000000
1111110111101000
1110110010100000
1110001100001000
0000000000000000
1111110010101000
1111110000010000
1110110010100000
1111000010001000
0000000000000010
1111110111100000
1111110000010000
0000000000000000
1111110111101000
1110110010100000
1110001100001000
0000000000000000
1111110010101000
1111110000010000
0000000000000101
1110001100001000
0000000000000000
1111110010101000
1111110000010000
0000000000000100
1110001100001000
0000000000000101
1111110000010000
0000000000000000
1111110111101000
1110110010100000
1110001100001000
0000000000000000
1111110010101000
1111110000010000
0000000000000100
1111110000100000
1110001100001000
0000000000000000
1111110111001000
1111110010100000
1110101010001000
0000000000110110
1110101010000111
0000000000000000
1111110111101000
1110110010100000
1110101010001000
0000000000000010
1111110000100000
1111110000010000
0000000000000000
1111110111101000
1110110010100000
1110001100001000
0000000000000000
1111110111001000
1111110010100000
1110111111001000
0010000111010110
1110110000010000
0000000000100110
1110101010000111
0000000000000000
1111110010101000
1111110000010000
0010000111011101
1110001100000101
0010000111110100
1110101010000111
0000000000000101
1110110000010000
0000000000000000
1111110111101000
1110110010100000
1110001100001000
0000000000000001
1110110000010000
0000000000001101
1110001100001000
0110101011011001
1110110000010000
0000000000001110
1110001100001000
0010000111101111
1110110000010000
0000000001011111
1110101010000111
0000000000000000
1111110010101000
1111110000010000
0000000000000101
1110001100001000
0000100000000000
1110110000010000
0000000000000000
1111110111101000
1110110010100000
1110001100001000
0000000000000000
1111110010101000
1111110000010000
0000000000000001
1111110000100000
1110001100001000
0000000000000000
1111110111001000
1111110010100000
1110101010001000
0000000000000001
1111110000100000
1111110000010000
0000000000000000
1111110111101000
1110110010100000
1110001100001000
0000000000000000
1111110010101000
1111110000010000
1110110010100000
1111000010001000
0000000000000000
1111110010101000
1111110000010000
0000000000000100
1110001100001000
0000000000000100
1111110000100000
1111110000010000
0000000000000000
1111110111101000
1110110010100000
1110001100001000
0000000000000010
1111110000100000
1111110000010000
0000000000000000
1111110111101000
1110110010100000
1110001100001000
0010001000100111
1110110000010000
0000000000100110
1110101010000111
0000000000000000
1111110010100000
1111110001001000
0000000000000000
1111110010101000
1111110000010000
0010001001010011
1110001100000101
0000000000000000
1111110111001000
1111110010100000
1110111111001000
0000000000000001
1111110000100000
1111110000010000
0000000000000000
1111110111101000
1110110010100000
1110001100001000
0000000000000000
1111110010101000
1111110000010000
1110110010100000
1111000010001000
0000000000000000
1111110010101000
1111110000010000
0000000000000100
1110001100001000
0000000000000100
1111110000100000
1111110000010000
0000000000000000
1111110111101000
1110110010100000
1110001100001000
0000000000000000
1111110010101000
1111110000010000
0000000000000001
1111110000100000
1110001100001000
0010001000000000
1110101010000111
0000000000000001
1111110000100000
1111110000010000
0000000000000000
1111110111101000
1110110010100000
1110001100001000
0000000000000010
1111110000100000
1111110000010000
0000000000000000
1111110111101000
1110110010100000
1110001100001000
0000000000000000
1111110010101000
1111110000010000
1110110010100000
1111000010001000
0011111111111011
1110110000010000
0000000000000000
1111110111101000
1110110010100000
1110001100001000
0010001001110000
1110110000010000
0000000000010110
1110101010000111
0000000000000000
1111110010101000
1111110000010000
0010001001110111
1110001100000101
0010001010001110
1110101010000111
0000000000000110
1110110000010000
0000000000000000
1111110111101000
1110110010100000
1110001100001000
0000000000000001
1110110000010000
0000000000001101
1110001100001000
0110101011011001
1110110000010000
0000000000001110
1110001100001000
0010001010001001
1110110000010000
0000000001011111
1110101010000111
0000000000000000
1111110010101000
1111110000010000
0000000000000101
1110001100001000
0000000000000000
1111110111001000
1111110010100000
1110101010001000
0000000000000001
1111110000100000
1111110000010000
0000000000000000
1111110111101000
1110110010100000
1110001100001000
0000000000000000
1111110010101000
1111110000010000
1110110010100000
1111000010001000
0000000000000000
1111110010101000
1111110000010000
0000000000000100
1110001100001000
0000000000000100
1111110000100000
1111110000010000
0000000000000000
1111110111101000
1110110010100000
1110001100001000
0000000000000010
1111110000100000
1111110000010000
0000000000000000
1111110111101000
1110110010100000
1110001100001000
0000000000000010
1110110000010000
0000000000000000
1111110111101000
1110110010100000
1110001100001000
0000000000000000
1111110010101000
1111110000010000
1110110010100000
1111000010001000
0010001011000000
1110110000010000
0000000000010110
1110101010000111
0000000000000000
1111110010101000
1111110000010000
0010001011000111
1110001100000101
0010010001001111
1110101010000111
0000000000000010
1111110000100000
1111110000010000
0000000000000000
1111110111101000
1110110010100000
1110001100001000
0000000000000010
1110110000010000
0000000000000000
1111110111101000
1110110010100000
1110001100001000
0000000000000000
1111110010101000
1111110000010000
1110110010100000
1111000010001000
0000000000000001
1111110000100000
1111110000010000
0000000000000000
1111110111101000
1110110010100000
1110001100001000
0000000000000000
1111110010101000
1111110000010000
1110110010100000
1111000010001000
0000000000000000
1111110111001000
1111110010100000
1110101010001000
0000000000000001
1111110000100000
1111110000010000
0000000000000000
1111110111101000
1110110010100000
1110001100001000
0000000000000000
1111110010101000
1111110000010000
1110110010100000
1111000010001000
0000000000000000
1111110010101000
1111110000010000
0000000000000100
1110001100001000
0000000000000100
1111110000100000
1111110000010000
0000000000000000
1111110111101000
1110110010100000
1110001100001000
0000000000000010
1111110000100000
1111110000010000
0000000000000000
1111110111101000
1110110010100000
1110001100001000
0000000000000000
1111110010101000
1111110000010000
1110110010100000
1111000111001000
0000000000000010
1110110000010000
0000000000000000
1111110111101000
1110110010100000
1110001100001000
0000000000000000
1111110010101000
1111110000010000
1110110010100000
1111000111001000
0000000000000000
1111110010101000
1111110000010000
0000000000000101
1110001100001000
0000000000000000
1111110010101000
1111110000010000
0000000000000100
1110001100001000
0000000000000101
1111110000010000
0000000000000000
1111110111101000
1110110010100000
1110001100001000
0000000000000000
1111110010101000
1111110000010000
0000000000000100
1111110000100000
1110001100001000
0000000000000000
1111110111001000
1111110010100000
1110111111001000
0000000000000001
1111110000100000
1111110000010000
0000000000000000
1111110111101000
1110110010100000
1110001100001000
0000000000000000
1111110010101000
1111110000010000
1110110010100000
1111000010001000
0000000000000000
1111110010101000
1111110000010000
0000000000000100
1110001100001000
0000000000000100
1111110000100000
1111110000010000
0000000000000000
1111110111101000
1110110010100000
1110001100001000
0000000000000001
1111110000100000
1111110000010000
0000000000000000
1111110111101000
1110110010100000
1110001100001000
0000000000000010
1110110000010000
0000000000000000
1111110111101000
1110110010100000
1110001100001000
0000000000000000
1111110010101000
1111110000010000
1110110010100000
1111000010001000
0010001101100000
1110110000010000
0000000000000110
1110101010000111
0000000000000000
1111110010101000
1111110000010000
0010001101100111
1110001100000101
0010001110111011
1110101010000111
0000000000000010
1111110000100000
1111110000010000
0000000000000000
1111110111101000
1110110010100000
1110001100001000
0000000000000011
1110110000010000
0000000000000000
1111110111101000
1110110010100000
1110001100001000
0000000000000000
1111110010101000
1111110000010000
1110110010100000
1111000010001000
0000000000000001
1111110000100000
1111110000010000
0000000000000000
1111110111101000
1110110010100000
1110001100001000
0000000000000000
1111110010101000
1111110000010000
1110110010100000
1111000010001000
0000000000000001
1111110000100000
1111110000010000
0000000000000000
1111110111101000
1110110010100000
1110001100001000
0000000000000010
1111110000100000
1111110000010000
0000000000000000
1111110111101000
1110110010100000
1110001100001000
0000000000000000
1111110010101000
1111110000010000
1110110010100000
1111000010001000
0000000000000100
1110110000010000
0000000000000000
1111110111101000
1110110010100000
1110001100001000
0000000000000000
1111110010101000
1111110000010000
1110110010100000
1111000010001000
0000000000000000
1111110010101000
1111110000010000
0000000000000101
1110001100001000
0000000000000000
1111110010101000
1111110000010000
0000000000000100
1110001100001000
0000000000000101
1111110000010000
0000000000000000
1111110111101000
1110110010100000
1110001100001000
0000000000000000
1111110010101000
1111110000010000
0000000000000100
1111110000100000
1110001100001000
0010010000001011
1110101010000111
0000000000000010
1111110000100000
1111110000010000
0000000000000000
1111110111101000
1110110010100000
1110001100001000
0000000000000011
1110110000010000
0000000000000000
1111110111101000
1110110010100000
1110001100001000
0000000000000000
1111110010101000
1111110000010000
1110110010100000
1111000010001000
0000000000000001
1111110000100000
1111110000010000
0000000000000000
1111110111101000
1110110010100000
1110001100001000
0000000000000000
1111110010101000
1111110000010000
1110110010100000
1111000010001000
0000000000000000
1111110111001000
1111110010100000
1110111111001000
0000000000000001
1111110000100000
1111110000010000
0000000000000000
1111110111101000
1110110010100000
1110001100001000
0000000000000000
1111110010101000
1111110000010000
1110110010100000
1111000010001000
0000000000000000
1111110010101000
1111110000010000
0000000000000100
1110001100001000
0000000000000100
1111110000100000
1111110000010000
0000000000000000
1111110111101000
1110110010100000
1110001100001000
0000000000000000
1111110010101000
1111110000010000
0000000000000101
1110001100001000
0000000000000000
1111110010101000
1111110000010000
0000000000000100
1110001100001000
0000000000000101
1111110000010000
0000000000000000
1111110111101000
1110110010100000
1110001100001000
0000000000000000
1111110010101000
1111110000010000
0000000000000100
1111110000100000
1110001100001000
0000000000000000
1111110111001000
1111110010100000
1110111111001000
0000000000000001
1111110000100000
1111110000010000
0000000000000000
1111110111101000
1110110010100000
1110001100001000
0000000000000000
1111110010101000
1111110000010000
1110110010100000
1111000010001000
0000000000000001
1111110000100000
1111110000010000
0000000000000000
1111110111101000
1110110010100000
1110001100001000
0000000000000010
1111110000100000
1111110000010000
0000000000000000
1111110111101000
1110110010100000
1110001100001000
0000000000000000
1111110010101000
1111110000010000
1110110010100000
1111000010001000
0000000000000010
1110110000010000
0000000000000000
1111110111101000
1110110010100000
1110001100001000
0000000000000000
1111110010101000
1111110000010000
1110110010100000
1111000010001000
0000000000000000
1111110010101000
1111110000010000
0000000000000101
1110001100001000
0000000000000000
1111110010101000
1111110000010000
0000000000000100
1110001100001000
0000000000000101
1111110000010000
0000000000000000
1111110111101000
1110110010100000
1110001100001000
0000000000000000
1111110010101000
1111110000010000
0000000000000100
1111110000100000
1110001100001000
0000000000000000
1111110111001000
1111110010100000
1110101010001000
0000000000000001
1111110000100000
1111110000010000
0000000000000000
1111110111101000
1110110010100000
1110001100001000
0000000000000000
1111110010101000
1111110000010000
1110110010100000
1111000010001000
0000000000000000
1111110111001000
1111110010100000
1110101010001000
0000000000000000
1111110010101000
1111110000010000
0000000000000101
1110001100001000
0000000000000000
1111110010101000
1111110000010000
0000000000000100
1110001100001000
0000000000000101
1111110000010000
0000000000000000
1111110111101000
1110110010100000
1110001100001000
0000000000000000
1111110010101000
1111110000010000
0000000000000100
1111110000100000
1110001100001000
0000000000000001
1111110000100000
1111110000010000
0000000000000000
1111110111101000
1110110010100000
1110001100001000
0000000000000010
1110110000010000
0000000000000000
1111110111101000
1110110010100000
1110001100001000
0000000000000000
1111110010101000
1111110000010000
1110110010100000
1111000010001000
0000000000110110
1110101010000111
0000000000000000
1111110000100000
1110101010001000
1110110111110000
1110101010001000
0000000000000000
1110011111001000
0000000000000010
1111110000100000
1111110000010000
0000000000000000
1111110111101000
1110110010100000
1110001100001000
0000000000000010
1110110000010000
0000000000000000
1111110111101000
1110110010100000
1110001100001000
0000000000000000
1111110010101000
1111110000010000
1110110010100000
1111000111001000
0000000000000000
1111110010101000
1111110000010000
0000000000000001
1111110000100000
1110001100001000
0000000000000000
1111110111001000
1111110010100000
1110111111001000
0000000000000001
1111110000100000
1111110000010000
0000000000000000
1111110111101000
1110110010100000
1110001100001000
0000000000000000
1111110010101000
1111110000010000
1110110010100000
1111000010001000
0000000000000000
1111110010101000
1111110000010000
0000000000000100
1110001100001000
0000000000000100
1111110000100000
1111110000010000
0000000000000000
1111110111101000
1110110010100000
1110001100001000
0000000000000000
1111110010101000
1111110000010000
0000000000000001
1111110111100000
1110001100001000
0000000000000000
1111110111001000
1111110010100000
1110101010001000
0000000000000001
1111110111100000
1111110000010000
0000000000000000
1111110111101000
1110110010100000
1110001100001000
0000000000000000
1111110010101000
1111110000010000
1110110010100000
1111000010001000
0000000000000000
1111110010101000
1111110000010000
0000000000000100
1110001100001000
0000000000000100
1111110000100000
1111110000010000
0000000000000000
1111110111101000
1110110010100000
1110001100001000
0000000000000000
1111110111001000
1111110010100000
1110101010001000
0010010011110010
1110110000010000
0000000000000110
1110101010000111
0000000000000000
1111110010101000
1111110000010000
0010010011111001
1110001100000101
0010010101010100
1110101010000111
0000000000000000
1111110111001000
1111110010100000
1110101010001000
0000000000000001
1111110000100000
1111110000010000
0000000000000000
1111110111101000
1110110010100000
1110001100001000
0000000000000000
1111110010101000
1111110000010000
1110110010100000
1111000010001000
0000000000000000
1111110111001000
1111110010100000
1110111111001000
0000000000000001
1111110000100000
1111110000010000
0000000000000000
1111110111101000
1110110010100000
1110001100001000
0000000000000000
1111110010101000
1111110000010000
1110110010100000
1111000010001000
0000000000000000
1111110010101000
1111110000010000
0000000000000100
1110001100001000
0000000000000100
1111110000100000
1111110000010000
0000000000000000
1111110111101000
1110110010100000
1110001100001000
0000000000000001
1111110000100000
1111110000010000
0000000000000000
1111110111101000
1110110010100000
1110001100001000
0000000000000000
1111110010101000
1111110000010000
1110110010100000
1111000111001000
0000000000000010
1110110000010000
0000000000000000
1111110111101000
1110110010100000
1110001100001000
0000000000000000
1111110010101000
1111110000010000
1110110010100000
1111000111001000
0000000000000000
1111110010101000
1111110000010000
0000000000000101
1110001100001000
0000000000000000
1111110010101000
1111110000010000
0000000000000100
1110001100001000
0000000000000101
1111110000010000
0000000000000000
1111110111101000
1110110010100000
1110001100001000
0000000000000000
1111110010101000
1111110000010000
0000000000000100
1111110000100000
1110001100001000
0010011001111000
1110101010000111
0000000000000000
1111110111001000
1111110010100000
1110101010001000
0000000000000001
1111110000100000
1111110000010000
0000000000000000
1111110111101000
1110110010100000
1110001100001000
0000000000000000
1111110010101000
1111110000010000
1110110010100000
1111000010001000
0000000000000000
1111110111001000
1111110010100000
1110111111001000
0000000000000001
1111110000100000
1111110000010000
0000000000000000
1111110111101000
1110110010100000
1110001100001000
0000000000000000
1111110010101000
1111110000010000
1110110010100000
1111000010001000
0000000000000000
1111110010101000
1111110000010000
0000000000000100
1110001100001000
0000000000000100
1111110000100000
1111110000010000
0000000000000000
1111110111101000
1110110010100000
1110001100001000
0000000000000001
1111110000100000
1111110000010000
0000000000000000
1111110111101000
1110110010100000
1110001100001000
0000000000000000
1111110010101000
1111110000010000
1110110010100000
1111000111001000
0000000000000000
1111110111001000
1111110010100000
1110101010001000
0000000000000001
1111110111100000
1111110000010000
0000000000000000
1111110111101000
1110110010100000
1110001100001000
0000000000000000
1111110010101000
1111110000010000
1110110010100000
1111000010001000
0000000000000000
1111110010101000
1111110000010000
0000000000000100
1110001100001000
0000000000000100
1111110000100000
1111110000010000
0000000000000000
1111110111101000
1110110010100000
1110001100001000
0000000000000000
1111110010101000
1111110000010000
1110110010100000
1111000010001000
0000000000000000
1111110010101000
1111110000010000
0000000000000101
1110001100001000
0000000000000000
1111110010101000
1111110000010000
0000000000000100
1110001100001000
0000000000000101
1111110000010000
0000000000000000
1111110111101000
1110110010100000
1110001100001000
0000000000000000
1111110010101000
1111110000010000
0000000000000100
1111110000100000
1110001100001000
0000000000000000
1111110111001000
1111110010100000
1110111111001000
0000000000000001
1111110111100000
1111110000010000
0000000000000000
1111110111101000
1110110010100000
1110001100001000
0000000000000000
1111110010101000
1111110000010000
1110110010100000
1111000010001000
0000000000000000
1111110010101000
1111110000010000
0000000000000100
1110001100001000
0000000000000100
1111110000100000
1111110000010000
0000000000000000
1111110111101000
1110110010100000
1110001100001000
0000000000000001
1111110111100000
1111110000010000
0000000000000000
1111110111101000
1110110010100000
1110001100001000
0000000000000010
1110110000010000
0000000000000000
1111110111101000
1110110010100000
1110001100001000
0000000000000000
1111110010101000
1111110000010000
1110110010100000
1111000010001000
0010010111110101
1110110000010000
0000000000000110
1110101010000111
0000000000000000
1111110010101000
1111110000010000
0010010111111100
1110001100000101
0010011000110110
1110101010000111
0000000000000000
1111110111001000
1111110010100000
1110111111001000
0000000000000001
1111110000100000
1111110000010000
0000000000000000
1111110111101000
1110110010100000
1110001100001000
0000000000000000
1111110010101000
1111110000010000
1110110010100000
1111000010001000
0000000000000001
1111110000100000
1111110000010000
0000000000000000
1111110111101000
1110110010100000
1110001100001000
0000000000000010
1110110000010000
0000000000000000
1111110111101000
1110110010100000
1110001100001000
0000000000000000
1111110010101000
1111110000010000
1110110010100000
1111000010001000
0000000000000000
1111110010101000
1111110000010000
0000000000000101
1110001100001000
0000000000000000
1111110010101000
1111110000010000
0000000000000100
1110001100001000
0000000000000101
1111110000010000
0000000000000000
1111110111101000
1110110010100000
1110001100001000
0000000000000000
1111110010101000
1111110000010000
0000000000000100
1111110000100000
1110001100001000
0010011001111000
1110101010000111
0000000000000000
1111110111001000
1111110010100000
1110111111001000
0000000000000001
1111110000100000
1111110000010000
0000000000000000
1111110111101000
1110110010100000
1110001100001000
0000000000000000
1111110010101000
1111110000010000
1110110010100000
1111000010001000
0000000000000000
1111110111001000
1111110010100000
1110111111001000
0000000000000001
1111110111100000
1111110000010000
0000000000000000
1111110111101000
1110110010100000
1110001100001000
0000000000000000
1111110010101000
1111110000010000
1110110010100000
1111000010001000
0000000000000000
1111110010101000
1111110000010000
0000000000000100
1110001100001000
0000000000000100
1111110000100000
1111110000010000
0000000000000000
1111110111101000
1110110010100000
1110001100001000
0000000000000000
1111110010101000
1111110000010000
0000000000000101
1110001100001000
0000000000000000
1111110010101000
1111110000010000
0000000000000100
1110001100001000
0000000000000101
1111110000010000
0000000000000000
1111110111101000
1110110010100000
1110001100001000
0000000000000000
1111110010101000
1111110000010000
0000000000000100
1111110000100000
1110001100001000
0000000000000000
1111110111001000
1111110010100000
1110101010001000
0000000000110110
1110101010000111
0100000000000000
1110110000010000
0000000000000000
1111110111101000
1110110010100000
1110001100001000
0000000000000000
1111110010101000
1111110000010000
0000000000010100
1110001100001000
0000000000000000
1111110111001000
1111110010100000
1110101010001000
0000000000000000
1111110010100000
1111110001001000
0000000000000000
1111110010101000
1111110000010000
0000000000010101
1110001100001000
0000000000100000
1110110000010000
0000000000000000
1111110111101000
1110110010100000
1110001100001000
0000000000000000
1111110010101000
1111110000010000
0000000000010110
1110001100001000
0000000000000000
1111110111001000
1111110010100000
1110101010001000
0000000000000000
1111110010101000
1111110000010000
0000000000010111
1110001100001000
0000000000000110
1110110000010000
0000000000000000
1111110111101000
1110110010100000
1110001100001000
0000000000000001
1110110000010000
0000000000001101
1110001100001000
0110001000010001
1110110000010000
0000000000001110
1110001100001000
0010011010111011
1110110000010000
0000000001011111
1110101010000111
0000000000000000
1111110010101000
1111110000010000
0000000000011000
1110001100001000
0000000000000000
1110110000010000
0000000000001101
1110001100001000
0010011011101000
1110110000010000
0000000000001110
1110001100001000
0010011011001100
1110110000010000
0000000001011111
1110101010000111
0000000000000000
1111110010101000
1111110000010000
0000000000000101
1110001100001000
0000000000000000
1110110000010000
0000000000001101
1110001100001000
0100100000011000
1110110000010000
0000000000001110
1110001100001000
0010011011011101
1110110000010000
0000000001011111
1110101010000111
0000000000000000
1111110010101000
1111110000010000
0000000000000101
1110001100001000
0000000000000000
1111110111001000
1111110010100000
1110101010001000
0000000000110110
1110101010000111
0000000001111111
1110110000010000
0000000000000000
1111110111101000
1110110010100000
1110001100001000
0000000000000001
1110110000010000
0000000000001101
1110001100001000
0001011010110000
1110110000010000
0000000000001110
1110001100001000
0010011011111010
1110110000010000
0000000001011111
1110101010000111
0000000000000000
1111110010101000
1111110000010000
0000000000011001
1110001100001000
0000000000000000
1111110111001000
1111110010100000
1110101010001000
0000000000111111
1110110000010000
0000000000000000
1111110111101000
1110110010100000
1110001100001000
0000000000111111
1110110000010000
0000000000000000
1111110111101000
1110110010100000
1110001100001000
0000000000111111
1110110000010000
0000000000000000
1111110111101000
1110110010100000
1110001100001000
0000000000111111
1110110000010000
0000000000000000
1111110111101000
1110110010100000
1110001100001000
0000000000111111
1110110000010000
0000000000000000
1111110111101000
1110110010100000
1110001100001000
0000000000111111
1110110000010000
0000000000000000
1111110111101000
1110110010100000
1110001100001000
0000000000111111
1110110000010000
0000000000000000
1111110111101000
1110110010100000
1110001100001000
0000000000111111
1110110000010000
0000000000000000
1111110111101000
1110110010100000
1110001100001000
0000000000111111
1110110000010000
0000000000000000
1111110111101000
1110110010100000
1110001100001000
0000000000000000
1111110111001000
1111110010100000
1110101010001000
0000000000000000
1111110111001000
1111110010100000
1110101010001000
0000000000001100
1110110000010000
0000000000001101
1110001100001000
0100010110110011
1110110000010000
0000000000001110
1110001100001000
0010011101001101
1110110000010000
0000000001011111
1110101010000111
0000000000000000
1111110010101000
1111110000010000
0000000000000101
1110001100001000
0000000000100000
1110110000010000
0000000000000000
1111110111101000
1110110010100000
1110001100001000
0000000000000000
1111110111001000
1111110010100000
1110101010001000
0000000000000000
1111110111001000
1111110010100000
1110101010001000
0000000000000000
1111110111001000
1111110010100000
1110101010001000
0000000000000000
1111110111001000
1111110010100000
1110101010001000
0000000000000000
1111110111001000
1111110010100000
1110101010001000
0000000000000000
1111110111001000
1111110010100000
1110101010001000
0000000000000000
1111110111001000
1111110010100000
1110101010001000
0000000000000000
1111110111001000
1111110010100000
1110101010001000
0000000000000000
1111110111001000
1111110010100000
1110101010001000
0000000000000000
1111110111001000
1111110010100000
1110101010001000
0000000000000000
1111110111001000
1111110010100000
1110101010001000
0000000000001100
1110110000010000
0000000000001101
1110001100001000
0100010110110011
1110110000010000
0000000000001110
1110001100001000
0010011110010000
1110110000010000
0000000001011111
1110101010000111
0000000000000000
1111110010101000
1111110000010000
0000000000000101
1110001100001000
0000000000100001
1110110000010000
0000000000000000
1111110111101000
1110110010100000
1110001100001000
0000000000001100
1110110000010000
0000000000000000
1111110111101000
1110110010100000
1110001100001000
0000000000011110
1110110000010000
0000000000000000
1111110111101000
1110110010100000
1110001100001000
0000000000011110
1110110000010000
0000000000000000
1111110111101000
1110110010100000
1110001100001000
0000000000011110
1110110000010000
0000000000000000
1111110111101000
1110110010100000
1110001100001000
0000000000001100
1110110000010000
0000000000000000
1111110111101000
1110110010100000
1110001100001000
0000000000001100
1110110000010000
0000000000000000
1111110111101000
1110110010100000
1110001100001000
0000000000000000
1111110111001000
1111110010100000
1110101010001000
0000000000001100
1110110000010000
0000000000000000
1111110111101000
1110110010100000
1110001100001000
0000000000001100
1110110000010000
0000000000000000
1111110111101000
1110110010100000
1110001100001000
0000000000000000
1111110111001000
1111110010100000
1110101010001000
0000000000000000
1111110111001000
1111110010100000
1110101010001000
0000000000001100
1110110000010000
0000000000001101
1110001100001000
0100010110110011
1110110000010000
0000000000001110
1110001100001000
0010011111100011
1110110000010000
0000000001011111
1110101010000111
0000000000000000
1111110010101000
1111110000010000
0000000000000101
1110001100001000
0000000000100010
1110110000010000
0000000000000000
1111110111101000
1110110010100000
1110001100001000
0000000000110110
1110110000010000
0000000000000000
1111110111101000
1110110010100000
1110001100001000
0000000000110110
1110110000010000
0000000000000000
1111110111101000
1110110010100000
1110001100001000
0000000000010100
1110110000010000
0000000000000000
1111110111101000
1110110010100000
1110001100001000
0000000000000000
1111110111001000
1111110010100000
1110101010001000
0000000000000000
1111110111001000
1111110010100000
1110101010001000
0000000000000000
1111110111001000
1111110010100000
1110101010001000
0000000000000000
1111110111001000
1111110010100000
1110101010001000
0000000000000000
1111110111001000
1111110010100000
1110101010001000
0000000000000000
1111110111001000
1111110010100000
1110101010001000
0000000000000000
1111110111001000
1111110010100000
1110101010001000
0000000000000000
1111110111001000
1111110010100000
1110101010001000
0000000000001100
1110110000010000
0000000000001101
1110001100001000
0100010110110011
1110110000010000
0000000000001110
1110001100001000
0010100000101100
1110110000010000
0000000001011111
1110101010000111
0000000000000000
1111110010101000
1111110000010000
0000000000000101
1110001100001000
0000000000100011
1110110000010000
0000000000000000
1111110111101000
1110110010100000
1110001100001000
0000000000000000
1111110111001000
1111110010100000
1110101010001000
0000000000010010
1110110000010000
0000000000000000
1111110111101000
1110110010100000
1110001100001000
0000000000010010
1110110000010000
0000000000000000
1111110111101000
1110110010100000
1110001100001000
0000000000111111
1110110000010000
0000000000000000
1111110111101000
1110110010100000
1110001100001000
0000000000010010
1110110000010000
0000000000000000
1111110111101000
1110110010100000
1110001100001000
0000000000010010
1110110000010000
0000000000000000
1111110111101000
1110110010100000
1110001100001000
0000000000111111
1110110000010000
0000000000000000
1111110111101000
1110110010100000
1110001100001000
0000000000010010
1110110000010000
0000000000000000
1111110111101000
1110110010100000
1110001100001000
0000000000010010
1110110000010000
0000000000000000
1111110111101000
1110110010100000
1110001100001000
0000000000000000
1111110111001000
1111110010100000
1110101010001000
0000000000000000
1111110111001000
1111110010100000
1110101010001000
0000000000001100
1110110000010000
0000000000001101
1110001100001000
0100010110110011
1110110000010000
0000000000001110
1110001100001000
0010100001111111
1110110000010000
0000000001011111
1110101010000111
0000000000000000
1111110010101000
1111110000010000
0000000000000101
1110001100001000
0000000000100100
1110110000010000
0000000000000000
1111110111101000
1110110010100000
1110001100001000
0000000000001100
1110110000010000
0000000000000000
1111110111101000
1110110010100000
1110001100001000
0000000000011110
1110110000010000
0000000000000000
1111110111101000
1110110010100000
1110001100001000
0000000000110011
1110110000010000
0000000000000000
1111110111101000
1110110010100000
1110001100001000
0000000000000011
1110110000010000
0000000000000000
1111110111101000
1110110010100000
1110001100001000
0000000000011110
1110110000010000
0000000000000000
1111110111101000
1110110010100000
1110001100001000
0000000000110000
1110110000010000
0000000000000000
1111110111101000
1110110010100000
1110001100001000
0000000000110011
1110110000010000
0000000000000000
1111110111101000
1110110010100000
1110001100001000
0000000000011110
1110110000010000
0000000000000000
1111110111101000
1110110010100000
1110001100001000
0000000000001100
1110110000010000
0000000000000000
1111110111101000
1110110010100000
1110001100001000
0000000000001100
1110110000010000
0000000000000000
1111110111101000
1110110010100000
1110001100001000
0000000000000000
1111110111001000
1111110010100000
1110101010001000
0000000000001100
1110110000010000
0000000000001101
1110001100001000
0100010110110011
1110110000010000
0000000000001110
1110001100001000
0010100011010110
1110110000010000
0000000001011111
1110101010000111
0000000000000000
1111110010101000
1111110000010000
0000000000000101
1110001100001000
0000000000100101
1110110000010000
0000000000000000
1111110111101000
1110110010100000
1110001100001000
0000000000000000
1111110111001000
1111110010100000
1110101010001000
0000000000000000
1111110111001000
1111110010100000
1110101010001000
0000000000100011
1110110000010000
0000000000000000
1111110111101000
1110110010100000
1110001100001000
0000000000110011
1110110000010000
0000000000000000
1111110111101000
1110110010100000
1110001100001000
0000000000011000
1110110000010000
0000000000000000
1111110111101000
1110110010100000
1110001100001000
0000000000001100
1110110000010000
0000000000000000
1111110111101000
1110110010100000
1110001100001000
0000000000000110
1110110000010000
0000000000000000
1111110111101000
1110110010100000
1110001100001000
0000000000110011
1110110000010000
0000000000000000
1111110111101000
1110110010100000
1110001100001000
0000000000110001
1110110000010000
0000000000000000
1111110111101000
1110110010100000
1110001100001000
0000000000000000
1111110111001000
1111110010100000
1110101010001000
0000000000000000
1111110111001000
1111110010100000
1110101010001000
0000000000001100
1110110000010000
0000000000001101
1110001100001000
0100010110110011
1110110000010000
0000000000001110
1110001100001000
0010100100100111
1110110000010000
0000000001011111
1110101010000111
0000000000000000
1111110010101000
1111110000010000
0000000000000101
1110001100001000
0000000000100110
1110110000010000
0000000000000000
1111110111101000
1110110010100000
1110001100001000
0000000000001100
1110110000010000
0000000000000000
1111110111101000
1110110010100000
1110001100001000
0000000000011110
1110110000010000
0000000000000000
1111110111101000
1110110010100000
1110001100001000
0000000000011110
1110110000010000
0000000000000000
1111110111101000
1110110010100000
1110001100001000
0000000000001100
1110110000010000
0000000000000000
1111110111101000
1110110010100000
1110001100001000
0000000000110110
1110110000010000
0000000000000000
1111110111101000
1110110010100000
1110001100001000
0000000000011011
1110110000010000
0000000000000000
1111110111101000
1110110010100000
1110001100001000
0000000000011011
1110110000010000
0000000000000000
1111110111101000
1110110010100000
1110001100001000
0000000000011011
1110110000010000
0000000000000000
1111110111101000
1110110010100000
1110001100001000
0000000000110110
1110110000010000
0000000000000000
1111110111101000
1110110010100000
1110001100001000
0000000000000000
1111110111001000
1111110010100000
1110101010001000
0000000000000000
1111110111001000
1111110010100000
1110101010001000
0000000000001100
1110110000010000
0000000000001101
1110001100001000
0100010110110011
1110110000010000
0000000000001110
1110001100001000
0010100101111100
1110110000010000
0000000001011111
1110101010000111
0000000000000000
1111110010101000
1111110000010000
0000000000000101
1110001100001000
0000000000100111
1110110000010000
0000000000000000
1111110111101000
1110110010100000
1110001100001000
0000000000001100
1110110000010000
0000000000000000
1111110111101000
1110110010100000
1110001100001000
0000000000001100
1110110000010000
0000000000000000
1111110111101000
1110110010100000
1110001100001000
0000000000000110
1110110000010000
0000000000000000
1111110111101000
1110110010100000
1110001100001000
0000000000000000
1111110111001000
1111110010100000
1110101010001000
0000000000000000
1111110111001000
1111110010100000
1110101010001000
0000000000000000
1111110111001000
1111110010100000
1110101010001000
0000000000000000
1111110111001000
1111110010100000
1110101010001000
0000000000000000
1111110111001000
1111110010100000
1110101010001000
0000000000000000
1111110111001000
1111110010100000
1110101010001000
0000000000000000
1111110111001000
1111110010100000
1110101010001000
0000000000000000
1111110111001000
1111110010100000
1110101010001000
0000000000001100
1110110000010000
0000000000001101
1110001100001000
0100010110110011
1110110000010000
0000000000001110
1110001100001000
0010100111000101
1110110000010000
0000000001011111
1110101010000111
0000000000000000
1111110010101000
1111110000010000
0000000000000101
1110001100001000
0000000000101000
1110110000010000
0000000000000000
1111110111101000
1110110010100000
1110001100001000
0000000000011000
1110110000010000
0000000000000000
1111110111101000
1110110010100000
1110001100001000
0000000000001100
1110110000010000
0000000000000000
1111110111101000
1110110010100000
1110001100001000
0000000000000110
1110110000010000
0000000000000000
1111110111101000
1110110010100000
1110001100001000
0000000000000110
1110110000010000
0000000000000000
1111110111101000
1110110010100000
1110001100001000
0000000000000110
1110110000010000
0000000000000000
1111110111101000
1110110010100000
1110001100001000
0000000000000110
1110110000010000
0000000000000000
1111110111101000
1110110010100000
1110001100001000
0000000000000110
1110110000010000
0000000000000000
1111110111101000
1110110010100000
1110001100001000
0000000000001100
1110110000010000
0000000000000000
1111110111101000
1110110010100000
1110001100001000
0000000000011000
1110110000010000
0000000000000000
1111110111101000
1110110010100000
1110001100001000
0000000000000000
1111110111001000
1111110010100000
1110101010001000
0000000000000000
1111110111001000
1111110010100000
1110101010001000
0000000000001100
1110110000010000
0000000000001101
1110001100001000
0100010110110011
1110110000010000
0000000000001110
1110001100001000
0010101000011010
1110110000010000
0000000001011111
1110101010000111
0000000000000000
1111110010101000
1111110000010000
0000000000000101
1110001100001000
0000000000101001
1110110000010000
0000000000000000
1111110111101000
1110110010100000
1110001100001000
0000000000000110
1110110000010000
0000000000000000
1111110111101000
1110110010100000
1110001100001000
0000000000001100
1110110000010000
0000000000000000
1111110111101000
1110110010100000
1110001100001000
0000000000011000
1110110000010000
0000000000000000
1111110111101000
1110110010100000
1110001100001000
0000000000011000
1110110000010000
0000000000000000
1111110111101000
1110110010100000
1110001100001000
0000000000011000
1110110000010000
0000000000000000
1111110111101000
1110110010100000
1110001100001000
0000000000011000
1110110000010000
0000000000000000
1111110111101000
1110110010100000
1110001100001000
0000000000011000
1110110000010000
0000000000000000
1111110111101000
1110110010100000
1110001100001000
0000000000001100
1110110000010000
0000000000000000
1111110111101000
1110110010100000
1110001100001000
0000000000000110
1110110000010000
0000000000000000
1111110111101000
1110110010100000
1110001100001000
0000000000000000
1111110111001000
1111110010100000
1110101010001000
0000000000000000
1111110111001000
1111110010100000
1110101010001000
0000000000001100
1110110000010000
0000000000001101
1110001100001000
0100010110110011
1110110000010000
0000000000001110
1110001100001000
0010101001101111
1110110000010000
0000000001011111
1110101010000111
0000000000000000
1111110010101000
1111110000010000
0000000000000101
1110001100001000
0000000000101010
1110110000010000
0000000000000000
1111110111101000
1110110010100000
1110001100001000
0000000000000000
1111110111001000
1111110010100000
1110101010001000
0000000000000000
1111110111001000
1111110010100000
1110101010001000
0000000000000000
1111110111001000
1111110010100000
1110101010001000
0000000000110011
1110110000010000
0000000000000000
1111110111101000
1110110010100000
1110001100001000
0000000000011110
1110110000010000
0000000000000000
1111110111101000
1110110010100000
1110001100001000
0000000000111111
1110110000010000
0000000000000000
1111110111101000
1110110010100000
1110001100001000
0000000000011110
1110110000010000
0000000000000000
1111110111101000
1110110010100000
1110001100001000
0000000000110011
1110110000010000
0000000000000000
1111110111101000
1110110010100000
1110001100001000
0000000000000000
1111110111001000
1111110010100000
1110101010001000
0000000000000000
1111110111001000
1111110010100000
1110101010001000
0000000000000000
1111110111001000
1111110010100000
1110101010001000
0000000000001100
1110110000010000
0000000000001101
1110001100001000
0100010110110011
1110110000010000
0000000000001110
1110001100001000
0010101010111100
1110110000010000
0000000001011111
1110101010000111
0000000000000000
1111110010101000
1111110000010000
0000000000000101
1110001100001000
0000000000101011
1110110000010000
0000000000000000
1111110111101000
1110110010100000
1110001100001000
0000000000000000
1111110111001000
1111110010100000
1110101010001000
0000000000000000
1111110111001000
1111110010100000
1110101010001000
0000000000000000
1111110111001000
1111110010100000
1110101010001000
0000000000001100
1110110000010000
0000000000000000
1111110111101000
1110110010100000
1110001100001000
0000000000001100
1110110000010000
0000000000000000
1111110111101000
1110110010100000
1110001100001000
0000000000111111
1110110000010000
0000000000000000
1111110111101000
1110110010100000
1110001100001000
0000000000001100
1110110000010000
0000000000000000
1111110111101000
1110110010100000
1110001100001000
0000000000001100
1110110000010000
0000000000000000
1111110111101000
1110110010100000
1110001100001000
0000000000000000
1111110111001000
1111110010100000
1110101010001000
0000000000000000
1111110111001000
1111110010100000
1110101010001000
0000000000000000
1111110111001000
1111110010100000
1110101010001000
0000000000001100
1110110000010000
0000000000001101
1110001100001000
0100010110110011
1110110000010000
0000000000001110
1110001100001000
0010101100001001
1110110000010000
0000000001011111
1110101010000111
0000000000000000
1111110010101000
1111110000010000
0000000000000101
1110001100001000
0000000000101100
1110110000010000
0000000000000000
1111110111101000
1110110010100000
1110001100001000
0000000000000000
1111110111001000
1111110010100000
1110101010001000
0000000000000000
1111110111001000
1111110010100000
1110101010001000
0000000000000000
1111110111001000
1111110010100000
1110101010001000
0000000000000000
1111110111001000
1111110010100000
1110101010001000
0000000000000000
1111110111001000
1111110010100000
1110101010001000
0000000000000000
1111110111001000
1111110010100000
1110101010001000
0000000000000000
1111110111001000
1111110010100000
1110101010001000
0000000000001100
1110110000010000
0000000000000000
1111110111101000
1110110010100000
1110001100001000
0000000000001100
1110110000010000
0000000000000000
1111110111101000
1110110010100000
1110001100001000
0000000000000110
1110110000010000
0000000000000000
1111110111101000
1110110010100000
1110001100001000
0000000000000000
1111110111001000
1111110010100000
1110101010001000
0000000000001100
1110110000010000
0000000000001101
1110001100001000
0100010110110011
1110110000010000
0000000000001110
1110001100001000
0010101101010010
1110110000010000
0000000001011111
1110101010000111
0000000000000000
1111110010101000
1111110000010000
0000000000000101
1110001100001000
0000000000101101
1110110000010000
0000000000000000
1111110111101000
1110110010100000
1110001100001000
0000000000000000
1111110111001000
1111110010100000
1110101010001000
0000000000000000
1111110111001000
1111110010100000
1110101010001000
0000000000000000
1111110111001000
1111110010100000
1110101010001000
0000000000000000
1111110111001000
1111110010100000
1110101010001000
0000000000000000
1111110111001000
1111110010100000
1110101010001000
0000000000111111
1110110000010000
0000000000000000
1111110111101000
1110110010100000
1110001100001000
0000000000000000
1111110111001000
1111110010100000
1110101010001000
0000000000000000
1111110111001000
1111110010100000
1110101010001000
0000000000000000
1111110111001000
1111110010100000
1110101010001000
0000000000000000
1111110111001000
1111110010100000
1110101010001000
0000000000000000
1111110111001000
1111110010100000
1110101010001000
0000000000001100
1110110000010000
0000000000001101
1110001100001000
0100010110110011
1110110000010000
0000000000001110
1110001100001000
0010101110010111
1110110000010000
0000000001011111
1110101010000111
0000000000000000
1111110010101000
1111110000010000
0000000000000101
1110001100001000
0000000000101110
1110110000010000
0000000000000000
1111110111101000
1110110010100000
1110001100001000
0000000000000000
1111110111001000
1111110010100000
1110101010001000
0000000000000000
1111110111001000
1111110010100000
1110101010001000
0000000000000000
1111110111001000
1111110010100000
1110101010001000
0000000000000000
1111110111001000
1111110010100000
1110101010001000
0000000000000000
1111110111001000
1111110010100000
1110101010001000
0000000000000000
1111110111001000
1111110010100000
1110101010001000
0000000000000000
1111110111001000
1111110010100000
1110101010001000
0000000000001100
1110110000010000
0000000000000000
1111110111101000
1110110010100000
1110001100001000
0000000000001100
1110110000010000
0000000000000000
1111110111101000
1110110010100000
1110001100001000
0000000000000000
1111110111001000
1111110010100000
1110101010001000
0000000000000000
1111110111001000
1111110010100000
1110101010001000
0000000000001100
1110110000010000
0000000000001101
1110001100001000
0100010110110011
1110110000010000
0000000000001110
1110001100001000
0010101111011110
1110110000010000
0000000001011111
1110101010000111
0000000000000000
1111110010101000
1111110000010000
0000000000000101
1110001100001000
0000000000101111
1110110000010000
0000000000000000
1111110111101000
1110110010100000
1110001100001000
0000000000000000
1111110111001000
1111110010100000
1110101010001000
0000000000000000
1111110111001000
1111110010100000
1110101010001000
0000000000100000
1110110000010000
0000000000000000
1111110111101000
1110110010100000
1110001100001000
0000000000110000
1110110000010000
0000000000000000
1111110111101000
1110110010100000
1110001100001000
0000000000011000
1110110000010000
0000000000000000
1111110111101000
1110110010100000
1110001100001000
0000000000001100
1110110000010000
0000000000000000
1111110111101000
1110110010100000
1110001100001000
0000000000000110
1110110000010000
0000000000000000
1111110111101000
1110110010100000
1110001100001000
0000000000000011
1110110000010000
0000000000000000
1111110111101000
1110110010100000
1110001100001000
0000000000000000
1111110111001000
1111110010100000
1110111111001000
0000000000000000
1111110111001000
1111110010100000
1110101010001000
0000000000000000
1111110111001000
1111110010100000
1110101010001000
0000000000001100
1110110000010000
0000000000001101
1110001100001000
0100010110110011
1110110000010000
0000000000001110
1110001100001000
0010110000101101
1110110000010000
0000000001011111
1110101010000111
0000000000000000
1111110010101000
1111110000010000
0000000000000101
1110001100001000
0000000000110000
1110110000010000
0000000000000000
1111110111101000
1110110010100000
1110001100001000
0000000000001100
1110110000010000
0000000000000000
1111110111101000
1110110010100000
1110001100001000
0000000000011110
1110110000010000
0000000000000000
1111110111101000
1110110010100000
1110001100001000
0000000000110011
1110110000010000
0000000000000000
1111110111101000
1110110010100000
1110001100001000
0000000000110011
1110110000010000
0000000000000000
1111110111101000
1110110010100000
1110001100001000
0000000000110011
1110110000010000
0000000000000000
1111110111101000
1110110010100000
1110001100001000
0000000000110011
1110110000010000
0000000000000000
1111110111101000
1110110010100000
1110001100001000
0000000000110011
1110110000010000
0000000000000000
1111110111101000
1110110010100000
1110001100001000
0000000000011110
1110110000010000
0000000000000000
1111110111101000
1110110010100000
1110001100001000
0000000000001100
1110110000010000
0000000000000000
1111110111101000
1110110010100000
1110001100001000
0000000000000000
1111110111001000
1111110010100000
1110101010001000
0000000000000000
1111110111001000
1111110010100000
1110101010001000
0000000000001100
1110110000010000
0000000000001101
1110001100001000
0100010110110011
1110110000010000
0000000000001110
1110001100001000
0010110010000010
1110110000010000
0000000001011111
1110101010000111
0000000000000000
1111110010101000
1111110000010000
0000000000000101
1110001100001000
0000000000110001
1110110000010000
0000000000000000
1111110111101000
1110110010100000
1110001100001000
0000000000001100
1110110000010000
0000000000000000
1111110111101000
1110110010100000
1110001100001000
0000000000001110
1110110000010000
0000000000000000
1111110111101000
1110110010100000
1110001100001000
0000000000001111
1110110000010000
0000000000000000
1111110111101000
1110110010100000
1110001100001000
0000000000001100
1110110000010000
0000000000000000
1111110111101000
1110110010100000
1110001100001000
0000000000001100
1110110000010000
0000000000000000
1111110111101000
1110110010100000
1110001100001000
0000000000001100
1110110000010000
0000000000000000
1111110111101000
1110110010100000
1110001100001000
0000000000001100
1110110000010000
0000000000000000
1111110111101000
1110110010100000
1110001100001000
0000000000001100
1110110000010000
0000000000000000
1111110111101000
1110110010100000
1110001100001000
0000000000111111
1110110000010000
0000000000000000
1111110111101000
1110110010100000
1110001100001000
0000000000000000
1111110111001000
1111110010100000
1110101010001000
0000000000000000
1111110111001000
1111110010100000
1110101010001000
0000000000001100
1110110000010000
0000000000001101
1110001100001000
0100010110110011
1110110000010000
0000000000001110
1110001100001000
0010110011010111
1110110000010000
0000000001011111
1110101010000111
0000000000000000
1111110010101000
1111110000010000
0000000000000101
1110001100001000
0000000000110010
1110110000010000
0000000000000000
1111110111101000
1110110010100000
1110001100001000
0000000000011110
1110110000010000
0000000000000000
1111110111101000
1110110010100000
1110001100001000
0000000000110011
1110110000010000
0000000000000000
1111110111101000
1110110010100000
1110001100001000
0000000000110000
1110110000010000
0000000000000000
1111110111101000
1110110010100000
1110001100001000
0000000000011000
1110110000010000
0000000000000000
1111110111101000
1110110010100000
1110001100001000
0000000000001100
1110110000010000
0000000000000000
1111110111101000
1110110010100000
1110001100001000
0000000000000110
1110110000010000
0000000000000000
1111110111101000
1110110010100000
1110001100001000
0000000000000011
1110110000010000
0000000000000000
1111110111101000
1110110010100000
1110001100001000
0000000000110011
1110110000010000
0000000000000000
1111110111101000
1110110010100000
1110001100001000
0000000000111111
1110110000010000
0000000000000000
1111110111101000
1110110010100000
1110001100001000
0000000000000000
1111110111001000
1111110010100000
1110101010001000
0000000000000000
1111110111001000
1111110010100000
1110101010001000
0000000000001100
1110110000010000
0000000000001101
1110001100001000
0100010110110011
1110110000010000
0000000000001110
1110001100001000
0010110100101100
1110110000010000
0000000001011111
1110101010000111
0000000000000000
1111110010101000
1111110000010000
0000000000000101
1110001100001000
0000000000110011
1110110000010000
0000000000000000
1111110111101000
1110110010100000
1110001100001000
0000000000011110
1110110000010000
0000000000000000
1111110111101000
1110110010100000
1110001100001000
0000000000110011
1110110000010000
0000000000000000
1111110111101000
1110110010100000
1110001100001000
0000000000110000
1110110000010000
0000000000000000
1111110111101000
1110110010100000
1110001100001000
0000000000110000
1110110000010000
0000000000000000
1111110111101000
1110110010100000
1110001100001000
0000000000011100
1110110000010000
0000000000000000
1111110111101000
1110110010100000
1110001100001000
0000000000110000
1110110000010000
0000000000000000
1111110111101000
1110110010100000
1110001100001000
0000000000110000
1110110000010000
0000000000000000
1111110111101000
1110110010100000
1110001100001000
0000000000110011
1110110000010000
0000000000000000
1111110111101000
1110110010100000
1110001100001000
0000000000011110
1110110000010000
0000000000000000
1111110111101000
1110110010100000
1110001100001000
0000000000000000
1111110111001000
1111110010100000
1110101010001000
0000000000000000
1111110111001000
1111110010100000
1110101010001000
0000000000001100
1110110000010000
0000000000001101
1110001100001000
0100010110110011
1110110000010000
0000000000001110
1110001100001000
0010110110000001
1110110000010000
0000000001011111
1110101010000111
0000000000000000
1111110010101000
1111110000010000
0000000000000101
1110001100001000
0000000000110100
1110110000010000
0000000000000000
1111110111101000
1110110010100000
1110001100001000
0000000000010000
1110110000010000
0000000000000000
1111110111101000
1110110010100000
1110001100001000
0000000000011000
1110110000010000
0000000000000000
1111110111101000
1110110010100000
1110001100001000
0000000000011100
1110110000010000
0000000000000000
1111110111101000
1110110010100000
1110001100001000
0000000000011010
1110110000010000
0000000000000000
1111110111101000
1110110010100000
1110001100001000
0000000000011001
1110110000010000
0000000000000000
1111110111101000
1110110010100000
1110001100001000
0000000000111111
1110110000010000
0000000000000000
1111110111101000
1110110010100000
1110001100001000
0000000000011000
1110110000010000
0000000000000000
1111110111101000
1110110010100000
1110001100001000
0000000000011000
1110110000010000
0000000000000000
1111110111101000
1110110010100000
1110001100001000
0000000000111100
1110110000010000
0000000000000000
1111110111101000
1110110010100000
1110001100001000
0000000000000000
1111110111001000
1111110010100000
1110101010001000
0000000000000000
1111110111001000
1111110010100000
1110101010001000
0000000000001100
1110110000010000
0000000000001101
1110001100001000
0100010110110011
1110110000010000
0000000000001110
1110001100001000
0010110111010110
1110110000010000
0000000001011111
1110101010000111
0000000000000000
1111110010101000
1111110000010000
0000000000000101
1110001100001000
0000000000110101
1110110000010000
0000000000000000
1111110111101000
1110110010100000
1110001100001000
0000000000111111
1110110000010000
0000000000000000
1111110111101000
1110110010100000
1110001100001000
0000000000000011
1110110000010000
0000000000000000
1111110111101000
1110110010100000
1110001100001000
0000000000000011
1110110000010000
0000000000000000
1111110111101000
1110110010100000
1110001100001000
0000000000011111
1110110000010000
0000000000000000
1111110111101000
1110110010100000
1110001100001000
0000000000110000
1110110000010000
0000000000000000
1111110111101000
1110110010100000
1110001100001000
0000000000110000
1110110000010000
0000000000000000
1111110111101000
1110110010100000
1110001100001000
0000000000110000
1110110000010000
0000000000000000
1111110111101000
1110110010100000
1110001100001000
0000000000110011
1110110000010000
0000000000000000
1111110111101000
1110110010100000
1110001100001000
0000000000011110
1110110000010000
0000000000000000
1111110111101000
1110110010100000
1110001100001000
0000000000000000
1111110111001000
1111110010100000
1110101010001000
0000000000000000
1111110111001000
1111110010100000
1110101010001000
0000000000001100
1110110000010000
0000000000001101
1110001100001000
0100010110110011
1110110000010000
0000000000001110
1110001100001000
0010111000101011
1110110000010000
0000000001011111
1110101010000111
0000000000000000
1111110010101000
1111110000010000
0000000000000101
1110001100001000
0000000000110110
1110110000010000
0000000000000000
1111110111101000
1110110010100000
1110001100001000
0000000000011100
1110110000010000
0000000000000000
1111110111101000
1110110010100000
1110001100001000
0000000000000110
1110110000010000
0000000000000000
1111110111101000
1110110010100000
1110001100001000
0000000000000011
1110110000010000
0000000000000000
1111110111101000
1110110010100000
1110001100001000
0000000000000011
1110110000010000
0000000000000000
1111110111101000
1110110010100000
1110001100001000
0000000000011111
1110110000010000
0000000000000000
1111110111101000
1110110010100000
1110001100001000
0000000000110011
1110110000010000
0000000000000000
1111110111101000
1110110010100000
1110001100001000
0000000000110011
1110110000010000
0000000000000000
1111110111101000
1110110010100000
1110001100001000
0000000000110011
1110110000010000
0000000000000000
1111110111101000
1110110010100000
1110001100001000
0000000000011110
1110110000010000
0000000000000000
1111110111101000
1110110010100000
1110001100001000
0000000000000000
1111110111001000
1111110010100000
1110101010001000
0000000000000000
1111110111001000
1111110010100000
1110101010001000
0000000000001100
1110110000010000
0000000000001101
1110001100001000
0100010110110011
1110110000010000
0000000000001110
1110001100001000
0010111010000000
1110110000010000
0000000001011111
1110101010000111
0000000000000000
1111110010101000
1111110000010000
0000000000000101
1110001100001000
0000000000110111
1110110000010000
0000000000000000
1111110111101000
1110110010100000
1110001100001000
0000000000111111
1110110000010000
0000000000000000
1111110111101000
1110110010100000
1110001100001000
0000000000110001
1110110000010000
0000000000000000
1111110111101000
1110110010100000
1110001100001000
0000000000110000
1110110000010000
0000000000000000
1111110111101000
1110110010100000
1110001100001000
0000000000110000
1110110000010000
0000000000000000
1111110111101000
1110110010100000
1110001100001000
0000000000011000
1110110000010000
0000000000000000
1111110111101000
1110110010100000
1110001100001000
0000000000001100
1110110000010000
0000000000000000
1111110111101000
1110110010100000
1110001100001000
0000000000001100
1110110000010000
0000000000000000
1111110111101000
1110110010100000
1110001100001000
0000000000001100
1110110000010000
0000000000000000
1111110111101000
1110110010100000
1110001100001000
0000000000001100
1110110000010000
0000000000000000
1111110111101000
1110110010100000
1110001100001000
0000000000000000
1111110111001000
1111110010100000
1110101010001000
0000000000000000
1111110111001000
1111110010100000
1110101010001000
0000000000001100
1110110000010000
0000000000001101
1110001100001000
0100010110110011
1110110000010000
0000000000001110
1110001100001000
0010111011010101
1110110000010000
0000000001011111
1110101010000111
0000000000000000
1111110010101000
1111110000010000
0000000000000101
1110001100001000
0000000000111000
1110110000010000
0000000000000000
1111110111101000
1110110010100000
1110001100001000
0000000000011110
1110110000010000
0000000000000000
1111110111101000
1110110010100000
1110001100001000
0000000000110011
1110110000010000
0000000000000000
1111110111101000
1110110010100000
1110001100001000
0000000000110011
1110110000010000
0000000000000000
1111110111101000
1110110010100000
1110001100001000
0000000000110011
1110110000010000
0000000000000000
1111110111101000
1110110010100000
1110001100001000
0000000000011110
1110110000010000
0000000000000000
1111110111101000
1110110010100000
1110001100001000
0000000000110011
1110110000010000
0000000000000000
1111110111101000
1110110010100000
1110001100001000
0000000000110011
1110110000010000
0000000000000000
1111110111101000
1110110010100000
1110001100001000
0000000000110011
1110110000010000
0000000000000000
1111110111101000
1110110010100000
1110001100001000
0000000000011110
1110110000010000
0000000000000000
1111110111101000
1110110010100000
1110001100001000
0000000000000000
1111110111001000
1111110010100000
1110101010001000
0000000000000000
1111110111001000
1111110010100000
1110101010001000
0000000000001100
1110110000010000
0000000000001101
1110001100001000
0100010110110011
1110110000010000
0000000000001110
1110001100001000
0010111100101010
1110110000010000
0000000001011111
1110101010000111
0000000000000000
1111110010101000
1111110000010000
0000000000000101
1110001100001000
0000000000111001
1110110000010000
0000000000000000
1111110111101000
1110110010100000
1110001100001000
0000000000011110
1110110000010000
0000000000000000
1111110111101000
1110110010100000
1110001100001000
0000000000110011
1110110000010000
0000000000000000
1111110111101000
1110110010100000
1110001100001000
0000000000110011
1110110000010000
0000000000000000
1111110111101000
1110110010100000
1110001100001000
0000000000110011
1110110000010000
0000000000000000
1111110111101000
1110110010100000
1110001100001000
0000000000111110
1110110000010000
0000000000000000
1111110111101000
1110110010100000
1110001100001000
0000000000110000
1110110000010000
0000000000000000
1111110111101000
1110110010100000
1110001100001000
0000000000110000
1110110000010000
0000000000000000
1111110111101000
1110110010100000
1110001100001000
0000000000011000
1110110000010000
0000000000000000
1111110111101000
1110110010100000
1110001100001000
0000000000001110
1110110000010000
0000000000000000
1111110111101000
1110110010100000
1110001100001000
0000000000000000
1111110111001000
1111110010100000
1110101010001000
0000000000000000
1111110111001000
1111110010100000
1110101010001000
0000000000001100
1110110000010000
0000000000001101
1110001100001000
0100010110110011
1110110000010000
0000000000001110
1110001100001000
0010111101111111
1110110000010000
0000000001011111
1110101010000111
0000000000000000
1111110010101000
1111110000010000
0000000000000101
1110001100001000
0000000000111010
1110110000010000
0000000000000000
1111110111101000
1110110010100000
1110001100001000
0000000000000000
1111110111001000
1111110010100000
1110101010001000
0000000000000000
1111110111001000
1111110010100000
1110101010001000
0000000000001100
1110110000010000
0000000000000000
1111110111101000
1110110010100000
1110001100001000
0000000000001100
1110110000010000
0000000000000000
1111110111101000
1110110010100000
1110001100001000
0000000000000000
1111110111001000
1111110010100000
1110101010001000
0000000000000000
1111110111001000
1111110010100000
1110101010001000
0000000000001100
1110110000010000
0000000000000000
1111110111101000
1110110010100000
1110001100001000
0000000000001100
1110110000010000
0000000000000000
1111110111101000
1110110010100000
1110001100001000
0000000000000000
1111110111001000
1111110010100000
1110101010001000
0000000000000000
1111110111001000
1111110010100000
1110101010001000
0000000000000000
1111110111001000
1111110010100000
1110101010001000
0000000000001100
1110110000010000
0000000000001101
1110001100001000
0100010110110011
1110110000010000
0000000000001110
1110001100001000
0010111111001010
1110110000010000
0000000001011111
1110101010000111
0000000000000000
1111110010101000
1111110000010000
0000000000000101
1110001100001000
0000000000111011
1110110000010000
0000000000000000
1111110111101000
1110110010100000
1110001100001000
0000000000000000
1111110111001000
1111110010100000
1110101010001000
0000000000000000
1111110111001000
1111110010100000
1110101010001000
0000000000001100
1110110000010000
0000000000000000
1111110111101000
1110110010100000
1110001100001000
0000000000001100
1110110000010000
0000000000000000
1111110111101000
1110110010100000
1110001100001000
0000000000000000
1111110111001000
1111110010100000
1110101010001000
0000000000000000
1111110111001000
1111110010100000
1110101010001000
0000000000001100
1110110000010000
0000000000000000
1111110111101000
1110110010100000
1110001100001000
0000000000001100
1110110000010000
0000000000000000
1111110111101000
1110110010100000
1110001100001000
0000000000000110
1110110000010000
0000000000000000
1111110111101000
1110110010100000
1110001100001000
0000000000000000
1111110111001000
1111110010100000
1110101010001000
0000000000000000
1111110111001000
1111110010100000
1110101010001000
0000000000001100
1110110000010000
0000000000001101
1110001100001000
0100010110110011
1110110000010000
0000000000001110
1110001100001000
0011000000010111
1110110000010000
0000000001011111
1110101010000111
0000000000000000
1111110010101000
1111110000010000
0000000000000101
1110001100001000
0000000000111100
1110110000010000
0000000000000000
1111110111101000
1110110010100000
1110001100001000
0000000000000000
1111110111001000
1111110010100000
1110101010001000
0000000000000000
1111110111001000
1111110010100000
1110101010001000
0000000000011000
1110110000010000
0000000000000000
1111110111101000
1110110010100000
1110001100001000
0000000000001100
1110110000010000
0000000000000000
1111110111101000
1110110010100000
1110001100001000
0000000000000110
1110110000010000
0000000000000000
1111110111101000
1110110010100000
1110001100001000
0000000000000011
1110110000010000
0000000000000000
1111110111101000
1110110010100000
1110001100001000
0000000000000110
1110110000010000
0000000000000000
1111110111101000
1110110010100000
1110001100001000
0000000000001100
1110110000010000
0000000000000000
1111110111101000
1110110010100000
1110001100001000
0000000000011000
1110110000010000
0000000000000000
1111110111101000
1110110010100000
1110001100001000
0000000000000000
1111110111001000
1111110010100000
1110101010001000
0000000000000000
1111110111001000
1111110010100000
1110101010001000
0000000000001100
1110110000010000
0000000000001101
1110001100001000
0100010110110011
1110110000010000
0000000000001110
1110001100001000
0011000001101000
1110110000010000
0000000001011111
1110101010000111
0000000000000000
1111110010101000
1111110000010000
0000000000000101
1110001100001000
0000000000111101
1110110000010000
0000000000000000
1111110111101000
1110110010100000
1110001100001000
0000000000000000
1111110111001000
1111110010100000
1110101010001000
0000000000000000
1111110111001000
1111110010100000
1110101010001000
0000000000000000
1111110111001000
1111110010100000
1110101010001000
0000000000111111
1110110000010000
0000000000000000
1111110111101000
1110110010100000
1110001100001000
0000000000000000
1111110111001000
1111110010100000
1110101010001000
0000000000000000
1111110111001000
1111110010100000
1110101010001000
0000000000111111
1110110000010000
0000000000000000
1111110111101000
1110110010100000
1110001100001000
0000000000000000
1111110111001000
1111110010100000
1110101010001000
0000000000000000
1111110111001000
1111110010100000
1110101010001000
0000000000000000
1111110111001000
1111110010100000
1110101010001000
0000000000000000
1111110111001000
1111110010100000
1110101010001000
0000000000001100
1110110000010000
0000000000001101
1110001100001000
0100010110110011
1110110000010000
0000000000001110
1110001100001000
0011000010101111
1110110000010000
0000000001011111
1110101010000111
0000000000000000
1111110010101000
1111110000010000
0000000000000101
1110001100001000
0000000000111110
1110110000010000
0000000000000000
1111110111101000
1110110010100000
1110001100001000
0000000000000000
1111110111001000
1111110010100000
1110101010001000
0000000000000000
1111110111001000
1111110010100000
1110101010001000
0000000000000011
1110110000010000
0000000000000000
1111110111101000
1110110010100000
1110001100001000
0000000000000110
1110110000010000
0000000000000000
1111110111101000
1110110010100000
1110001100001000
0000000000001100
1110110000010000
0000000000000000
1111110111101000
1110110010100000
1110001100001000
0000000000011000
1110110000010000
0000000000000000
1111110111101000
1110110010100000
1110001100001000
0000000000001100
1110110000010000
0000000000000000
1111110111101000
1110110010100000
1110001100001000
0000000000000110
1110110000010000
0000000000000000
1111110111101000
1110110010100000
1110001100001000
0000000000000011
1110110000010000
0000000000000000
1111110111101000
1110110010100000
1110001100001000
0000000000000000
1111110111001000
1111110010100000
1110101010001000
0000000000000000
1111110111001000
1111110010100000
1110101010001000
0000000000001100
1110110000010000
0000000000001101
1110001100001000
0100010110110011
1110110000010000
0000000000001110
1110001100001000
0011000100000000
1110110000010000
0000000001011111
1110101010000111
0000000000000000
1111110010101000
1111110000010000
0000000000000101
1110001100001000
0000000001000000
1110110000010000
0000000000000000
1111110111101000
1110110010100000
1110001100001000
0000000000011110
1110110000010000
0000000000000000
1111110111101000
1110110010100000
1110001100001000
0000000000110011
1110110000010000
0000000000000000
1111110111101000
1110110010100000
1110001100001000
0000000000110011
1110110000010000
0000000000000000
1111110111101000
1110110010100000
1110001100001000
0000000000111011
1110110000010000
0000000000000000
1111110111101000
1110110010100000
1110001100001000
0000000000111011
1110110000010000
0000000000000000
1111110111101000
1110110010100000
1110001100001000
0000000000111011
1110110000010000
0000000000000000
1111110111101000
1110110010100000
1110001100001000
0000000000011011
1110110000010000
0000000000000000
1111110111101000
1110110010100000
1110001100001000
0000000000000011
1110110000010000
0000000000000000
1111110111101000
1110110010100000
1110001100001000
0000000000011110
1110110000010000
0000000000000000
1111110111101000
1110110010100000
1110001100001000
0000000000000000
1111110111001000
1111110010100000
1110101010001000
0000000000000000
1111110111001000
1111110010100000
1110101010001000
0000000000001100
1110110000010000
0000000000001101
1110001100001000
0100010110110011
1110110000010000
0000000000001110
1110001100001000
0011000101010101
1110110000010000
0000000001011111
1110101010000111
0000000000000000
1111110010101000
1111110000010000
0000000000000101
1110001100001000
0000000000111111
1110110000010000
0000000000000000
1111110111101000
1110110010100000
1110001100001000
0000000000011110
1110110000010000
0000000000000000
1111110111101000
1110110010100000
1110001100001000
0000000000110011
1110110000010000
0000000000000000
1111110111101000
1110110010100000
1110001100001000
0000000000110011
1110110000010000
0000000000000000
1111110111101000
1110110010100000
1110001100001000
0000000000011000
1110110000010000
0000000000000000
1111110111101000
1110110010100000
1110001100001000
0000000000001100
1110110000010000
0000000000000000
1111110111101000
1110110010100000
1110001100001000
0000000000001100
1110110000010000
0000000000000000
1111110111101000
1110110010100000
1110001100001000
0000000000000000
1111110111001000
1111110010100000
1110101010001000
0000000000001100
1110110000010000
0000000000000000
1111110111101000
1110110010100000
1110001100001000
0000000000001100
1110110000010000
0000000000000000
1111110111101000
1110110010100000
1110001100001000
0000000000000000
1111110111001000
1111110010100000
1110101010001000
0000000000000000
1111110111001000
1111110010100000
1110101010001000
0000000000001100
1110110000010000
0000000000001101
1110001100001000
0100010110110011
1110110000010000
0000000000001110
1110001100001000
0011000110101000
1110110000010000
0000000001011111
1110101010000111
0000000000000000
1111110010101000
1111110000010000
0000000000000101
1110001100001000
0000000001000001
1110110000010000
0000000000000000
1111110111101000
1110110010100000
1110001100001000
0000000000001100
1110110000010000
0000000000000000
1111110111101000
1110110010100000
1110001100001000
0000000000011110
1110110000010000
0000000000000000
1111110111101000
1110110010100000
1110001100001000
0000000000110011
1110110000010000
0000000000000000
1111110111101000
1110110010100000
1110001100001000
0000000000110011
1110110000010000
0000000000000000
1111110111101000
1110110010100000
1110001100001000
0000000000111111
1110110000010000
0000000000000000
1111110111101000
1110110010100000
1110001100001000
0000000000110011
1110110000010000
0000000000000000
1111110111101000
1110110010100000
1110001100001000
0000000000110011
1110110000010000
0000000000000000
1111110111101000
1110110010100000
1110001100001000
0000000000110011
1110110000010000
0000000000000000
1111110111101000
1110110010100000
1110001100001000
0000000000110011
1110110000010000
0000000000000000
1111110111101000
1110110010100000
1110001100001000
0000000000000000
1111110111001000
1111110010100000
1110101010001000
0000000000000000
1111110111001000
1111110010100000
1110101010001000
0000000000001100
1110110000010000
0000000000001101
1110001100001000
0100010110110011
1110110000010000
0000000000001110
1110001100001000
0011000111111101
1110110000010000
0000000001011111
1110101010000111
0000000000000000
1111110010101000
1111110000010000
0000000000000101
1110001100001000
0000000001000010
1110110000010000
0000000000000000
1111110111101000
1110110010100000
1110001100001000
0000000000011111
1110110000010000
0000000000000000
1111110111101000
1110110010100000
1110001100001000
0000000000110011
1110110000010000
0000000000000000
1111110111101000
1110110010100000
1110001100001000
0000000000110011
1110110000010000
0000000000000000
1111110111101000
1110110010100000
1110001100001000
0000000000110011
1110110000010000
0000000000000000
1111110111101000
1110110010100000
1110001100001000
0000000000011111
1110110000010000
0000000000000000
1111110111101000
1110110010100000
1110001100001000
0000000000110011
1110110000010000
0000000000000000
1111110111101000
1110110010100000
1110001100001000
0000000000110011
1110110000010000
0000000000000000
1111110111101000
1110110010100000
1110001100001000
0000000000110011
1110110000010000
0000000000000000
1111110111101000
1110110010100000
1110001100001000
0000000000011111
1110110000010000
0000000000000000
1111110111101000
1110110010100000
1110001100001000
0000000000000000
1111110111001000
1111110010100000
1110101010001000
0000000000000000
1111110111001000
1111110010100000
1110101010001000
0000000000001100
1110110000010000
0000000000001101
1110001100001000
0100010110110011
1110110000010000
0000000000001110
1110001100001000
0011001001010010
1110110000010000
0000000001011111
1110101010000111
0000000000000000
1111110010101000
1111110000010000
0000000000000101
1110001100001000
0000000001000011
1110110000010000
0000000000000000
1111110111101000
1110110010100000
1110001100001000
0000000000011100
1110110000010000
0000000000000000
1111110111101000
1110110010100000
1110001100001000
0000000000110110
1110110000010000
0000000000000000
1111110111101000
1110110010100000
1110001100001000
0000000000100011
1110110000010000
0000000000000000
1111110111101000
1110110010100000
1110001100001000
0000000000000011
1110110000010000
0000000000000000
1111110111101000
1110110010100000
1110001100001000
0000000000000011
1110110000010000
0000000000000000
1111110111101000
1110110010100000
1110001100001000
0000000000000011
1110110000010000
0000000000000000
1111110111101000
1110110010100000
1110001100001000
0000000000100011
1110110000010000
0000000000000000
1111110111101000
1110110010100000
1110001100001000
0000000000110110
1110110000010000
0000000000000000
1111110111101000
1110110010100000
1110001100001000
0000000000011100
1110110000010000
0000000000000000
1111110111101000
1110110010100000
1110001100001000
0000000000000000
1111110111001000
1111110010100000
1110101010001000
0000000000000000
1111110111001000
1111110010100000
1110101010001000
0000000000001100
1110110000010000
0000000000001101
1110001100001000
0100010110110011
1110110000010000
0000000000001110
1110001100001000
0011001010100111
1110110000010000
0000000001011111
1110101010000111
0000000000000000
1111110010101000
1111110000010000
0000000000000101
1110001100001000
0000000001000100
1110110000010000
0000000000000000
1111110111101000
1110110010100000
1110001100001000
0000000000001111
1110110000010000
0000000000000000
1111110111101000
1110110010100000
1110001100001000
0000000000011011
1110110000010000
0000000000000000
1111110111101000
1110110010100000
1110001100001000
0000000000110011
1110110000010000
0000000000000000
1111110111101000
1110110010100000
1110001100001000
0000000000110011
1110110000010000
0000000000000000
1111110111101000
1110110010100000
1110001100001000
0000000000110011
1110110000010000
0000000000000000
1111110111101000
1110110010100000
1110001100001000
0000000000110011
1110110000010000
0000000000000000
1111110111101000
1110110010100000
1110001100001000
0000000000110011
1110110000010000
0000000000000000
1111110111101000
1110110010100000
1110001100001000
0000000000011011
1110110000010000
0000000000000000
1111110111101000
1110110010100000
1110001100001000
0000000000001111
1110110000010000
0000000000000000
1111110111101000
1110110010100000
1110001100001000
0000000000000000
1111110111001000
1111110010100000
1110101010001000
0000000000000000
1111110111001000
1111110010100000
1110101010001000
0000000000001100
1110110000010000
0000000000001101
1110001100001000
0100010110110011
1110110000010000
0000000000001110
1110001100001000
0011001011111100
1110110000010000
0000000001011111
1110101010000111
0000000000000000
1111110010101000
1111110000010000
0000000000000101
1110001100001000
0000000001000101
1110110000010000
0000000000000000
1111110111101000
1110110010100000
1110001100001000
0000000000111111
1110110000010000
0000000000000000
1111110111101000
1110110010100000
1110001100001000
0000000000110011
1110110000010000
0000000000000000
1111110111101000
1110110010100000
1110001100001000
0000000000100011
1110110000010000
0000000000000000
1111110111101000
1110110010100000
1110001100001000
0000000000001011
1110110000010000
0000000000000000
1111110111101000
1110110010100000
1110001100001000
0000000000001111
1110110000010000
0000000000000000
1111110111101000
1110110010100000
1110001100001000
0000000000001011
1110110000010000
0000000000000000
1111110111101000
1110110010100000
1110001100001000
0000000000100011
1110110000010000
0000000000000000
1111110111101000
1110110010100000
1110001100001000
0000000000110011
1110110000010000
0000000000000000
1111110111101000
1110110010100000
1110001100001000
0000000000111111
1110110000010000
0000000000000000
1111110111101000
1110110010100000
1110001100001000
0000000000000000
1111110111001000
1111110010100000
1110101010001000
0000000000000000
1111110111001000
1111110010100000
1110101010001000
0000000000001100
1110110000010000
0000000000001101
1110001100001000
0100010110110011
1110110000010000
0000000000001110
1110001100001000
0011001101010001
1110110000010000
0000000001011111
1110101010000111
0000000000000000
1111110010101000
1111110000010000
0000000000000101
1110001100001000
0000000001000110
1110110000010000
0000000000000000
1111110111101000
1110110010100000
1110001100001000
0000000000111111
1110110000010000
0000000000000000
1111110111101000
1110110010100000
1110001100001000
0000000000110011
1110110000010000
0000000000000000
1111110111101000
1110110010100000
1110001100001000
0000000000100011
1110110000010000
0000000000000000
1111110111101000
1110110010100000
1110001100001000
0000000000001011
1110110000010000
0000000000000000
1111110111101000
1110110010100000
1110001100001000
0000000000001111
1110110000010000
0000000000000000
1111110111101000
1110110010100000
1110001100001000
0000000000001011
1110110000010000
0000000000000000
1111110111101000
1110110010100000
1110001100001000
0000000000000011
1110110000010000
0000000000000000
1111110111101000
1110110010100000
1110001100001000
0000000000000011
1110110000010000
0000000000000000
1111110111101000
1110110010100000
1110001100001000
0000000000000011
1110110000010000
0000000000000000
1111110111101000
1110110010100000
1110001100001000
0000000000000000
1111110111001000
1111110010100000
1110101010001000
0000000000000000
1111110111001000
1111110010100000
1110101010001000
0000000000001100
1110110000010000
0000000000001101
1110001100001000
0100010110110011
1110110000010000
0000000000001110
1110001100001000
0011001110100110
1110110000010000
0000000001011111
1110101010000111
0000000000000000
1111110010101000
1111110000010000
0000000000000101
1110001100001000
0000000001000111
1110110000010000
0000000000000000
1111110111101000
1110110010100000
1110001100001000
0000000000011100
1110110000010000
0000000000000000
1111110111101000
1110110010100000
1110001100001000
0000000000110110
1110110000010000
0000000000000000
1111110111101000
1110110010100000
1110001100001000
0000000000100011
1110110000010000
0000000000000000
1111110111101000
1110110010100000
1110001100001000
0000000000000011
1110110000010000
0000000000000000
1111110111101000
1110110010100000
1110001100001000
0000000000111011
1110110000010000
0000000000000000
1111110111101000
1110110010100000
1110001100001000
0000000000110011
1110110000010000
0000000000000000
1111110111101000
1110110010100000
1110001100001000
0000000000110011
1110110000010000
0000000000000000
1111110111101000
1110110010100000
1110001100001000
0000000000110110
1110110000010000
0000000000000000
1111110111101000
1110110010100000
1110001100001000
0000000000101100
1110110000010000
0000000000000000
1111110111101000
1110110010100000
1110001100001000
0000000000000000
1111110111001000
1111110010100000
1110101010001000
0000000000000000
1111110111001000
1111110010100000
1110101010001000
0000000000001100
1110110000010000
0000000000001101
1110001100001000
0100010110110011
1110110000010000
0000000000001110
1110001100001000
0011001111111011
1110110000010000
0000000001011111
1110101010000111
0000000000000000
1111110010101000
1111110000010000
0000000000000101
1110001100001000
0000000001001000
1110110000010000
0000000000000000
1111110111101000
1110110010100000
1110001100001000
0000000000110011
1110110000010000
0000000000000000
1111110111101000
1110110010100000
1110001100001000
0000000000110011
1110110000010000
0000000000000000
1111110111101000
1110110010100000
1110001100001000
0000000000110011
1110110000010000
0000000000000000
1111110111101000
1110110010100000
1110001100001000
0000000000110011
1110110000010000
0000000000000000
1111110111101000
1110110010100000
1110001100001000
0000000000111111
1110110000010000
0000000000000000
1111110111101000
1110110010100000
1110001100001000
0000000000110011
1110110000010000
0000000000000000
1111110111101000
1110110010100000
1110001100001000
0000000000110011
1110110000010000
0000000000000000
1111110111101000
1110110010100000
1110001100001000
0000000000110011
1110110000010000
0000000000000000
1111110111101000
1110110010100000
1110001100001000
0000000000110011
1110110000010000
0000000000000000
1111110111101000
1110110010100000
1110001100001000
0000000000000000
1111110111001000
1111110010100000
1110101010001000
0000000000000000
1111110111001000
1111110010100000
1110101010001000
0000000000001100
1110110000010000
0000000000001101
1110001100001000
0100010110110011
1110110000010000
0000000000001110
1110001100001000
0011010001010000
1110110000010000
0000000001011111
1110101010000111
0000000000000000
1111110010101000
1111110000010000
0000000000000101
1110001100001000
0000000001001001
1110110000010000
0000000000000000
1111110111101000
1110110010100000
1110001100001000
0000000000011110
1110110000010000
0000000000000000
1111110111101000
1110110010100000
1110001100001000
0000000000001100
1110110000010000
0000000000000000
1111110111101000
1110110010100000
1110001100001000
0000000000001100
1110110000010000
0000000000000000
1111110111101000
1110110010100000
1110001100001000
0000000000001100
1110110000010000
0000000000000000
1111110111101000
1110110010100000
1110001100001000
0000000000001100
1110110000010000
0000000000000000
1111110111101000
1110110010100000
1110001100001000
0000000000001100
1110110000010000
0000000000000000
1111110111101000
1110110010100000
1110001100001000
0000000000001100
1110110000010000
0000000000000000
1111110111101000
1110110010100000
1110001100001000
0000000000001100
1110110000010000
0000000000000000
1111110111101000
1110110010100000
1110001100001000
0000000000011110
1110110000010000
0000000000000000
1111110111101000
1110110010100000
1110001100001000
0000000000000000
1111110111001000
1111110010100000
1110101010001000
0000000000000000
1111110111001000
1111110010100000
1110101010001000
0000000000001100
1110110000010000
0000000000001101
1110001100001000
0100010110110011
1110110000010000
0000000000001110
1110001100001000
0011010010100101
1110110000010000
0000000001011111
1110101010000111
0000000000000000
1111110010101000
1111110000010000
0000000000000101
1110001100001000
0000000001001010
1110110000010000
0000000000000000
1111110111101000
1110110010100000
1110001100001000
0000000000111100
1110110000010000
0000000000000000
1111110111101000
1110110010100000
1110001100001000
0000000000011000
1110110000010000
0000000000000000
1111110111101000
1110110010100000
1110001100001000
0000000000011000
1110110000010000
0000000000000000
1111110111101000
1110110010100000
1110001100001000
0000000000011000
1110110000010000
0000000000000000
1111110111101000
1110110010100000
1110001100001000
0000000000011000
1110110000010000
0000000000000000
1111110111101000
1110110010100000
1110001100001000
0000000000011000
1110110000010000
0000000000000000
1111110111101000
1110110010100000
1110001100001000
0000000000011011
1110110000010000
0000000000000000
1111110111101000
1110110010100000
1110001100001000
0000000000011011
1110110000010000
0000000000000000
1111110111101000
1110110010100000
1110001100001000
0000000000001110
1110110000010000
0000000000000000
1111110111101000
1110110010100000
1110001100001000
0000000000000000
1111110111001000
1111110010100000
1110101010001000
0000000000000000
1111110111001000
1111110010100000
1110101010001000
0000000000001100
1110110000010000
0000000000001101
1110001100001000
0100010110110011
1110110000010000
0000000000001110
1110001100001000
0011010011111010
1110110000010000
0000000001011111
1110101010000111
0000000000000000
1111110010101000
1111110000010000
0000000000000101
1110001100001000
0000000001001011
1110110000010000
0000000000000000
1111110111101000
1110110010100000
1110001100001000
0000000000110011
1110110000010000
0000000000000000
1111110111101000
1110110010100000
1110001100001000
0000000000110011
1110110000010000
0000000000000000
1111110111101000
1110110010100000
1110001100001000
0000000000110011
1110110000010000
0000000000000000
1111110111101000
1110110010100000
1110001100001000
0000000000011011
1110110000010000
0000000000000000
1111110111101000
1110110010100000
1110001100001000
0000000000001111
1110110000010000
0000000000000000
1111110111101000
1110110010100000
1110001100001000
0000000000011011
1110110000010000
0000000000000000
1111110111101000
1110110010100000
1110001100001000
0000000000110011
1110110000010000
0000000000000000
1111110111101000
1110110010100000
1110001100001000
0000000000110011
1110110000010000
0000000000000000
1111110111101000
1110110010100000
1110001100001000
0000000000110011
1110110000010000
0000000000000000
1111110111101000
1110110010100000
1110001100001000
0000000000000000
1111110111001000
1111110010100000
1110101010001000
0000000000000000
1111110111001000
1111110010100000
1110101010001000
0000000000001100
1110110000010000
0000000000001101
1110001100001000
0100010110110011
1110110000010000
0000000000001110
1110001100001000
0011010101001111
1110110000010000
0000000001011111
1110101010000111
0000000000000000
1111110010101000
1111110000010000
0000000000000101
1110001100001000
0000000001001100
1110110000010000
0000000000000000
1111110111101000
1110110010100000
1110001100001000
0000000000000011
1110110000010000
0000000000000000
1111110111101000
1110110010100000
1110001100001000
0000000000000011
1110110000010000
0000000000000000
1111110111101000
1110110010100000
1110001100001000
0000000000000011
1110110000010000
0000000000000000
1111110111101000
1110110010100000
1110001100001000
0000000000000011
1110110000010000
0000000000000000
1111110111101000
1110110010100000
1110001100001000
0000000000000011
1110110000010000
0000000000000000
1111110111101000
1110110010100000
1110001100001000
0000000000000011
1110110000010000
0000000000000000
1111110111101000
1110110010100000
1110001100001000
0000000000100011
1110110000010000
0000000000000000
1111110111101000
1110110010100000
1110001100001000
0000000000110011
1110110000010000
0000000000000000
1111110111101000
1110110010100000
1110001100001000
0000000000111111
1110110000010000
0000000000000000
1111110111101000
1110110010100000
1110001100001000
0000000000000000
1111110111001000
1111110010100000
1110101010001000
0000000000000000
1111110111001000
1111110010100000
1110101010001000
0000000000001100
1110110000010000
0000000000001101
1110001100001000
0100010110110011
1110110000010000
0000000000001110
1110001100001000
0011010110100100
1110110000010000
0000000001011111
1110101010000111
0000000000000000
1111110010101000
1111110000010000
0000000000000101
1110001100001000
0000000001001101
1110110000010000
0000000000000000
1111110111101000
1110110010100000
1110001100001000
0000000000100001
1110110000010000
0000000000000000
1111110111101000
1110110010100000
1110001100001000
0000000000110011
1110110000010000
0000000000000000
1111110111101000
1110110010100000
1110001100001000
0000000000111111
1110110000010000
0000000000000000
1111110111101000
1110110010100000
1110001100001000
0000000000111111
1110110000010000
0000000000000000
1111110111101000
1110110010100000
1110001100001000
0000000000110011
1110110000010000
0000000000000000
1111110111101000
1110110010100000
1110001100001000
0000000000110011
1110110000010000
0000000000000000
1111110111101000
1110110010100000
1110001100001000
0000000000110011
1110110000010000
0000000000000000
1111110111101000
1110110010100000
1110001100001000
0000000000110011
1110110000010000
0000000000000000
1111110111101000
1110110010100000
1110001100001000
0000000000110011
1110110000010000
0000000000000000
1111110111101000
1110110010100000
1110001100001000
0000000000000000
1111110111001000
1111110010100000
1110101010001000
0000000000000000
1111110111001000
1111110010100000
1110101010001000
0000000000001100
1110110000010000
0000000000001101
1110001100001000
0100010110110011
1110110000010000
0000000000001110
1110001100001000
0011010111111001
1110110000010000
0000000001011111
1110101010000111
0000000000000000
1111110010101000
1111110000010000
0000000000000101
1110001100001000
0000000001001110
1110110000010000
0000000000000000
1111110111101000
1110110010100000
1110001100001000
0000000000110011
1110110000010000
0000000000000000
1111110111101000
1110110010100000
1110001100001000
0000000000110011
1110110000010000
0000000000000000
1111110111101000
1110110010100000
1110001100001000
0000000000110111
1110110000010000
0000000000000000
1111110111101000
1110110010100000
1110001100001000
0000000000110111
1110110000010000
0000000000000000
1111110111101000
1110110010100000
1110001100001000
0000000000111111
1110110000010000
0000000000000000
1111110111101000
1110110010100000
1110001100001000
0000000000111011
1110110000010000
0000000000000000
1111110111101000
1110110010100000
1110001100001000
0000000000111011
1110110000010000
0000000000000000
1111110111101000
1110110010100000
1110001100001000
0000000000110011
1110110000010000
0000000000000000
1111110111101000
1110110010100000
1110001100001000
0000000000110011
1110110000010000
0000000000000000
1111110111101000
1110110010100000
1110001100001000
0000000000000000
1111110111001000
1111110010100000
1110101010001000
0000000000000000
1111110111001000
1111110010100000
1110101010001000
0000000000001100
1110110000010000
0000000000001101
1110001100001000
0100010110110011
1110110000010000
0000000000001110
1110001100001000
0011011001001110
1110110000010000
0000000001011111
1110101010000111
0000000000000000
1111110010101000
1111110000010000
0000000000000101
1110001100001000
0000000001001111
1110110000010000
0000000000000000
1111110111101000
1110110010100000
1110001100001000
0000000000011110
1110110000010000
0000000000000000
1111110111101000
1110110010100000
1110001100001000
0000000000110011
1110110000010000
0000000000000000
1111110111101000
1110110010100000
1110001100001000
0000000000110011
1110110000010000
0000000000000000
1111110111101000
1110110010100000
1110001100001000
0000000000110011
1110110000010000
0000000000000000
1111110111101000
1110110010100000
1110001100001000
0000000000110011
1110110000010000
0000000000000000
1111110111101000
1110110010100000
1110001100001000
0000000000110011
1110110000010000
0000000000000000
1111110111101000
1110110010100000
1110001100001000
0000000000110011
1110110000010000
0000000000000000
1111110111101000
1110110010100000
1110001100001000
0000000000110011
1110110000010000
0000000000000000
1111110111101000
1110110010100000
1110001100001000
0000000000011110
1110110000010000
0000000000000000
1111110111101000
1110110010100000
1110001100001000
0000000000000000
1111110111001000
1111110010100000
1110101010001000
0000000000000000
1111110111001000
1111110010100000
1110101010001000
0000000000001100
1110110000010000
0000000000001101
1110001100001000
0100010110110011
1110110000010000
0000000000001110
1110001100001000
0011011010100011
1110110000010000
0000000001011111
1110101010000111
0000000000000000
1111110010101000
1111110000010000
0000000000000101
1110001100001000
0000000001010000
1110110000010000
0000000000000000
1111110111101000
1110110010100000
1110001100001000
0000000000011111
1110110000010000
0000000000000000
1111110111101000
1110110010100000
1110001100001000
0000000000110011
1110110000010000
0000000000000000
1111110111101000
1110110010100000
1110001100001000
0000000000110011
1110110000010000
0000000000000000
1111110111101000
1110110010100000
1110001100001000
0000000000110011
1110110000010000
0000000000000000
1111110111101000
1110110010100000
1110001100001000
0000000000011111
1110110000010000
0000000000000000
1111110111101000
1110110010100000
1110001100001000
0000000000000011
1110110000010000
0000000000000000
1111110111101000
1110110010100000
1110001100001000
0000000000000011
1110110000010000
0000000000000000
1111110111101000
1110110010100000
1110001100001000
0000000000000011
1110110000010000
0000000000000000
1111110111101000
1110110010100000
1110001100001000
0000000000000011
1110110000010000
0000000000000000
1111110111101000
1110110010100000
1110001100001000
0000000000000000
1111110111001000
1111110010100000
1110101010001000
0000000000000000
1111110111001000
1111110010100000
1110101010001000
0000000000001100
1110110000010000
0000000000001101
1110001100001000
0100010110110011
1110110000010000
0000000000001110
1110001100001000
0011011011111000
1110110000010000
0000000001011111
1110101010000111
0000000000000000
1111110010101000
1111110000010000
0000000000000101
1110001100001000
0000000001010001
1110110000010000
0000000000000000
1111110111101000
1110110010100000
1110001100001000
0000000000011110
1110110000010000
0000000000000000
1111110111101000
1110110010100000
1110001100001000
0000000000110011
1110110000010000
0000000000000000
1111110111101000
1110110010100000
1110001100001000
0000000000110011
1110110000010000
0000000000000000
1111110111101000
1110110010100000
1110001100001000
0000000000110011
1110110000010000
0000000000000000
1111110111101000
1110110010100000
1110001100001000
0000000000110011
1110110000010000
0000000000000000
1111110111101000
1110110010100000
1110001100001000
0000000000110011
1110110000010000
0000000000000000
1111110111101000
1110110010100000
1110001100001000
0000000000111111
1110110000010000
0000000000000000
1111110111101000
1110110010100000
1110001100001000
0000000000111011
1110110000010000
0000000000000000
1111110111101000
1110110010100000
1110001100001000
0000000000011110
1110110000010000
0000000000000000
1111110111101000
1110110010100000
1110001100001000
0000000000110000
1110110000010000
0000000000000000
1111110111101000
1110110010100000
1110001100001000
0000000000000000
1111110111001000
1111110010100000
1110101010001000
0000000000001100
1110110000010000
0000000000001101
1110001100001000
0100010110110011
1110110000010000
0000000000001110
1110001100001000
0011011101001111
1110110000010000
0000000001011111
1110101010000111
0000000000000000
1111110010101000
1111110000010000
0000000000000101
1110001100001000
0000000001010010
1110110000010000
0000000000000000
1111110111101000
1110110010100000
1110001100001000
0000000000011111
1110110000010000
0000000000000000
1111110111101000
1110110010100000
1110001100001000
0000000000110011
1110110000010000
0000000000000000
1111110111101000
1110110010100000
1110001100001000
0000000000110011
1110110000010000
0000000000000000
1111110111101000
1110110010100000
1110001100001000
0000000000110011
1110110000010000
0000000000000000
1111110111101000
1110110010100000
1110001100001000
0000000000011111
1110110000010000
0000000000000000
1111110111101000
1110110010100000
1110001100001000
0000000000011011
1110110000010000
0000000000000000
1111110111101000
1110110010100000
1110001100001000
0000000000110011
1110110000010000
0000000000000000
1111110111101000
1110110010100000
1110001100001000
0000000000110011
1110110000010000
0000000000000000
1111110111101000
1110110010100000
1110001100001000
0000000000110011
1110110000010000
0000000000000000
1111110111101000
1110110010100000
1110001100001000
0000000000000000
1111110111001000
1111110010100000
1110101010001000
0000000000000000
1111110111001000
1111110010100000
1110101010001000
0000000000001100
1110110000010000
0000000000001101
1110001100001000
0100010110110011
1110110000010000
0000000000001110
1110001100001000
0011011110100100
1110110000010000
0000000001011111
1110101010000111
0000000000000000
1111110010101000
1111110000010000
0000000000000101
1110001100001000
0000000001010011
1110110000010000
0000000000000000
1111110111101000
1110110010100000
1110001100001000
0000000000011110
1110110000010000
0000000000000000
1111110111101000
1110110010100000
1110001100001000
0000000000110011
1110110000010000
0000000000000000
1111110111101000
1110110010100000
1110001100001000
0000000000110011
1110110000010000
0000000000000000
1111110111101000
1110110010100000
1110001100001000
0000000000000110
1110110000010000
0000000000000000
1111110111101000
1110110010100000
1110001100001000
0000000000011100
1110110000010000
0000000000000000
1111110111101000
1110110010100000
1110001100001000
0000000000110000
1110110000010000
0000000000000000
1111110111101000
1110110010100000
1110001100001000
0000000000110011
1110110000010000
0000000000000000
1111110111101000
1110110010100000
1110001100001000
0000000000110011
1110110000010000
0000000000000000
1111110111101000
1110110010100000
1110001100001000
0000000000011110
1110110000010000
0000000000000000
1111110111101000
1110110010100000
1110001100001000
0000000000000000
1111110111001000
1111110010100000
1110101010001000
0000000000000000
1111110111001000
1111110010100000
1110101010001000
0000000000001100
1110110000010000
0000000000001101
1110001100001000
0100010110110011
1110110000010000
0000000000001110
1110001100001000
0011011111111001
1110110000010000
0000000001011111
1110101010000111
0000000000000000
1111110010101000
1111110000010000
0000000000000101
1110001100001000
0000000001010100
1110110000010000
0000000000000000
1111110111101000
1110110010100000
1110001100001000
0000000000111111
1110110000010000
0000000000000000
1111110111101000
1110110010100000
1110001100001000
0000000000111111
1110110000010000
0000000000000000
1111110111101000
1110110010100000
1110001100001000
0000000000101101
1110110000010000
0000000000000000
1111110111101000
1110110010100000
1110001100001000
0000000000001100
1110110000010000
0000000000000000
1111110111101000
1110110010100000
1110001100001000
0000000000001100
1110110000010000
0000000000000000
1111110111101000
1110110010100000
1110001100001000
0000000000001100
1110110000010000
0000000000000000
1111110111101000
1110110010100000
1110001100001000
0000000000001100
1110110000010000
0000000000000000
1111110111101000
1110110010100000
1110001100001000
0000000000001100
1110110000010000
0000000000000000
1111110111101000
1110110010100000
1110001100001000
0000000000011110
1110110000010000
0000000000000000
1111110111101000
1110110010100000
1110001100001000
0000000000000000
1111110111001000
1111110010100000
1110101010001000
0000000000000000
1111110111001000
1111110010100000
1110101010001000
0000000000001100
1110110000010000
0000000000001101
1110001100001000
0100010110110011
1110110000010000
0000000000001110
1110001100001000
0011100001001110
1110110000010000
0000000001011111
1110101010000111
0000000000000000
1111110010101000
1111110000010000
0000000000000101
1110001100001000
0000000001010101
1110110000010000
0000000000000000
1111110111101000
1110110010100000
1110001100001000
0000000000110011
1110110000010000
0000000000000000
1111110111101000
1110110010100000
1110001100001000
0000000000110011
1110110000010000
0000000000000000
1111110111101000
1110110010100000
1110001100001000
0000000000110011
1110110000010000
0000000000000000
1111110111101000
1110110010100000
1110001100001000
0000000000110011
1110110000010000
0000000000000000
1111110111101000
1110110010100000
1110001100001000
0000000000110011
1110110000010000
0000000000000000
1111110111101000
1110110010100000
1110001100001000
0000000000110011
1110110000010000
0000000000000000
1111110111101000
1110110010100000
1110001100001000
0000000000110011
1110110000010000
0000000000000000
1111110111101000
1110110010100000
1110001100001000
0000000000110011
1110110000010000
0000000000000000
1111110111101000
1110110010100000
1110001100001000
0000000000011110
1110110000010000
0000000000000000
1111110111101000
1110110010100000
1110001100001000
0000000000000000
1111110111001000
1111110010100000
1110101010001000
0000000000000000
1111110111001000
1111110010100000
1110101010001000
0000000000001100
1110110000010000
0000000000001101
1110001100001000
0100010110110011
1110110000010000
0000000000001110
1110001100001000
0011100010100011
1110110000010000
0000000001011111
1110101010000111
0000000000000000
1111110010101000
1111110000010000
0000000000000101
1110001100001000
0000000001010110
1110110000010000
0000000000000000
1111110111101000
1110110010100000
1110001100001000
0000000000110011
1110110000010000
0000000000000000
1111110111101000
1110110010100000
1110001100001000
0000000000110011
1110110000010000
0000000000000000
1111110111101000
1110110010100000
1110001100001000
0000000000110011
1110110000010000
0000000000000000
1111110111101000
1110110010100000
1110001100001000
0000000000110011
1110110000010000
0000000000000000
1111110111101000
1110110010100000
1110001100001000
0000000000110011
1110110000010000
0000000000000000
1111110111101000
1110110010100000
1110001100001000
0000000000011110
1110110000010000
0000000000000000
1111110111101000
1110110010100000
1110001100001000
0000000000011110
1110110000010000
0000000000000000
1111110111101000
1110110010100000
1110001100001000
0000000000001100
1110110000010000
0000000000000000
1111110111101000
1110110010100000
1110001100001000
0000000000001100
1110110000010000
0000000000000000
1111110111101000
1110110010100000
1110001100001000
0000000000000000
1111110111001000
1111110010100000
1110101010001000
0000000000000000
1111110111001000
1111110010100000
1110101010001000
0000000000001100
1110110000010000
0000000000001101
1110001100001000
0100010110110011
1110110000010000
0000000000001110
1110001100001000
0011100011111000
1110110000010000
0000000001011111
1110101010000111
0000000000000000
1111110010101000
1111110000010000
0000000000000101
1110001100001000
0000000001010111
1110110000010000
0000000000000000
1111110111101000
1110110010100000
1110001100001000
0000000000110011
1110110000010000
0000000000000000
1111110111101000
1110110010100000
1110001100001000
0000000000110011
1110110000010000
0000000000000000
1111110111101000
1110110010100000
1110001100001000
0000000000110011
1110110000010000
0000000000000000
1111110111101000
1110110010100000
1110001100001000
0000000000110011
1110110000010000
0000000000000000
1111110111101000
1110110010100000
1110001100001000
0000000000110011
1110110000010000
0000000000000000
1111110111101000
1110110010100000
1110001100001000
0000000000111111
1110110000010000
0000000000000000
1111110111101000
1110110010100000
1110001100001000
0000000000111111
1110110000010000
0000000000000000
1111110111101000
1110110010100000
1110001100001000
0000000000111111
1110110000010000
0000000000000000
1111110111101000
1110110010100000
1110001100001000
0000000000010010
1110110000010000
0000000000000000
1111110111101000
1110110010100000
1110001100001000
0000000000000000
1111110111001000
1111110010100000
1110101010001000
0000000000000000
1111110111001000
1111110010100000
1110101010001000
0000000000001100
1110110000010000
0000000000001101
1110001100001000
0100010110110011
1110110000010000
0000000000001110
1110001100001000
0011100101001101
1110110000010000
0000000001011111
1110101010000111
0000000000000000
1111110010101000
1111110000010000
0000000000000101
1110001100001000
0000000001011000
1110110000010000
0000000000000000
1111110111101000
1110110010100000
1110001100001000
0000000000110011
1110110000010000
0000000000000000
1111110111101000
1110110010100000
1110001100001000
0000000000110011
1110110000010000
0000000000000000
1111110111101000
1110110010100000
1110001100001000
0000000000011110
1110110000010000
0000000000000000
1111110111101000
1110110010100000
1110001100001000
0000000000011110
1110110000010000
0000000000000000
1111110111101000
1110110010100000
1110001100001000
0000000000001100
1110110000010000
0000000000000000
1111110111101000
1110110010100000
1110001100001000
0000000000011110
1110110000010000
0000000000000000
1111110111101000
1110110010100000
1110001100001000
0000000000011110
1110110000010000
0000000000000000
1111110111101000
1110110010100000
1110001100001000
0000000000110011
1110110000010000
0000000000000000
1111110111101000
1110110010100000
1110001100001000
0000000000110011
1110110000010000
0000000000000000
1111110111101000
1110110010100000
1110001100001000
0000000000000000
1111110111001000
1111110010100000
1110101010001000
0000000000000000
1111110111001000
1111110010100000
1110101010001000
0000000000001100
1110110000010000
0000000000001101
1110001100001000
0100010110110011
1110110000010000
0000000000001110
1110001100001000
0011100110100010
1110110000010000
0000000001011111
1110101010000111
0000000000000000
1111110010101000
1111110000010000
0000000000000101
1110001100001000
0000000001011001
1110110000010000
0000000000000000
1111110111101000
1110110010100000
1110001100001000
0000000000110011
1110110000010000
0000000000000000
1111110111101000
1110110010100000
1110001100001000
0000000000110011
1110110000010000
0000000000000000
1111110111101000
1110110010100000
1110001100001000
0000000000110011
1110110000010000
0000000000000000
1111110111101000
1110110010100000
1110001100001000
0000000000110011
1110110000010000
0000000000000000
1111110111101000
1110110010100000
1110001100001000
0000000000011110
1110110000010000
0000000000000000
1111110111101000
1110110010100000
1110001100001000
0000000000001100
1110110000010000
0000000000000000
1111110111101000
1110110010100000
1110001100001000
0000000000001100
1110110000010000
0000000000000000
1111110111101000
1110110010100000
1110001100001000
0000000000001100
1110110000010000
0000000000000000
1111110111101000
1110110010100000
1110001100001000
0000000000011110
1110110000010000
0000000000000000
1111110111101000
1110110010100000
1110001100001000
0000000000000000
1111110111001000
1111110010100000
1110101010001000
0000000000000000
1111110111001000
1111110010100000
1110101010001000
0000000000001100
1110110000010000
0000000000001101
1110001100001000
0100010110110011
1110110000010000
0000000000001110
1110001100001000
0011100111110111
1110110000010000
0000000001011111
1110101010000111
0000000000000000
1111110010101000
1111110000010000
0000000000000101
1110001100001000
0000000001011010
1110110000010000
0000000000000000
1111110111101000
1110110010100000
1110001100001000
0000000000111111
1110110000010000
0000000000000000
1111110111101000
1110110010100000
1110001100001000
0000000000110011
1110110000010000
0000000000000000
1111110111101000
1110110010100000
1110001100001000
0000000000110001
1110110000010000
0000000000000000
1111110111101000
1110110010100000
1110001100001000
0000000000011000
1110110000010000
0000000000000000
1111110111101000
1110110010100000
1110001100001000
0000000000001100
1110110000010000
0000000000000000
1111110111101000
1110110010100000
1110001100001000
0000000000000110
1110110000010000
0000000000000000
1111110111101000
1110110010100000
1110001100001000
0000000000100011
1110110000010000
0000000000000000
1111110111101000
1110110010100000
1110001100001000
0000000000110011
1110110000010000
0000000000000000
1111110111101000
1110110010100000
1110001100001000
0000000000111111
1110110000010000
0000000000000000
1111110111101000
1110110010100000
1110001100001000
0000000000000000
1111110111001000
1111110010100000
1110101010001000
0000000000000000
1111110111001000
1111110010100000
1110101010001000
0000000000001100
1110110000010000
0000000000001101
1110001100001000
0100010110110011
1110110000010000
0000000000001110
1110001100001000
0011101001001100
1110110000010000
0000000001011111
1110101010000111
0000000000000000
1111110010101000
1111110000010000
0000000000000101
1110001100001000
0000000001011011
1110110000010000
0000000000000000
1111110111101000
1110110010100000
1110001100001000
0000000000011110
1110110000010000
0000000000000000
1111110111101000
1110110010100000
1110001100001000
0000000000000110
1110110000010000
0000000000000000
1111110111101000
1110110010100000
1110001100001000
0000000000000110
1110110000010000
0000000000000000
1111110111101000
1110110010100000
1110001100001000
0000000000000110
1110110000010000
0000000000000000
1111110111101000
1110110010100000
1110001100001000
0000000000000110
1110110000010000
0000000000000000
1111110111101000
1110110010100000
1110001100001000
0000000000000110
1110110000010000
0000000000000000
1111110111101000
1110110010100000
1110001100001000
0000000000000110
1110110000010000
0000000000000000
1111110111101000
1110110010100000
1110001100001000
0000000000000110
1110110000010000
0000000000000000
1111110111101000
1110110010100000
1110001100001000
0000000000011110
1110110000010000
0000000000000000
1111110111101000
1110110010100000
1110001100001000
0000000000000000
1111110111001000
1111110010100000
1110101010001000
0000000000000000
1111110111001000
1111110010100000
1110101010001000
0000000000001100
1110110000010000
0000000000001101
1110001100001000
0100010110110011
1110110000010000
0000000000001110
1110001100001000
0011101010100001
1110110000010000
0000000001011111
1110101010000111
0000000000000000
1111110010101000
1111110000010000
0000000000000101
1110001100001000
0000000001011100
1110110000010000
0000000000000000
1111110111101000
1110110010100000
1110001100001000
0000000000000000
1111110111001000
1111110010100000
1110101010001000
0000000000000000
1111110111001000
1111110010100000
1110101010001000
0000000000000000
1111110111001000
1111110010100000
1110111111001000
0000000000000011
1110110000010000
0000000000000000
1111110111101000
1110110010100000
1110001100001000
0000000000000110
1110110000010000
0000000000000000
1111110111101000
1110110010100000
1110001100001000
0000000000001100
1110110000010000
0000000000000000
1111110111101000
1110110010100000
1110001100001000
0000000000011000
1110110000010000
0000000000000000
1111110111101000
1110110010100000
1110001100001000
0000000000110000
1110110000010000
0000000000000000
1111110111101000
1110110010100000
1110001100001000
0000000000100000
1110110000010000
0000000000000000
1111110111101000
1110110010100000
1110001100001000
0000000000000000
1111110111001000
1111110010100000
1110101010001000
0000000000000000
1111110111001000
1111110010100000
1110101010001000
0000000000001100
1110110000010000
0000000000001101
1110001100001000
0100010110110011
1110110000010000
0000000000001110
1110001100001000
0011101011110000
1110110000010000
0000000001011111
1110101010000111
0000000000000000
1111110010101000
1111110000010000
0000000000000101
1110001100001000
0000000001011101
1110110000010000
0000000000000000
1111110111101000
1110110010100000
1110001100001000
0000000000011110
1110110000010000
0000000000000000
1111110111101000
1110110010100000
1110001100001000
0000000000011000
1110110000010000
0000000000000000
1111110111101000
1110110010100000
1110001100001000
0000000000011000
1110110000010000
0000000000000000
1111110111101000
1110110010100000
1110001100001000
0000000000011000
1110110000010000
0000000000000000
1111110111101000
1110110010100000
1110001100001000
0000000000011000
1110110000010000
0000000000000000
1111110111101000
1110110010100000
1110001100001000
0000000000011000
1110110000010000
0000000000000000
1111110111101000
1110110010100000
1110001100001000
0000000000011000
1110110000010000
0000000000000000
1111110111101000
1110110010100000
1110001100001000
0000000000011000
1110110000010000
0000000000000000
1111110111101000
1110110010100000
1110001100001000
0000000000011110
1110110000010000
0000000000000000
1111110111101000
1110110010100000
1110001100001000
0000000000000000
1111110111001000
1111110010100000
1110101010001000
0000000000000000
1111110111001000
1111110010100000
1110101010001000
0000000000001100
1110110000010000
0000000000001101
1110001100001000
0100010110110011
1110110000010000
0000000000001110
1110001100001000
0011101101000101
1110110000010000
0000000001011111
1110101010000111
0000000000000000
1111110010101000
1111110000010000
0000000000000101
1110001100001000
0000000001011110
1110110000010000
0000000000000000
1111110111101000
1110110010100000
1110001100001000
0000000000001000
1110110000010000
0000000000000000
1111110111101000
1110110010100000
1110001100001000
0000000000011100
1110110000010000
0000000000000000
1111110111101000
1110110010100000
1110001100001000
0000000000110110
1110110000010000
0000000000000000
1111110111101000
1110110010100000
1110001100001000
0000000000000000
1111110111001000
1111110010100000
1110101010001000
0000000000000000
1111110111001000
1111110010100000
1110101010001000
0000000000000000
1111110111001000
1111110010100000
1110101010001000
0000000000000000
1111110111001000
1111110010100000
1110101010001000
0000000000000000
1111110111001000
1111110010100000
1110101010001000
0000000000000000
1111110111001000
1111110010100000
1110101010001000
0000000000000000
1111110111001000
1111110010100000
1110101010001000
0000000000000000
1111110111001000
1111110010100000
1110101010001000
0000000000001100
1110110000010000
0000000000001101
1110001100001000
0100010110110011
1110110000010000
0000000000001110
1110001100001000
0011101110001110
1110110000010000
0000000001011111
1110101010000111
0000000000000000
1111110010101000
1111110000010000
0000000000000101
1110001100001000
0000000001011111
1110110000010000
0000000000000000
1111110111101000
1110110010100000
1110001100001000
0000000000000000
1111110111001000
1111110010100000
1110101010001000
0000000000000000
1111110111001000
1111110010100000
1110101010001000
0000000000000000
1111110111001000
1111110010100000
1110101010001000
0000000000000000
1111110111001000
1111110010100000
1110101010001000
0000000000000000
1111110111001000
1111110010100000
1110101010001000
0000000000000000
1111110111001000
1111110010100000
1110101010001000
0000000000000000
1111110111001000
1111110010100000
1110101010001000
0000000000000000
1111110111001000
1111110010100000
1110101010001000
0000000000000000
1111110111001000
1111110010100000
1110101010001000
0000000000111111
1110110000010000
0000000000000000
1111110111101000
1110110010100000
1110001100001000
0000000000000000
1111110111001000
1111110010100000
1110101010001000
0000000000001100
1110110000010000
0000000000001101
1110001100001000
0100010110110011
1110110000010000
0000000000001110
1110001100001000
0011101111010011
1110110000010000
0000000001011111
1110101010000111
0000000000000000
1111110010101000
1111110000010000
0000000000000101
1110001100001000
0000000001100000
1110110000010000
0000000000000000
1111110111101000
1110110010100000
1110001100001000
0000000000000110
1110110000010000
0000000000000000
1111110111101000
1110110010100000
1110001100001000
0000000000001100
1110110000010000
0000000000000000
1111110111101000
1110110010100000
1110001100001000
0000000000011000
1110110000010000
0000000000000000
1111110111101000
1110110010100000
1110001100001000
0000000000000000
1111110111001000
1111110010100000
1110101010001000
0000000000000000
1111110111001000
1111110010100000
1110101010001000
0000000000000000
1111110111001000
1111110010100000
1110101010001000
0000000000000000
1111110111001000
1111110010100000
1110101010001000
0000000000000000
1111110111001000
1111110010100000
1110101010001000
0000000000000000
1111110111001000
1111110010100000
1110101010001000
0000000000000000
1111110111001000
1111110010100000
1110101010001000
0000000000000000
1111110111001000
1111110010100000
1110101010001000
0000000000001100
1110110000010000
0000000000001101
1110001100001000
0100010110110011
1110110000010000
0000000000001110
1110001100001000
0011110000011100
1110110000010000
0000000001011111
1110101010000111
0000000000000000
1111110010101000
1111110000010000
0000000000000101
1110001100001000
0000000001100001
1110110000010000
0000000000000000
1111110111101000
1110110010100000
1110001100001000
0000000000000000
1111110111001000
1111110010100000
1110101010001000
0000000000000000
1111110111001000
1111110010100000
1110101010001000
0000000000000000
1111110111001000
1111110010100000
1110101010001000
0000000000001110
1110110000010000
0000000000000000
1111110111101000
1110110010100000
1110001100001000
0000000000011000
1110110000010000
0000000000000000
1111110111101000
1110110010100000
1110001100001000
0000000000011110
1110110000010000
0000000000000000
1111110111101000
1110110010100000
1110001100001000
0000000000011011
1110110000010000
0000000000000000
1111110111101000
1110110010100000
1110001100001000
0000000000011011
1110110000010000
0000000000000000
1111110111101000
1110110010100000
1110001100001000
0000000000110110
1110110000010000
0000000000000000
1111110111101000
1110110010100000
1110001100001000
0000000000000000
1111110111001000
1111110010100000
1110101010001000
0000000000000000
1111110111001000
1111110010100000
1110101010001000
0000000000001100
1110110000010000
0000000000001101
1110001100001000
0100010110110011
1110110000010000
0000000000001110
1110001100001000
0011110001101011
1110110000010000
0000000001011111
1110101010000111
0000000000000000
1111110010101000
1111110000010000
0000000000000101
1110001100001000
0000000001100010
1110110000010000
0000000000000000
1111110111101000
1110110010100000
1110001100001000
0000000000000011
1110110000010000
0000000000000000
1111110111101000
1110110010100000
1110001100001000
0000000000000011
1110110000010000
0000000000000000
1111110111101000
1110110010100000
1110001100001000
0000000000000011
1110110000010000
0000000000000000
1111110111101000
1110110010100000
1110001100001000
0000000000001111
1110110000010000
0000000000000000
1111110111101000
1110110010100000
1110001100001000
0000000000011011
1110110000010000
0000000000000000
1111110111101000
1110110010100000
1110001100001000
0000000000110011
1110110000010000
0000000000000000
1111110111101000
1110110010100000
1110001100001000
0000000000110011
1110110000010000
0000000000000000
1111110111101000
1110110010100000
1110001100001000
0000000000110011
1110110000010000
0000000000000000
1111110111101000
1110110010100000
1110001100001000
0000000000011110
1110110000010000
0000000000000000
1111110111101000
1110110010100000
1110001100001000
0000000000000000
1111110111001000
1111110010100000
1110101010001000
0000000000000000
1111110111001000
1111110010100000
1110101010001000
0000000000001100
1110110000010000
0000000000001101
1110001100001000
0100010110110011
1110110000010000
0000000000001110
1110001100001000
0011110011000000
1110110000010000
0000000001011111
1110101010000111
0000000000000000
1111110010101000
1111110000010000
0000000000000101
1110001100001000
0000000001100011
1110110000010000
0000000000000000
1111110111101000
1110110010100000
1110001100001000
0000000000000000
1111110111001000
1111110010100000
1110101010001000
0000000000000000
1111110111001000
1111110010100000
1110101010001000
0000000000000000
1111110111001000
1111110010100000
1110101010001000
0000000000011110
1110110000010000
0000000000000000
1111110111101000
1110110010100000
1110001100001000
0000000000110011
1110110000010000
0000000000000000
1111110111101000
1110110010100000
1110001100001000
0000000000000011
1110110000010000
0000000000000000
1111110111101000
1110110010100000
1110001100001000
0000000000000011
1110110000010000
0000000000000000
1111110111101000
1110110010100000
1110001100001000
0000000000110011
1110110000010000
0000000000000000
1111110111101000
1110110010100000
1110001100001000
0000000000011110
1110110000010000
0000000000000000
1111110111101000
1110110010100000
1110001100001000
0000000000000000
1111110111001000
1111110010100000
1110101010001000
0000000000000000
1111110111001000
1111110010100000
1110101010001000
0000000000001100
1110110000010000
0000000000001101
1110001100001000
0100010110110011
1110110000010000
0000000000001110
1110001100001000
0011110100001111
1110110000010000
0000000001011111
1110101010000111
0000000000000000
1111110010101000
1111110000010000
0000000000000101
1110001100001000
0000000001100100
1110110000010000
0000000000000000
1111110111101000
1110110010100000
1110001100001000
0000000000110000
1110110000010000
0000000000000000
1111110111101000
1110110010100000
1110001100001000
0000000000110000
1110110000010000
0000000000000000
1111110111101000
1110110010100000
1110001100001000
0000000000110000
1110110000010000
0000000000000000
1111110111101000
1110110010100000
1110001100001000
0000000000111100
1110110000010000
0000000000000000
1111110111101000
1110110010100000
1110001100001000
0000000000110110
1110110000010000
0000000000000000
1111110111101000
1110110010100000
1110001100001000
0000000000110011
1110110000010000
0000000000000000
1111110111101000
1110110010100000
1110001100001000
0000000000110011
1110110000010000
0000000000000000
1111110111101000
1110110010100000
1110001100001000
0000000000110011
1110110000010000
0000000000000000
1111110111101000
1110110010100000
1110001100001000
0000000000011110
1110110000010000
0000000000000000
1111110111101000
1110110010100000
1110001100001000
0000000000000000
1111110111001000
1111110010100000
1110101010001000
0000000000000000
1111110111001000
1111110010100000
1110101010001000
0000000000001100
1110110000010000
0000000000001101
1110001100001000
0100010110110011
1110110000010000
0000000000001110
1110001100001000
0011110101100100
1110110000010000
0000000001011111
1110101010000111
0000000000000000
1111110010101000
1111110000010000
0000000000000101
1110001100001000
0000000001100101
1110110000010000
0000000000000000
1111110111101000
1110110010100000
1110001100001000
0000000000000000
1111110111001000
1111110010100000
1110101010001000
0000000000000000
1111110111001000
1111110010100000
1110101010001000
0000000000000000
1111110111001000
1111110010100000
1110101010001000
0000000000011110
1110110000010000
0000000000000000
1111110111101000
1110110010100000
1110001100001000
0000000000110011
1110110000010000
0000000000000000
1111110111101000
1110110010100000
1110001100001000
0000000000111111
1110110000010000
0000000000000000
1111110111101000
1110110010100000
1110001100001000
0000000000000011
1110110000010000
0000000000000000
1111110111101000
1110110010100000
1110001100001000
0000000000110011
1110110000010000
0000000000000000
1111110111101000
1110110010100000
1110001100001000
0000000000011110
1110110000010000
0000000000000000
1111110111101000
1110110010100000
1110001100001000
0000000000000000
1111110111001000
1111110010100000
1110101010001000
0000000000000000
1111110111001000
1111110010100000
1110101010001000
0000000000001100
1110110000010000
0000000000001101
1110001100001000
0100010110110011
1110110000010000
0000000000001110
1110001100001000
0011110110110011
1110110000010000
0000000001011111
1110101010000111
0000000000000000
1111110010101000
1111110000010000
0000000000000101
1110001100001000
0000000001100110
1110110000010000
0000000000000000
1111110111101000
1110110010100000
1110001100001000
0000000000011100
1110110000010000
0000000000000000
1111110111101000
1110110010100000
1110001100001000
0000000000110110
1110110000010000
0000000000000000
1111110111101000
1110110010100000
1110001100001000
0000000000100110
1110110000010000
0000000000000000
1111110111101000
1110110010100000
1110001100001000
0000000000000110
1110110000010000
0000000000000000
1111110111101000
1110110010100000
1110001100001000
0000000000001111
1110110000010000
0000000000000000
1111110111101000
1110110010100000
1110001100001000
0000000000000110
1110110000010000
0000000000000000
1111110111101000
1110110010100000
1110001100001000
0000000000000110
1110110000010000
0000000000000000
1111110111101000
1110110010100000
1110001100001000
0000000000000110
1110110000010000
0000000000000000
1111110111101000
1110110010100000
1110001100001000
0000000000001111
1110110000010000
0000000000000000
1111110111101000
1110110010100000
1110001100001000
0000000000000000
1111110111001000
1111110010100000
1110101010001000
0000000000000000
1111110111001000
1111110010100000
1110101010001000
0000000000001100
1110110000010000
0000000000001101
1110001100001000
0100010110110011
1110110000010000
0000000000001110
1110001100001000
0011111000001000
1110110000010000
0000000001011111
1110101010000111
0000000000000000
1111110010101000
1111110000010000
0000000000000101
1110001100001000
0000000001100111
1110110000010000
0000000000000000
1111110111101000
1110110010100000
1110001100001000
0000000000000000
1111110111001000
1111110010100000
1110101010001000
0000000000000000
1111110111001000
1111110010100000
1110101010001000
0000000000011110
1110110000010000
0000000000000000
1111110111101000
1110110010100000
1110001100001000
0000000000110011
1110110000010000
0000000000000000
1111110111101000
1110110010100000
1110001100001000
0000000000110011
1110110000010000
0000000000000000
1111110111101000
1110110010100000
1110001100001000
0000000000110011
1110110000010000
0000000000000000
1111110111101000
1110110010100000
1110001100001000
0000000000111110
1110110000010000
0000000000000000
1111110111101000
1110110010100000
1110001100001000
0000000000110000
1110110000010000
0000000000000000
1111110111101000
1110110010100000
1110001100001000
0000000000110011
1110110000010000
0000000000000000
1111110111101000
1110110010100000
1110001100001000
0000000000011110
1110110000010000
0000000000000000
1111110111101000
1110110010100000
1110001100001000
0000000000000000
1111110111001000
1111110010100000
1110101010001000
0000000000001100
1110110000010000
0000000000001101
1110001100001000
0100010110110011
1110110000010000
0000000000001110
1110001100001000
0011111001011011
1110110000010000
0000000001011111
1110101010000111
0000000000000000
1111110010101000
1111110000010000
0000000000000101
1110001100001000
0000000001101000
1110110000010000
0000000000000000
1111110111101000
1110110010100000
1110001100001000
0000000000000011
1110110000010000
0000000000000000
1111110111101000
1110110010100000
1110001100001000
0000000000000011
1110110000010000
0000000000000000
1111110111101000
1110110010100000
1110001100001000
0000000000000011
1110110000010000
0000000000000000
1111110111101000
1110110010100000
1110001100001000
0000000000011011
1110110000010000
0000000000000000
1111110111101000
1110110010100000
1110001100001000
0000000000110111
1110110000010000
0000000000000000
1111110111101000
1110110010100000
1110001100001000
0000000000110011
1110110000010000
0000000000000000
1111110111101000
1110110010100000
1110001100001000
0000000000110011
1110110000010000
0000000000000000
1111110111101000
1110110010100000
1110001100001000
0000000000110011
1110110000010000
0000000000000000
1111110111101000
1110110010100000
1110001100001000
0000000000110011
1110110000010000
0000000000000000
1111110111101000
1110110010100000
1110001100001000
0000000000000000
1111110111001000
1111110010100000
1110101010001000
0000000000000000
1111110111001000
1111110010100000
1110101010001000
0000000000001100
1110110000010000
0000000000001101
1110001100001000
0100010110110011
1110110000010000
0000000000001110
1110001100001000
0011111010110000
1110110000010000
0000000001011111
1110101010000111
0000000000000000
1111110010101000
1111110000010000
0000000000000101
1110001100001000
0000000001101001
1110110000010000
0000000000000000
1111110111101000
1110110010100000
1110001100001000
0000000000001100
1110110000010000
0000000000000000
1111110111101000
1110110010100000
1110001100001000
0000000000001100
1110110000010000
0000000000000000
1111110111101000
1110110010100000
1110001100001000
0000000000000000
1111110111001000
1111110010100000
1110101010001000
0000000000001110
1110110000010000
0000000000000000
1111110111101000
1110110010100000
1110001100001000
0000000000001100
1110110000010000
0000000000000000
1111110111101000
1110110010100000
1110001100001000
0000000000001100
1110110000010000
0000000000000000
1111110111101000
1110110010100000
1110001100001000
0000000000001100
1110110000010000
0000000000000000
1111110111101000
1110110010100000
1110001100001000
0000000000001100
1110110000010000
0000000000000000
1111110111101000
1110110010100000
1110001100001000
0000000000011110
1110110000010000
0000000000000000
1111110111101000
1110110010100000
1110001100001000
0000000000000000
1111110111001000
1111110010100000
1110101010001000
0000000000000000
1111110111001000
1111110010100000
1110101010001000
0000000000001100
1110110000010000
0000000000001101
1110001100001000
0100010110110011
1110110000010000
0000000000001110
1110001100001000
0011111100000011
1110110000010000
0000000001011111
1110101010000111
0000000000000000
1111110010101000
1111110000010000
0000000000000101
1110001100001000
0000000001101010
1110110000010000
0000000000000000
1111110111101000
1110110010100000
1110001100001000
0000000000110000
1110110000010000
0000000000000000
1111110111101000
1110110010100000
1110001100001000
0000000000110000
1110110000010000
0000000000000000
1111110111101000
1110110010100000
1110001100001000
0000000000000000
1111110111001000
1111110010100000
1110101010001000
0000000000111000
1110110000010000
0000000000000000
1111110111101000
1110110010100000
1110001100001000
0000000000110000
1110110000010000
0000000000000000
1111110111101000
1110110010100000
1110001100001000
0000000000110000
1110110000010000
0000000000000000
1111110111101000
1110110010100000
1110001100001000
0000000000110000
1110110000010000
0000000000000000
1111110111101000
1110110010100000
1110001100001000
0000000000110000
1110110000010000
0000000000000000
1111110111101000
1110110010100000
1110001100001000
0000000000110011
1110110000010000
0000000000000000
1111110111101000
1110110010100000
1110001100001000
0000000000011110
1110110000010000
0000000000000000
1111110111101000
1110110010100000
1110001100001000
0000000000000000
1111110111001000
1111110010100000
1110101010001000
0000000000001100
1110110000010000
0000000000001101
1110001100001000
0100010110110011
1110110000010000
0000000000001110
1110001100001000
0011111101011000
1110110000010000
0000000001011111
1110101010000111
0000000000000000
1111110010101000
1111110000010000
0000000000000101
1110001100001000
0000000001101011
1110110000010000
0000000000000000
1111110111101000
1110110010100000
1110001100001000
0000000000000011
1110110000010000
0000000000000000
1111110111101000
1110110010100000
1110001100001000
0000000000000011
1110110000010000
0000000000000000
1111110111101000
1110110010100000
1110001100001000
0000000000000011
1110110000010000
0000000000000000
1111110111101000
1110110010100000
1110001100001000
0000000000110011
1110110000010000
0000000000000000
1111110111101000
1110110010100000
1110001100001000
0000000000011011
1110110000010000
0000000000000000
1111110111101000
1110110010100000
1110001100001000
0000000000001111
1110110000010000
0000000000000000
1111110111101000
1110110010100000
1110001100001000
0000000000001111
1110110000010000
0000000000000000
1111110111101000
1110110010100000
1110001100001000
0000000000011011
1110110000010000
0000000000000000
1111110111101000
1110110010100000
1110001100001000
0000000000110011
1110110000010000
0000000000000000
1111110111101000
1110110010100000
1110001100001000
0000000000000000
1111110111001000
1111110010100000
1110101010001000
0000000000000000
1111110111001000
1111110010100000
1110101010001000
0000000000001100
1110110000010000
0000000000001101
1110001100001000
0100010110110011
1110110000010000
0000000000001110
1110001100001000
0011111110101101
1110110000010000
0000000001011111
1110101010000111
0000000000000000
1111110010101000
1111110000010000
0000000000000101
1110001100001000
0000000001101100
1110110000010000
0000000000000000
1111110111101000
1110110010100000
1110001100001000
0000000000001110
1110110000010000
0000000000000000
1111110111101000
1110110010100000
1110001100001000
0000000000001100
1110110000010000
0000000000000000
1111110111101000
1110110010100000
1110001100001000
0000000000001100
1110110000010000
0000000000000000
1111110111101000
1110110010100000
1110001100001000
0000000000001100
1110110000010000
0000000000000000
1111110111101000
1110110010100000
1110001100001000
0000000000001100
1110110000010000
0000000000000000
1111110111101000
1110110010100000
1110001100001000
0000000000001100
1110110000010000
0000000000000000
1111110111101000
1110110010100000
1110001100001000
0000000000001100
1110110000010000
0000000000000000
1111110111101000
1110110010100000
1110001100001000
0000000000001100
1110110000010000
0000000000000000
1111110111101000
1110110010100000
1110001100001000
0000000000011110
1110110000010000
0000000000000000
1111110111101000
1110110010100000
1110001100001000
0000000000000000
1111110111001000
1111110010100000
1110101010001000
0000000000000000
1111110111001000
1111110010100000
1110101010001000
0000000000001100
1110110000010000
0000000000001101
1110001100001000
0100010110110011
1110110000010000
0000000000001110
1110001100001000
0100000000000010
1110110000010000
0000000001011111
1110101010000111
0000000000000000
1111110010101000
1111110000010000
0000000000000101
1110001100001000
0000000001101101
1110110000010000
0000000000000000
1111110111101000
1110110010100000
1110001100001000
0000000000000000
1111110111001000
1111110010100000
1110101010001000
0000000000000000
1111110111001000
1111110010100000
1110101010001000
0000000000000000
1111110111001000
1111110010100000
1110101010001000
0000000000011101
1110110000010000
0000000000000000
1111110111101000
1110110010100000
1110001100001000
0000000000111111
1110110000010000
0000000000000000
1111110111101000
1110110010100000
1110001100001000
0000000000101011
1110110000010000
0000000000000000
1111110111101000
1110110010100000
1110001100001000
0000000000101011
1110110000010000
0000000000000000
1111110111101000
1110110010100000
1110001100001000
0000000000101011
1110110000010000
0000000000000000
1111110111101000
1110110010100000
1110001100001000
0000000000101011
1110110000010000
0000000000000000
1111110111101000
1110110010100000
1110001100001000
0000000000000000
1111110111001000
1111110010100000
1110101010001000
0000000000000000
1111110111001000
1111110010100000
1110101010001000
0000000000001100
1110110000010000
0000000000001101
1110001100001000
0100010110110011
1110110000010000
0000000000001110
1110001100001000
0100000001010001
1110110000010000
0000000001011111
1110101010000111
0000000000000000
1111110010101000
1111110000010000
0000000000000101
1110001100001000
0000000001101110
1110110000010000
0000000000000000
1111110111101000
1110110010100000
1110001100001000
0000000000000000
1111110111001000
1111110010100000
1110101010001000
0000000000000000
1111110111001000
1111110010100000
1110101010001000
0000000000000000
1111110111001000
1111110010100000
1110101010001000
0000000000011101
1110110000010000
0000000000000000
1111110111101000
1110110010100000
1110001100001000
0000000000110011
1110110000010000
0000000000000000
1111110111101000
1110110010100000
1110001100001000
0000000000110011
1110110000010000
0000000000000000
1111110111101000
1110110010100000
1110001100001000
0000000000110011
1110110000010000
0000000000000000
1111110111101000
1110110010100000
1110001100001000
0000000000110011
1110110000010000
0000000000000000
1111110111101000
1110110010100000
1110001100001000
0000000000110011
1110110000010000
0000000000000000
1111110111101000
1110110010100000
1110001100001000
0000000000000000
1111110111001000
1111110010100000
1110101010001000
0000000000000000
1111110111001000
1111110010100000
1110101010001000
0000000000001100
1110110000010000
0000000000001101
1110001100001000
0100010110110011
1110110000010000
0000000000001110
1110001100001000
0100000010100000
1110110000010000
0000000001011111
1110101010000111
0000000000000000
1111110010101000
1111110000010000
0000000000000101
1110001100001000
0000000001101111
1110110000010000
0000000000000000
1111110111101000
1110110010100000
1110001100001000
0000000000000000
1111110111001000
1111110010100000
1110101010001000
0000000000000000
1111110111001000
1111110010100000
1110101010001000
0000000000000000
1111110111001000
1111110010100000
1110101010001000
0000000000011110
1110110000010000
0000000000000000
1111110111101000
1110110010100000
1110001100001000
0000000000110011
1110110000010000
0000000000000000
1111110111101000
1110110010100000
1110001100001000
0000000000110011
1110110000010000
0000000000000000
1111110111101000
1110110010100000
1110001100001000
0000000000110011
1110110000010000
0000000000000000
1111110111101000
1110110010100000
1110001100001000
0000000000110011
1110110000010000
0000000000000000
1111110111101000
1110110010100000
1110001100001000
0000000000011110
1110110000010000
0000000000000000
1111110111101000
1110110010100000
1110001100001000
0000000000000000
1111110111001000
1111110010100000
1110101010001000
0000000000000000
1111110111001000
1111110010100000
1110101010001000
0000000000001100
1110110000010000
0000000000001101
1110001100001000
0100010110110011
1110110000010000
0000000000001110
1110001100001000
0100000011101111
1110110000010000
0000000001011111
1110101010000111
0000000000000000
1111110010101000
1111110000010000
0000000000000101
1110001100001000
0000000001110000
1110110000010000
0000000000000000
1111110111101000
1110110010100000
1110001100001000
0000000000000000
1111110111001000
1111110010100000
1110101010001000
0000000000000000
1111110111001000
1111110010100000
1110101010001000
0000000000000000
1111110111001000
1111110010100000
1110101010001000
0000000000011110
1110110000010000
0000000000000000
1111110111101000
1110110010100000
1110001100001000
0000000000110011
1110110000010000
0000000000000000
1111110111101000
1110110010100000
1110001100001000
0000000000110011
1110110000010000
0000000000000000
1111110111101000
1110110010100000
1110001100001000
0000000000110011
1110110000010000
0000000000000000
1111110111101000
1110110010100000
1110001100001000
0000000000011111
1110110000010000
0000000000000000
1111110111101000
1110110010100000
1110001100001000
0000000000000011
1110110000010000
0000000000000000
1111110111101000
1110110010100000
1110001100001000
0000000000000011
1110110000010000
0000000000000000
1111110111101000
1110110010100000
1110001100001000
0000000000000000
1111110111001000
1111110010100000
1110101010001000
0000000000001100
1110110000010000
0000000000001101
1110001100001000
0100010110110011
1110110000010000
0000000000001110
1110001100001000
0100000101000000
1110110000010000
0000000001011111
1110101010000111
0000000000000000
1111110010101000
1111110000010000
0000000000000101
1110001100001000
0000000001110001
1110110000010000
0000000000000000
1111110111101000
1110110010100000
1110001100001000
0000000000000000
1111110111001000
1111110010100000
1110101010001000
0000000000000000
1111110111001000
1111110010100000
1110101010001000
0000000000000000
1111110111001000
1111110010100000
1110101010001000
0000000000011110
1110110000010000
0000000000000000
1111110111101000
1110110010100000
1110001100001000
0000000000110011
1110110000010000
0000000000000000
1111110111101000
1110110010100000
1110001100001000
0000000000110011
1110110000010000
0000000000000000
1111110111101000
1110110010100000
1110001100001000
0000000000110011
1110110000010000
0000000000000000
1111110111101000
1110110010100000
1110001100001000
0000000000111110
1110110000010000
0000000000000000
1111110111101000
1110110010100000
1110001100001000
0000000000110000
1110110000010000
0000000000000000
1111110111101000
1110110010100000
1110001100001000
0000000000110000
1110110000010000
0000000000000000
1111110111101000
1110110010100000
1110001100001000
0000000000000000
1111110111001000
1111110010100000
1110101010001000
0000000000001100
1110110000010000
0000000000001101
1110001100001000
0100010110110011
1110110000010000
0000000000001110
1110001100001000
0100000110010001
1110110000010000
0000000001011111
1110101010000111
0000000000000000
1111110010101000
1111110000010000
0000000000000101
1110001100001000
0000000001110010
1110110000010000
0000000000000000
1111110111101000
1110110010100000
1110001100001000
0000000000000000
1111110111001000
1111110010100000
1110101010001000
0000000000000000
1111110111001000
1111110010100000
1110101010001000
0000000000000000
1111110111001000
1111110010100000
1110101010001000
0000000000011101
1110110000010000
0000000000000000
1111110111101000
1110110010100000
1110001100001000
0000000000110111
1110110000010000
0000000000000000
1111110111101000
1110110010100000
1110001100001000
0000000000110011
1110110000010000
0000000000000000
1111110111101000
1110110010100000
1110001100001000
0000000000000011
1110110000010000
0000000000000000
1111110111101000
1110110010100000
1110001100001000
0000000000000011
1110110000010000
0000000000000000
1111110111101000
1110110010100000
1110001100001000
0000000000000111
1110110000010000
0000000000000000
1111110111101000
1110110010100000
1110001100001000
0000000000000000
1111110111001000
1111110010100000
1110101010001000
0000000000000000
1111110111001000
1111110010100000
1110101010001000
0000000000001100
1110110000010000
0000000000001101
1110001100001000
0100010110110011
1110110000010000
0000000000001110
1110001100001000
0100000111100000
1110110000010000
0000000001011111
1110101010000111
0000000000000000
1111110010101000
1111110000010000
0000000000000101
1110001100001000
0000000001110011
1110110000010000
0000000000000000
1111110111101000
1110110010100000
1110001100001000
0000000000000000
1111110111001000
1111110010100000
1110101010001000
0000000000000000
1111110111001000
1111110010100000
1110101010001000
0000000000000000
1111110111001000
1111110010100000
1110101010001000
0000000000011110
1110110000010000
0000000000000000
1111110111101000
1110110010100000
1110001100001000
0000000000110011
1110110000010000
0000000000000000
1111110111101000
1110110010100000
1110001100001000
0000000000000110
1110110000010000
0000000000000000
1111110111101000
1110110010100000
1110001100001000
0000000000011000
1110110000010000
0000000000000000
1111110111101000
1110110010100000
1110001100001000
0000000000110011
1110110000010000
0000000000000000
1111110111101000
1110110010100000
1110001100001000
0000000000011110
1110110000010000
0000000000000000
1111110111101000
1110110010100000
1110001100001000
0000000000000000
1111110111001000
1111110010100000
1110101010001000
0000000000000000
1111110111001000
1111110010100000
1110101010001000
0000000000001100
1110110000010000
0000000000001101
1110001100001000
0100010110110011
1110110000010000
0000000000001110
1110001100001000
0100001000101111
1110110000010000
0000000001011111
1110101010000111
0000000000000000
1111110010101000
1111110000010000
0000000000000101
1110001100001000
0000000001110100
1110110000010000
0000000000000000
1111110111101000
1110110010100000
1110001100001000
0000000000000100
1110110000010000
0000000000000000
1111110111101000
1110110010100000
1110001100001000
0000000000000110
1110110000010000
0000000000000000
1111110111101000
1110110010100000
1110001100001000
0000000000000110
1110110000010000
0000000000000000
1111110111101000
1110110010100000
1110001100001000
0000000000001111
1110110000010000
0000000000000000
1111110111101000
1110110010100000
1110001100001000
0000000000000110
1110110000010000
0000000000000000
1111110111101000
1110110010100000
1110001100001000
0000000000000110
1110110000010000
0000000000000000
1111110111101000
1110110010100000
1110001100001000
0000000000000110
1110110000010000
0000000000000000
1111110111101000
1110110010100000
1110001100001000
0000000000110110
1110110000010000
0000000000000000
1111110111101000
1110110010100000
1110001100001000
0000000000011100
1110110000010000
0000000000000000
1111110111101000
1110110010100000
1110001100001000
0000000000000000
1111110111001000
1111110010100000
1110101010001000
0000000000000000
1111110111001000
1111110010100000
1110101010001000
0000000000001100
1110110000010000
0000000000001101
1110001100001000
0100010110110011
1110110000010000
0000000000001110
1110001100001000
0100001010000100
1110110000010000
0000000001011111
1110101010000111
0000000000000000
1111110010101000
1111110000010000
0000000000000101
1110001100001000
0000000001110101
1110110000010000
0000000000000000
1111110111101000
1110110010100000
1110001100001000
0000000000000000
1111110111001000
1111110010100000
1110101010001000
0000000000000000
1111110111001000
1111110010100000
1110101010001000
0000000000000000
1111110111001000
1111110010100000
1110101010001000
0000000000011011
1110110000010000
0000000000000000
1111110111101000
1110110010100000
1110001100001000
0000000000011011
1110110000010000
0000000000000000
1111110111101000
1110110010100000
1110001100001000
0000000000011011
1110110000010000
0000000000000000
1111110111101000
1110110010100000
1110001100001000
0000000000011011
1110110000010000
0000000000000000
1111110111101000
1110110010100000
1110001100001000
0000000000011011
1110110000010000
0000000000000000
1111110111101000
1110110010100000
1110001100001000
0000000000110110
1110110000010000
0000000000000000
1111110111101000
1110110010100000
1110001100001000
0000000000000000
1111110111001000
1111110010100000
1110101010001000
0000000000000000
1111110111001000
1111110010100000
1110101010001000
0000000000001100
1110110000010000
0000000000001101
1110001100001000
0100010110110011
1110110000010000
0000000000001110
1110001100001000
0100001011010011
1110110000010000
0000000001011111
1110101010000111
0000000000000000
1111110010101000
1111110000010000
0000000000000101
1110001100001000
0000000001110110
1110110000010000
0000000000000000
1111110111101000
1110110010100000
1110001100001000
0000000000000000
1111110111001000
1111110010100000
1110101010001000
0000000000000000
1111110111001000
1111110010100000
1110101010001000
0000000000000000
1111110111001000
1111110010100000
1110101010001000
0000000000110011
1110110000010000
0000000000000000
1111110111101000
1110110010100000
1110001100001000
0000000000110011
1110110000010000
0000000000000000
1111110111101000
1110110010100000
1110001100001000
0000000000110011
1110110000010000
0000000000000000
1111110111101000
1110110010100000
1110001100001000
0000000000110011
1110110000010000
0000000000000000
1111110111101000
1110110010100000
1110001100001000
0000000000011110
1110110000010000
0000000000000000
1111110111101000
1110110010100000
1110001100001000
0000000000001100
1110110000010000
0000000000000000
1111110111101000
1110110010100000
1110001100001000
0000000000000000
1111110111001000
1111110010100000
1110101010001000
0000000000000000
1111110111001000
1111110010100000
1110101010001000
0000000000001100
1110110000010000
0000000000001101
1110001100001000
0100010110110011
1110110000010000
0000000000001110
1110001100001000
0100001100100010
1110110000010000
0000000001011111
1110101010000111
0000000000000000
1111110010101000
1111110000010000
0000000000000101
1110001100001000
0000000001110111
1110110000010000
0000000000000000
1111110111101000
1110110010100000
1110001100001000
0000000000000000
1111110111001000
1111110010100000
1110101010001000
0000000000000000
1111110111001000
1111110010100000
1110101010001000
0000000000000000
1111110111001000
1111110010100000
1110101010001000
0000000000110011
1110110000010000
0000000000000000
1111110111101000
1110110010100000
1110001100001000
0000000000110011
1110110000010000
0000000000000000
1111110111101000
1110110010100000
1110001100001000
0000000000110011
1110110000010000
0000000000000000
1111110111101000
1110110010100000
1110001100001000
0000000000111111
1110110000010000
0000000000000000
1111110111101000
1110110010100000
1110001100001000
0000000000111111
1110110000010000
0000000000000000
1111110111101000
1110110010100000
1110001100001000
0000000000010010
1110110000010000
0000000000000000
1111110111101000
1110110010100000
1110001100001000
0000000000000000
1111110111001000
1111110010100000
1110101010001000
0000000000000000
1111110111001000
1111110010100000
1110101010001000
0000000000001100
1110110000010000
0000000000001101
1110001100001000
0100010110110011
1110110000010000
0000000000001110
1110001100001000
0100001101110001
1110110000010000
0000000001011111
1110101010000111
0000000000000000
1111110010101000
1111110000010000
0000000000000101
1110001100001000
0000000001111000
1110110000010000
0000000000000000
1111110111101000
1110110010100000
1110001100001000
0000000000000000
1111110111001000
1111110010100000
1110101010001000
0000000000000000
1111110111001000
1111110010100000
1110101010001000
0000000000000000
1111110111001000
1111110010100000
1110101010001000
0000000000110011
1110110000010000
0000000000000000
1111110111101000
1110110010100000
1110001100001000
0000000000011110
1110110000010000
0000000000000000
1111110111101000
1110110010100000
1110001100001000
0000000000001100
1110110000010000
0000000000000000
1111110111101000
1110110010100000
1110001100001000
0000000000001100
1110110000010000
0000000000000000
1111110111101000
1110110010100000
1110001100001000
0000000000011110
1110110000010000
0000000000000000
1111110111101000
1110110010100000
1110001100001000
0000000000110011
1110110000010000
0000000000000000
1111110111101000
1110110010100000
1110001100001000
0000000000000000
1111110111001000
1111110010100000
1110101010001000
0000000000000000
1111110111001000
1111110010100000
1110101010001000
0000000000001100
1110110000010000
0000000000001101
1110001100001000
0100010110110011
1110110000010000
0000000000001110
1110001100001000
0100001111000000
1110110000010000
0000000001011111
1110101010000111
0000000000000000
1111110010101000
1111110000010000
0000000000000101
1110001100001000
0000000001111001
1110110000010000
0000000000000000
1111110111101000
1110110010100000
1110001100001000
0000000000000000
1111110111001000
1111110010100000
1110101010001000
0000000000000000
1111110111001000
1111110010100000
1110101010001000
0000000000000000
1111110111001000
1111110010100000
1110101010001000
0000000000110011
1110110000010000
0000000000000000
1111110111101000
1110110010100000
1110001100001000
0000000000110011
1110110000010000
0000000000000000
1111110111101000
1110110010100000
1110001100001000
0000000000110011
1110110000010000
0000000000000000
1111110111101000
1110110010100000
1110001100001000
0000000000111110
1110110000010000
0000000000000000
1111110111101000
1110110010100000
1110001100001000
0000000000110000
1110110000010000
0000000000000000
1111110111101000
1110110010100000
1110001100001000
0000000000011000
1110110000010000
0000000000000000
1111110111101000
1110110010100000
1110001100001000
0000000000001111
1110110000010000
0000000000000000
1111110111101000
1110110010100000
1110001100001000
0000000000000000
1111110111001000
1111110010100000
1110101010001000
0000000000001100
1110110000010000
0000000000001101
1110001100001000
0100010110110011
1110110000010000
0000000000001110
1110001100001000
0100010000010001
1110110000010000
0000000001011111
1110101010000111
0000000000000000
1111110010101000
1111110000010000
0000000000000101
1110001100001000
0000000001111010
1110110000010000
0000000000000000
1111110111101000
1110110010100000
1110001100001000
0000000000000000
1111110111001000
1111110010100000
1110101010001000
0000000000000000
1111110111001000
1111110010100000
1110101010001000
0000000000000000
1111110111001000
1111110010100000
1110101010001000
0000000000111111
1110110000010000
0000000000000000
1111110111101000
1110110010100000
1110001100001000
0000000000011011
1110110000010000
0000000000000000
1111110111101000
1110110010100000
1110001100001000
0000000000001100
1110110000010000
0000000000000000
1111110111101000
1110110010100000
1110001100001000
0000000000000110
1110110000010000
0000000000000000
1111110111101000
1110110010100000
1110001100001000
0000000000110011
1110110000010000
0000000000000000
1111110111101000
1110110010100000
1110001100001000
0000000000111111
1110110000010000
0000000000000000
1111110111101000
1110110010100000
1110001100001000
0000000000000000
1111110111001000
1111110010100000
1110101010001000
0000000000000000
1111110111001000
1111110010100000
1110101010001000
0000000000001100
1110110000010000
0000000000001101
1110001100001000
0100010110110011
1110110000010000
0000000000001110
1110001100001000
0100010001100000
1110110000010000
0000000001011111
1110101010000111
0000000000000000
1111110010101000
1111110000010000
0000000000000101
1110001100001000
0000000001111011
1110110000010000
0000000000000000
1111110111101000
1110110010100000
1110001100001000
0000000000111000
1110110000010000
0000000000000000
1111110111101000
1110110010100000
1110001100001000
0000000000001100
1110110000010000
0000000000000000
1111110111101000
1110110010100000
1110001100001000
0000000000001100
1110110000010000
0000000000000000
1111110111101000
1110110010100000
1110001100001000
0000000000001100
1110110000010000
0000000000000000
1111110111101000
1110110010100000
1110001100001000
0000000000000111
1110110000010000
0000000000000000
1111110111101000
1110110010100000
1110001100001000
0000000000001100
1110110000010000
0000000000000000
1111110111101000
1110110010100000
1110001100001000
0000000000001100
1110110000010000
0000000000000000
1111110111101000
1110110010100000
1110001100001000
0000000000001100
1110110000010000
0000000000000000
1111110111101000
1110110010100000
1110001100001000
0000000000111000
1110110000010000
0000000000000000
1111110111101000
1110110010100000
1110001100001000
0000000000000000
1111110111001000
1111110010100000
1110101010001000
0000000000000000
1111110111001000
1111110010100000
1110101010001000
0000000000001100
1110110000010000
0000000000001101
1110001100001000
0100010110110011
1110110000010000
0000000000001110
1110001100001000
0100010010110101
1110110000010000
0000000001011111
1110101010000111
0000000000000000
1111110010101000
1111110000010000
0000000000000101
1110001100001000
0000000001111100
1110110000010000
0000000000000000
1111110111101000
1110110010100000
1110001100001000
0000000000001100
1110110000010000
0000000000000000
1111110111101000
1110110010100000
1110001100001000
0000000000001100
1110110000010000
0000000000000000
1111110111101000
1110110010100000
1110001100001000
0000000000001100
1110110000010000
0000000000000000
1111110111101000
1110110010100000
1110001100001000
0000000000001100
1110110000010000
0000000000000000
1111110111101000
1110110010100000
1110001100001000
0000000000001100
1110110000010000
0000000000000000
1111110111101000
1110110010100000
1110001100001000
0000000000001100
1110110000010000
0000000000000000
1111110111101000
1110110010100000
1110001100001000
0000000000001100
1110110000010000
0000000000000000
1111110111101000
1110110010100000
1110001100001000
0000000000001100
1110110000010000
0000000000000000
1111110111101000
1110110010100000
1110001100001000
0000000000001100
1110110000010000
0000000000000000
1111110111101000
1110110010100000
1110001100001000
0000000000000000
1111110111001000
1111110010100000
1110101010001000
0000000000000000
1111110111001000
1111110010100000
1110101010001000
0000000000001100
1110110000010000
0000000000001101
1110001100001000
0100010110110011
1110110000010000
0000000000001110
1110001100001000
0100010100001010
1110110000010000
0000000001011111
1110101010000111
0000000000000000
1111110010101000
1111110000010000
0000000000000101
1110001100001000
0000000001111101
1110110000010000
0000000000000000
1111110111101000
1110110010100000
1110001100001000
0000000000000111
1110110000010000
0000000000000000
1111110111101000
1110110010100000
1110001100001000
0000000000001100
1110110000010000
0000000000000000
1111110111101000
1110110010100000
1110001100001000
0000000000001100
1110110000010000
0000000000000000
1111110111101000
1110110010100000
1110001100001000
0000000000001100
1110110000010000
0000000000000000
1111110111101000
1110110010100000
1110001100001000
0000000000111000
1110110000010000
0000000000000000
1111110111101000
1110110010100000
1110001100001000
0000000000001100
1110110000010000
0000000000000000
1111110111101000
1110110010100000
1110001100001000
0000000000001100
1110110000010000
0000000000000000
1111110111101000
1110110010100000
1110001100001000
0000000000001100
1110110000010000
0000000000000000
1111110111101000
1110110010100000
1110001100001000
0000000000000111
1110110000010000
0000000000000000
1111110111101000
1110110010100000
1110001100001000
0000000000000000
1111110111001000
1111110010100000
1110101010001000
0000000000000000
1111110111001000
1111110010100000
1110101010001000
0000000000001100
1110110000010000
0000000000001101
1110001100001000
0100010110110011
1110110000010000
0000000000001110
1110001100001000
0100010101011111
1110110000010000
0000000001011111
1110101010000111
0000000000000000
1111110010101000
1111110000010000
0000000000000101
1110001100001000
0000000001111110
1110110000010000
0000000000000000
1111110111101000
1110110010100000
1110001100001000
0000000000100110
1110110000010000
0000000000000000
1111110111101000
1110110010100000
1110001100001000
0000000000101101
1110110000010000
0000000000000000
1111110111101000
1110110010100000
1110001100001000
0000000000011001
1110110000010000
0000000000000000
1111110111101000
1110110010100000
1110001100001000
0000000000000000
1111110111001000
1111110010100000
1110101010001000
0000000000000000
1111110111001000
1111110010100000
1110101010001000
0000000000000000
1111110111001000
1111110010100000
1110101010001000
0000000000000000
1111110111001000
1111110010100000
1110101010001000
0000000000000000
1111110111001000
1111110010100000
1110101010001000
0000000000000000
1111110111001000
1111110010100000
1110101010001000
0000000000000000
1111110111001000
1111110010100000
1110101010001000
0000000000000000
1111110111001000
1111110010100000
1110101010001000
0000000000001100
1110110000010000
0000000000001101
1110001100001000
0100010110110011
1110110000010000
0000000000001110
1110001100001000
0100010110101000
1110110000010000
0000000001011111
1110101010000111
0000000000000000
1111110010101000
1111110000010000
0000000000000101
1110001100001000
0000000000000000
1111110111001000
1111110010100000
1110101010001000
0000000000110110
1110101010000111
0000000000000000
1111110111101000
1110110010100000
1110101010001000
0000000000001011
1110110000010000
0000000000000000
1111110111101000
1110110010100000
1110001100001000
0000000000000001
1110110000010000
0000000000001101
1110001100001000
0001011010110000
1110110000010000
0000000000001110
1110001100001000
0100010111001001
1110110000010000
0000000001011111
1110101010000111
0000000000000000
1111110010101000
1111110000010000
0000000000000001
1111110000100000
1110001100001000
0000000000000010
1111110000100000
1111110000010000
0000000000000000
1111110111101000
1110110010100000
1110001100001000
0000000000011001
1111110000010000
0000000000000000
1111110111101000
1110110010100000
1110001100001000
0000000000000000
1111110010101000
1111110000010000
1110110010100000
1111000010001000
0000000000000001
1111110000100000
1111110000010000
0000000000000000
1111110111101000
1110110010100000
1110001100001000
0000000000000000
1111110010101000
1111110000010000
0000000000000101
1110001100001000
0000000000000000
1111110010101000
1111110000010000
0000000000000100
1110001100001000
0000000000000101
1111110000010000
0000000000000000
1111110111101000
1110110010100000
1110001100001000
0000000000000000
1111110010101000
1111110000010000
0000000000000100
1111110000100000
1110001100001000
0000000000000000
1111110111001000
1111110010100000
1110101010001000
0000000000000001
1111110000100000
1111110000010000
0000000000000000
1111110111101000
1110110010100000
1110001100001000
0000000000000000
1111110010101000
1111110000010000
1110110010100000
1111000010001000
0000000000000010
1111110111100000
1111110000010000
0000000000000000
1111110111101000
1110110010100000
1110001100001000
0000000000000000
1111110010101000
1111110000010000
0000000000000101
1110001100001000
0000000000000000
1111110010101000
1111110000010000
0000000000000100
1110001100001000
0000000000000101
1111110000010000
0000000000000000
1111110111101000
1110110010100000
1110001100001000
0000000000000000
1111110010101000
1111110000010000
0000000000000100
1111110000100000
1110001100001000
0000000000000000
1111110111001000
1111110010100000
1110111111001000
0000000000000001
1111110000100000
1111110000010000
0000000000000000
1111110111101000
1110110010100000
1110001100001000
0000000000000000
1111110010101000
1111110000010000
1110110010100000
1111000010001000
0000000000000010
1111110111100000
1110110111100000
1111110000010000
0000000000000000
1111110111101000
1110110010100000
1110001100001000
0000000000000000
1111110010101000
1111110000010000
0000000000000101
1110001100001000
0000000000000000
1111110010101000
1111110000010000
0000000000000100
1110001100001000
0000000000000101
1111110000010000
0000000000000000
1111110111101000
1110110010100000
1110001100001000
0000000000000000
1111110010101000
1111110000010000
0000000000000100
1111110000100000
1110001100001000
0000000000000010
1110110000010000
0000000000000000
1111110111101000
1110110010100000
1110001100001000
0000000000000001
1111110000100000
1111110000010000
0000000000000000
1111110111101000
1110110010100000
1110001100001000
0000000000000000
1111110010101000
1111110000010000
1110110010100000
1111000010001000
0000000000000010
1111110000010000
0000000000000011
1110000010100000
1111110000010000
0000000000000000
1111110111101000
1110110010100000
1110001100001000
0000000000000000
1111110010101000
1111110000010000
0000000000000101
1110001100001000
0000000000000000
1111110010101000
1111110000010000
0000000000000100
1110001100001000
0000000000000101
1111110000010000
0000000000000000
1111110111101000
1110110010100000
1110001100001000
0000000000000000
1111110010101000
1111110000010000
0000000000000100
1111110000100000
1110001100001000
0000000000000011
1110110000010000
0000000000000000
1111110111101000
1110110010100000
1110001100001000
0000000000000001
1111110000100000
1111110000010000
0000000000000000
1111110111101000
1110110010100000
1110001100001000
0000000000000000
1111110010101000
1111110000010000
1110110010100000
1111000010001000
0000000000000010
1111110000010000
0000000000000100
1110000010100000
1111110000010000
0000000000000000
1111110111101000
1110110010100000
1110001100001000
0000000000000000
1111110010101000
1111110000010000
0000000000000101
1110001100001000
0000000000000000
1111110010101000
1111110000010000
0000000000000100
1110001100001000
0000000000000101
1111110000010000
0000000000000000
1111110111101000
1110110010100000
1110001100001000
0000000000000000
1111110010101000
1111110000010000
0000000000000100
1111110000100000
1110001100001000
0000000000000100
1110110000010000
0000000000000000
1111110111101000
1110110010100000
1110001100001000
0000000000000001
1111110000100000
1111110000010000
0000000000000000
1111110111101000
1110110010100000
1110001100001000
0000000000000000
1111110010101000
1111110000010000
1110110010100000
1111000010001000
0000000000000010
1111110000010000
0000000000000101
1110000010100000
1111110000010000
0000000000000000
1111110111101000
1110110010100000
1110001100001000
0000000000000000
1111110010101000
1111110000010000
0000000000000101
1110001100001000
0000000000000000
1111110010101000
1111110000010000
0000000000000100
1110001100001000
0000000000000101
1111110000010000
0000000000000000
1111110111101000
1110110010100000
1110001100001000
0000000000000000
1111110010101000
1111110000010000
0000000000000100
1111110000100000
1110001100001000
0000000000000101
1110110000010000
0000000000000000
1111110111101000
1110110010100000
1110001100001000
0000000000000001
1111110000100000
1111110000010000
0000000000000000
1111110111101000
1110110010100000
1110001100001000
0000000000000000
1111110010101000
1111110000010000
1110110010100000
1111000010001000
0000000000000010
1111110000010000
0000000000000110
1110000010100000
1111110000010000
0000000000000000
1111110111101000
1110110010100000
1110001100001000
0000000000000000
1111110010101000
1111110000010000
0000000000000101
1110001100001000
0000000000000000
1111110010101000
1111110000010000
0000000000000100
1110001100001000
0000000000000101
1111110000010000
0000000000000000
1111110111101000
1110110010100000
1110001100001000
0000000000000000
1111110010101000
1111110000010000
0000000000000100
1111110000100000
1110001100001000
0000000000000110
1110110000010000
0000000000000000
1111110111101000
1110110010100000
1110001100001000
0000000000000001
1111110000100000
1111110000010000
0000000000000000
1111110111101000
1110110010100000
1110001100001000
0000000000000000
1111110010101000
1111110000010000
1110110010100000
1111000010001000
0000000000000010
1111110000010000
0000000000000111
1110000010100000
1111110000010000
0000000000000000
1111110111101000
1110110010100000
1110001100001000
0000000000000000
1111110010101000
1111110000010000
0000000000000101
1110001100001000
0000000000000000
1111110010101000
1111110000010000
0000000000000100
1110001100001000
0000000000000101
1111110000010000
0000000000000000
1111110111101000
1110110010100000
1110001100001000
0000000000000000
1111110010101000
1111110000010000
0000000000000100
1111110000100000
1110001100001000
0000000000000111
1110110000010000
0000000000000000
1111110111101000
1110110010100000
1110001100001000
0000000000000001
1111110000100000
1111110000010000
0000000000000000
1111110111101000
1110110010100000
1110001100001000
0000000000000000
1111110010101000
1111110000010000
1110110010100000
1111000010001000
0000000000000010
1111110000010000
0000000000001000
1110000010100000
1111110000010000
0000000000000000
1111110111101000
1110110010100000
1110001100001000
0000000000000000
1111110010101000
1111110000010000
0000000000000101
1110001100001000
0000000000000000
1111110010101000
1111110000010000
0000000000000100
1110001100001000
0000000000000101
1111110000010000
0000000000000000
1111110111101000
1110110010100000
1110001100001000
0000000000000000
1111110010101000
1111110000010000
0000000000000100
1111110000100000
1110001100001000
0000000000001000
1110110000010000
0000000000000000
1111110111101000
1110110010100000
1110001100001000
0000000000000001
1111110000100000
1111110000010000
0000000000000000
1111110111101000
1110110010100000
1110001100001000
0000000000000000
1111110010101000
1111110000010000
1110110010100000
1111000010001000
0000000000000010
1111110000010000
0000000000001001
1110000010100000
1111110000010000
0000000000000000
1111110111101000
1110110010100000
1110001100001000
0000000000000000
1111110010101000
1111110000010000
0000000000000101
1110001100001000
0000000000000000
1111110010101000
1111110000010000
0000000000000100
1110001100001000
0000000000000101
1111110000010000
0000000000000000
1111110111101000
1110110010100000
1110001100001000
0000000000000000
1111110010101000
1111110000010000
0000000000000100
1111110000100000
1110001100001000
0000000000001001
1110110000010000
0000000000000000
1111110111101000
1110110010100000
1110001100001000
0000000000000001
1111110000100000
1111110000010000
0000000000000000
1111110111101000
1110110010100000
1110001100001000
0000000000000000
1111110010101000
1111110000010000
1110110010100000
1111000010001000
0000000000000010
1111110000010000
0000000000001010
1110000010100000
1111110000010000
0000000000000000
1111110111101000
1110110010100000
1110001100001000
0000000000000000
1111110010101000
1111110000010000
0000000000000101
1110001100001000
0000000000000000
1111110010101000
1111110000010000
0000000000000100
1110001100001000
0000000000000101
1111110000010000
0000000000000000
1111110111101000
1110110010100000
1110001100001000
0000000000000000
1111110010101000
1111110000010000
0000000000000100
1111110000100000
1110001100001000
0000000000001010
1110110000010000
0000000000000000
1111110111101000
1110110010100000
1110001100001000
0000000000000001
1111110000100000
1111110000010000
0000000000000000
1111110111101000
1110110010100000
1110001100001000
0000000000000000
1111110010101000
1111110000010000
1110110010100000
1111000010001000
0000000000000010
1111110000010000
0000000000001011
1110000010100000
1111110000010000
0000000000000000
1111110111101000
1110110010100000
1110001100001000
0000000000000000
1111110010101000
1111110000010000
0000000000000101
1110001100001000
0000000000000000
1111110010101000
1111110000010000
0000000000000100
1110001100001000
0000000000000101
1111110000010000
0000000000000000
1111110111101000
1110110010100000
1110001100001000
0000000000000000
1111110010101000
1111110000010000
0000000000000100
1111110000100000
1110001100001000
0000000000000000
1111110111001000
1111110010100000
1110101010001000
0000000000110110
1110101010000111
0000000000000100
1110110000010000
1110001110010000
0000000000000000
1111110111101000
1110110010100000
1110101010001000
0100100000011010
1110001100000001
0000000001111111
1110110000010000
0000000000000000
1111110111101000
1110110010100000
1110001100001000
0000000000000001
1110110000010000
0000000000001101
1110001100001000
0001011010110000
1110110000010000
0000000000001110
1110001100001000
0100100000110011
1110110000010000
0000000001011111
1110101010000111
0000000000000000
1111110010101000
1111110000010000
0000000000011010
1110001100001000
0000000000000000
1111110111001000
1111110010100000
1110101010001000
0000000000000000
1111110010101000
1111110000010000
0000000000000001
1111110111100000
1110110111100000
1110001100001000
0000000000000001
1111110111100000
1110110111100000
1111110000010000
0000000000000000
1111110111101000
1110110010100000
1110001100001000
0000000001111111
1110110000010000
0000000000000000
1111110111101000
1110110010100000
1110001100001000
0100100001010101
1110110000010000
0000000000100110
1110101010000111
0000000000000000
1111110010100000
1111110001001000
0000000000000000
1111110010101000
1111110000010000
0100100110101011
1110001100000101
0000000000000001
1111110111100000
1110110111100000
1111110000010000
0000000000000000
1111110111101000
1110110010100000
1110001100001000
0000000000011001
1111110000010000
0000000000000000
1111110111101000
1110110010100000
1110001100001000
0000000000000000
1111110010101000
1111110000010000
1110110010100000
1111000010001000
0000000000000000
1111110010101000
1111110000010000
0000000000000100
1110001100001000
0000000000000100
1111110000100000
1111110000010000
0000000000000000
1111110111101000
1110110010100000
1110001100001000
0000000000000000
1111110010101000
1111110000010000
0000000000000001
1111110000100000
1110001100001000
0000000000001011
1110110000010000
0000000000000000
1111110111101000
1110110010100000
1110001100001000
0000000000000001
1110110000010000
0000000000001101
1110001100001000
0001011010110000
1110110000010000
0000000000001110
1110001100001000
0100100010010100
1110110000010000
0000000001011111
1110101010000111
0000000000000000
1111110010101000
1111110000010000
0000000000000001
1111110111100000
1110001100001000
0000000000000001
1111110111100000
1110110111100000
1111110000010000
0000000000000000
1111110111101000
1110110010100000
1110001100001000
0000000000011010
1111110000010000
0000000000000000
1111110111101000
1110110010100000
1110001100001000
0000000000000000
1111110010101000
1111110000010000
1110110010100000
1111000010001000
0000000000000001
1111110111100000
1111110000010000
0000000000000000
1111110111101000
1110110010100000
1110001100001000
0000000000000000
1111110010101000
1111110000010000
0000000000000101
1110001100001000
0000000000000000
1111110010101000
1111110000010000
0000000000000100
1110001100001000
0000000000000101
1111110000010000
0000000000000000
1111110111101000
1110110010100000
1110001100001000
0000000000000000
1111110010101000
1111110000010000
0000000000000100
1111110000100000
1110001100001000
0000000000000000
1111110111001000
1111110010100000
1110101010001000
0000000000000000
1111110010101000
1111110000010000
0000000000000001
1111110111100000
1110110111100000
1110110111100000
1110001100001000
0000000000000001
1111110000010000
0000000000000011
1110000010100000
1111110000010000
0000000000000000
1111110111101000
1110110010100000
1110001100001000
0000000000001011
1110110000010000
0000000000000000
1111110111101000
1110110010100000
1110001100001000
0100100011101001
1110110000010000
0000000000100110
1110101010000111
0000000000000000
1111110010100000
1111110001001000
0000000000000000
1111110010101000
1111110000010000
0100100101101011
1110001100000101
0000000000000001
1111110000010000
0000000000000011
1110000010100000
1111110000010000
0000000000000000
1111110111101000
1110110010100000
1110001100001000
0000000000000001
1111110111100000
1111110000010000
0000000000000000
1111110111101000
1110110010100000
1110001100001000
0000000000000000
1111110010101000
1111110000010000
1110110010100000
1111000010001000
0000000000000001
1111110000010000
0000000000000011
1110000010100000
1111110000010000
0000000000000000
1111110111101000
1110110010100000
1110001100001000
0000000000000001
1111110000100000
1111110000010000
0000000000000000
1111110111101000
1110110010100000
1110001100001000
0000000000000000
1111110010101000
1111110000010000
1110110010100000
1111000010001000
0000000000000000
1111110010101000
1111110000010000
0000000000000100
1110001100001000
0000000000000100
1111110000100000
1111110000010000
0000000000000000
1111110111101000
1110110010100000
1110001100001000
0000000100000000
1110110000010000
0000000000000000
1111110111101000
1110110010100000
1110001100001000
0000000000000010
1110110000010000
0000000000001101
1110001100001000
0001101010100110
1110110000010000
0000000000001110
1110001100001000
0100100100111001
1110110000010000
0000000001011111
1110101010000111
0000000000000000
1111110010101000
1111110000010000
0000000000000101
1110001100001000
0000000000000000
1111110010101000
1111110000010000
0000000000000100
1110001100001000
0000000000000101
1111110000010000
0000000000000000
1111110111101000
1110110010100000
1110001100001000
0000000000000000
1111110010101000
1111110000010000
0000000000000100
1111110000100000
1110001100001000
0000000000000001
1111110000010000
0000000000000011
1110000010100000
1111110000010000
0000000000000000
1111110111101000
1110110010100000
1110001100001000
0000000000000000
1111110111001000
1111110010100000
1110111111001000
0000000000000000
1111110010101000
1111110000010000
1110110010100000
1111000010001000
0000000000000000
1111110010101000
1111110000010000
0000000000000001
1111110111100000
1110110111100000
1110110111100000
1110001100001000
0100100011010110
1110101010000111
0000000000000001
1111110111100000
1110110111100000
1111110000010000
0000000000000000
1111110111101000
1110110010100000
1110001100001000
0000000000000000
1111110111001000
1111110010100000
1110101010001000
0100100101111011
1110110000010000
0000000000000110
1110101010000111
0000000000000000
1111110010101000
1111110000010000
0100100110000010
1110001100000101
0100100110010001
1110101010000111
0000000000100000
1110110000010000
0000000000000000
1111110111101000
1110110010100000
1110001100001000
0000000000000000
1111110010101000
1111110000010000
0000000000000001
1111110111100000
1110110111100000
1110001100001000
0100100110101001
1110101010000111
0000000000000001
1111110111100000
1110110111100000
1111110000010000
0000000000000000
1111110111101000
1110110010100000
1110001100001000
0000000000000000
1111110111001000
1111110010100000
1110111111001000
0000000000000000
1111110010101000
1111110000010000
1110110010100000
1111000010001000
0000000000000000
1111110010101000
1111110000010000
0000000000000001
1111110111100000
1110110111100000
1110001100001000
0100100001000011
1110101010000111
0000000000000000
1111110111001000
1111110010100000
1110101010001000
0000000000110110
1110101010000111
0000000000000000
1111110111101000
1110110010100000
1110101010001000
0000000000000010
1111110000100000
1111110000010000
0000000000000000
1111110111101000
1110110010100000
1110001100001000
0000000000100000
1110110000010000
0000000000000000
1111110111101000
1110110010100000
1110001100001000
0100100111000110
1110110000010000
0000000000100110
1110101010000111
0000000000000010
1111110000100000
1111110000010000
0000000000000000
1111110111101000
1110110010100000
1110001100001000
0000000001111110
1110110000010000
0000000000000000
1111110111101000
1110110010100000
1110001100001000
0100100111010111
1110110000010000
0000000000010110
1110101010000111
0000000000000000
1111110010101000
1111110000010000
1110110010100000
1111010101001000
0000000000000000
1111110010101000
1111110000010000
0100100111100011
1110001100000101
0100100111101101
1110101010000111
0000000000000000
1111110111001000
1111110010100000
1110101010001000
0000000000000000
1111110010101000
1111110000010000
0000000000000010
1111110000100000
1110001100001000
0000000000010101
1111110000010000
0000000000000000
1111110111101000
1110110010100000
1110001100001000
0000000000000000
1111110010101000
1111110000010000
0100100111111010
1110001100000101
0100101000100000
1110101010000111
0000000000000010
1111110000100000
1111110000010000
0000000000000000
1111110111101000
1110110010100000
1110001100001000
0000000000011001
1111110000010000
0000000000000000
1111110111101000
1110110010100000
1110001100001000
0000000000000000
1111110010101000
1111110000010000
1110110010100000
1111000010001000
0000000000000000
1111110010101000
1111110000010000
0000000000000100
1110001100001000
0000000000000100
1111110000100000
1111110000010000
0000000000000000
1111110111101000
1110110010100000
1110001100001000
0000000000000000
1111110010101000
1111110000010000
0000000000000001
1111110000100000
1110001100001000
0100101001000100
1110101010000111
0000000000000010
1111110000100000
1111110000010000
0000000000000000
1111110111101000
1110110010100000
1110001100001000
0000000000011010
1111110000010000
0000000000000000
1111110111101000
1110110010100000
1110001100001000
0000000000000000
1111110010101000
1111110000010000
1110110010100000
1111000010001000
0000000000000000
1111110010101000
1111110000010000
0000000000000100
1110001100001000
0000000000000100
1111110000100000
1111110000010000
0000000000000000
1111110111101000
1110110010100000
1110001100001000
0000000000000000
1111110010101000
1111110000010000
0000000000000001
1111110000100000
1110001100001000
0000000000000001
1111110000100000
1111110000010000
0000000000000000
1111110111101000
1110110010100000
1110001100001000
0000000000110110
1110101010000111
0000000000000100
1110110000010000
1110001110010000
0000000000000000
1111110111101000
1110110010100000
1110101010001000
0100101001001111
1110001100000001
0000000000000010
1111110000100000
1111110000010000
0000000000000000
1111110111101000
1110110010100000
1110001100001000
0000000000000001
1110110000010000
0000000000001101
1110001100001000
0100100110110001
1110110000010000
0000000000001110
1110001100001000
0100101001101001
1110110000010000
0000000001011111
1110101010000111
0000000000000000
1111110010101000
1111110000010000
0000000000000001
1111110111100000
1110110111100000
1110001100001000
0000000000010110
1111110000010000
0000000000000000
1111110111101000
1110110010100000
1110001100001000
0000000000000000
1111110010101000
1111110000010000
0000000000000001
1111110000100000
1110001100001000
0000000000000001
1111110111100000
1111110000010000
0000000000000000
1111110111101000
1110110010100000
1110001100001000
0000000000001011
1110110000010000
0000000000000000
1111110111101000
1110110010100000
1110001100001000
0100101010001101
1110110000010000
0000000000100110
1110101010000111
0000000000000000
1111110010100000
1111110001001000
0000000000000000
1111110010101000
1111110000010000
0100101110010000
1110001100000101
0000000000010101
1111110000010000
0000000000000000
1111110111101000
1110110010100000
1110001100001000
0000000000000000
1111110010101000
1111110000010000
0100101010100010
1110001100000101
0100101011011001
1110101010000111
0000000000000001
1111110000100000
1111110000010000
0000000000000000
1111110111101000
1110110010100000
1110001100001000
0000000000010100
1111110000010000
0000000000000000
1111110111101000
1110110010100000
1110001100001000
0000000000000000
1111110010101000
1111110000010000
1110110010100000
1111000010001000
0000000000000000
1111110010101000
1111110000010000
0000000000000100
1110001100001000
0000000000000100
1111110000100000
1111110000010000
0000000000000000
1111110111101000
1110110010100000
1110001100001000
0000000100000000
1110110000010000
0000000000000000
1111110111101000
1110110010100000
1110001100001000
0000000000000000
1111110010100000
1111110001010000
1110011111001000
0000000000000000
1111110010101000
1111110000010000
1110110010100000
1111000000001000
0000000000000000
1111110010101000
1111110000010000
0000000000000001
1111110111100000
1110110111100000
1110110111100000
1110001100001000
0100101100001010
1110101010000111
0000000000000001
1111110000100000
1111110000010000
0000000000000000
1111110111101000
1110110010100000
1110001100001000
0000000000010100
1111110000010000
0000000000000000
1111110111101000
1110110010100000
1110001100001000
0000000000000000
1111110010101000
1111110000010000
1110110010100000
1111000010001000
0000000000000000
1111110010101000
1111110000010000
0000000000000100
1110001100001000
0000000000000100
1111110000100000
1111110000010000
0000000000000000
1111110111101000
1110110010100000
1110001100001000
0000000011111111
1110110000010000
0000000000000000
1111110111101000
1110110010100000
1110001100001000
0000000000000000
1111110010101000
1111110000010000
1110110010100000
1111000000001000
0000000000000000
1111110010101000
1111110000010000
0000000000000001
1111110111100000
1110110111100000
1110110111100000
1110001100001000
0000000000000001
1111110000100000
1111110000010000
0000000000000000
1111110111101000
1110110010100000
1110001100001000
0000000000010100
1111110000010000
0000000000000000
1111110111101000
1110110010100000
1110001100001000
0000000000000000
1111110010101000
1111110000010000
1110110010100000
1111000010001000
0000000000000001
1111110111100000
1111110000010000
0000000000000000
1111110111101000
1110110010100000
1110001100001000
0000000000000001
1111110111100000
1110110111100000
1111110000010000
0000000000000000
1111110111101000
1110110010100000
1110001100001000
0000000000000000
1111110010101000
1111110000010000
1110110010100000
1111000010001000
0000000000000000
1111110010101000
1111110000010000
0000000000000100
1110001100001000
0000000000000100
1111110000100000
1111110000010000
0000000000000000
1111110111101000
1110110010100000
1110001100001000
0000000000000001
1111110000010000
0000000000000011
1110000010100000
1111110000010000
0000000000000000
1111110111101000
1110110010100000
1110001100001000
0000000000000000
1111110010101000
1111110000010000
1110110010100000
1111010101001000
0000000000000000
1111110010101000
1111110000010000
0000000000000101
1110001100001000
0000000000000000
1111110010101000
1111110000010000
0000000000000100
1110001100001000
0000000000000101
1111110000010000
0000000000000000
1111110111101000
1110110010100000
1110001100001000
0000000000000000
1111110010101000
1111110000010000
0000000000000100
1111110000100000
1110001100001000
0000000000000001
1111110000100000
1111110000010000
0000000000000000
1111110111101000
1110110010100000
1110001100001000
0000000000100000
1110110000010000
0000000000000000
1111110111101000
1110110010100000
1110001100001000
0000000000000000
1111110010101000
1111110000010000
1110110010100000
1111000010001000
0000000000000000
1111110010101000
1111110000010000
0000000000000001
1111110000100000
1110001100001000
0000000000000001
1111110111100000
1111110000010000
0000000000000000
1111110111101000
1110110010100000
1110001100001000
0000000000000000
1111110111001000
1111110010100000
1110111111001000
0000000000000000
1111110010101000
1111110000010000
1110110010100000
1111000010001000
0000000000000000
1111110010101000
1111110000010000
0000000000000001
1111110111100000
1110001100001000
0100101001111100
1110101010000111
0000000000000000
1111110111001000
1111110010100000
1110101010001000
0000000000110110
1110101010000111
0000000000000010
1111110000100000
1111110000010000
0000000000000000
1111110111101000
1110110010100000
1110001100001000
0000000000000000
1111110111001000
1111110010100000
1110101010001000
0100101110100101
1110110000010000
0000000000100110
1110101010000111
0000000000000010
1111110000100000
1111110000010000
0000000000000000
1111110111101000
1110110010100000
1110001100001000
0000000000010110
1110110000010000
0000000000000000
1111110111101000
1110110010100000
1110001100001000
0100101110110110
1110110000010000
0000000000010110
1110101010000111
0000000000000000
1111110010101000
1111110000010000
1110110010100000
1111010101001000
0000000000000010
1111110111100000
1111110000010000
0000000000000000
1111110111101000
1110110010100000
1110001100001000
0000000000000000
1111110111001000
1111110010100000
1110101010001000
0100101111001010
1110110000010000
0000000000100110
1110101010000111
0000000000000000
1111110010101000
1111110000010000
1110110010100000
1111010101001000
0000000000000010
1111110111100000
1111110000010000
0000000000000000
1111110111101000
1110110010100000
1110001100001000
0000000000111111
1110110000010000
0000000000000000
1111110111101000
1110110010100000
1110001100001000
0100101111100000
1110110000010000
0000000000010110
1110101010000111
0000000000000000
1111110010101000
1111110000010000
1110110010100000
1111010101001000
0000000000000000
1111110010101000
1111110000010000
0100101111101100
1110001100000101
0100110000000011
1110101010000111
0000000000010100
1110110000010000
0000000000000000
1111110111101000
1110110010100000
1110001100001000
0000000000000001
1110110000010000
0000000000001101
1110001100001000
0110101011011001
1110110000010000
0000000000001110
1110001100001000
0100101111111110
1110110000010000
0000000001011111
1110101010000111
0000000000000000
1111110010101000
1111110000010000
0000000000000101
1110001100001000
0000000000000010
1111110111100000
1111110000010000
0000000000000000
1111110111101000
1110110010100000
1110001100001000
0000000000000010
1110110000010000
0000000000000000
1111110111101000
1110110010100000
1110001100001000
0000000000000010
1110110000010000
0000000000001101
1110001100001000
0001110001110111
1110110000010000
0000000000001110
1110001100001000
0100110000011100
1110110000010000
0000000001011111
1110101010000111
0000000000000000
1111110010101000
1111110000010000
0000000000010111
1110001100001000
0000000000100000
1110110000010000
0000000000000000
1111110111101000
1110110010100000
1110001100001000
0000000000000010
1111110000100000
1111110000010000
0000000000000000
1111110111101000
1110110010100000
1110001100001000
0000000101100000
1110110000010000
0000000000000000
1111110111101000
1110110010100000
1110001100001000
0000000000000010
1110110000010000
0000000000001101
1110001100001000
0001101010100110
1110110000010000
0000000000001110
1110001100001000
0100110001000000
1110110000010000
0000000001011111
1110101010000111
0000000000000000
1111110010101000
1111110000010000
1110110010100000
1111000010001000
0000000000010111
1111110000010000
0000000000000000
1111110111101000
1110110010100000
1110001100001000
0000000000000000
1111110010101000
1111110000010000
1110110010100000
1111000010001000
0000000000000000
1111110010101000
1111110000010000
0000000000010110
1110001100001000
0000000000000010
1111110111100000
1111110000010000
0000000000000000
1111110111101000
1110110010100000
1110001100001000
0000000000010111
1111110000010000
0000000000000000
1111110111101000
1110110010100000
1110001100001000
0000000000000010
1110110000010000
0000000000000000
1111110111101000
1110110010100000
1110001100001000
0000000000000010
1110110000010000
0000000000001101
1110001100001000
0001101010100110
1110110000010000
0000000000001110
1110001100001000
0100110001110100
1110110000010000
0000000001011111
1110101010000111
0100110001111000
1110110000010000
0000000000000110
1110101010000111
0000000000000000
1111110010101000
1111110000010000
0000000000010101
1110001100001000
0000000000100000
1110110000010000
0000000000000000
1111110111101000
1110110010100000
1110001100001000
0000000000000001
1110110000010000
0000000000001101
1110001100001000
0100101001001101
1110110000010000
0000000000001110
1110001100001000
0100110010001111
1110110000010000
0000000001011111
1110101010000111
0000000000000000
1111110010101000
1111110000010000
0000000000000101
1110001100001000
0000000000000000
1111110111001000
1111110010100000
1110101010001000
0000000000110110
1110101010000111
0000000000000010
1111110000100000
1111110000010000
0000000000000000
1111110111101000
1110110010100000
1110001100001000
0000000000000000
1110110000010000
0000000000001101
1110001100001000
0110100110011010
1110110000010000
0000000000001110
1110001100001000
0100110010101101
1110110000010000
0000000001011111
1110101010000111
0100110010110001
1110110000010000
0000000000000110
1110101010000111
0000000000000000
1111110010101000
1111110000010000
0100110010111000
1110001100000101
0100110011001011
1110101010000111
0000000000000000
1110110000010000
0000000000001101
1110001100001000
0100111001001000
1110110000010000
0000000000001110
1110001100001000
0100110011000100
1110110000010000
0000000001011111
1110101010000111
0000000000000000
1111110010101000
1111110000010000
0000000000000101
1110001100001000
0100110110000100
1110101010000111
0000000000000010
1111110000100000
1111110000010000
0000000000000000
1111110111101000
1110110010100000
1110001100001000
0000000000000000
1110110000010000
0000000000001101
1110001100001000
0110100110100010
1110110000010000
0000000000001110
1110001100001000
0100110011011110
1110110000010000
0000000001011111
1110101010000111
0100110011100010
1110110000010000
0000000000000110
1110101010000111
0000000000000000
1111110010101000
1111110000010000
0100110011101001
1110001100000101
0100110011111100
1110101010000111
0000000000000000
1110110000010000
0000000000001101
1110001100001000
0100111010100110
1110110000010000
0000000000001110
1110001100001000
0100110011110101
1110110000010000
0000000001011111
1110101010000111
0000000000000000
1111110010101000
1111110000010000
0000000000000101
1110001100001000
0100110110000100
1110101010000111
0000000000000010
1111110000100000
1111110000010000
0000000000000000
1111110111101000
1110110010100000
1110001100001000
0000000000000001
1110110000010000
0000000000001101
1110001100001000
0100101001001101
1110110000010000
0000000000001110
1110001100001000
0100110100001111
1110110000010000
0000000001011111
1110101010000111
0000000000000000
1111110010101000
1111110000010000
0000000000000101
1110001100001000
0000000000010101
1111110000010000
0000000000000000
1111110111101000
1110110010100000
1110001100001000
0000000000000000
1111110010100000
1111110001001000
0000000000000000
1111110010101000
1111110000010000
0100110100100100
1110001100000101
0100110101001100
1110101010000111
0000000000010111
1111110000010000
0000000000000000
1111110111101000
1110110010100000
1110001100001000
0000000000000000
1111110111001000
1111110010100000
1110111111001000
0000000000000000
1111110010101000
1111110000010000
1110110010100000
1111000010001000
0000000000000000
1111110010101000
1111110000010000
0000000000010111
1110001100001000
0000000000010110
1111110000010000
0000000000000000
1111110111101000
1110110010100000
1110001100001000
0000000000000000
1111110111001000
1111110010100000
1110111111001000
0000000000000000
1111110010101000
1111110000010000
1110110010100000
1111000010001000
0000000000000000
1111110010101000
1111110000010000
0000000000010110
1110001100001000
0000000000010111
1111110000010000
0000000000000000
1111110111101000
1110110010100000
1110001100001000
0000000000100000
1110110000010000
0000000000000000
1111110111101000
1110110010100000
1110001100001000
0100110101011100
1110110000010000
0000000000000110
1110101010000111
0000000000000000
1111110010101000
1111110000010000
0100110101100011
1110001100000101
0100110101110110
1110101010000111
0000000000000000
1110110000010000
0000000000001101
1110001100001000
0100111001001000
1110110000010000
0000000000001110
1110001100001000
0100110101101111
1110110000010000
0000000001011111
1110101010000111
0000000000000000
1111110010101000
1111110000010000
0000000000000101
1110001100001000
0100110110000100
1110101010000111
0000000000010101
1111110000010000
0000000000000000
1111110111101000
1110110010100000
1110001100001000
0000000000000000
1111110010100000
1111110001001000
0000000000000000
1111110010101000
1111110000010000
0000000000010101
1110001100001000
0000000000000000
1111110111001000
1111110010100000
1110101010001000
0000000000110110
1110101010000111
0000000000000000
1111110000100000
1110101010001000
1110110111110000
1110101010001000
0000000000000000
1110011111001000
0000000000000010
1111110000100000
1111110000010000
0000000000000000
1111110111101000
1110110010100000
1110001100001000
0000000000000001
1110110000010000
0000000000001101
1110001100001000
0110001011111011
1110110000010000
0000000000001110
1110001100001000
0100110110100100
1110110000010000
0000000001011111
1110101010000111
0000000000000000
1111110010101000
1111110000010000
0000000000000001
1111110111100000
1110001100001000
0000000000000001
1111110000100000
1111110000010000
0000000000000000
1111110111101000
1110110010100000
1110001100001000
0000000000000001
1111110111100000
1111110000010000
0000000000000000
1111110111101000
1110110010100000
1110001100001000
0100110110111100
1110110000010000
0000000000100110
1110101010000111
0000000000000000
1111110010100000
1111110001001000
0000000000000000
1111110010101000
1111110000010000
0100111000000111
1110001100000101
0000000000000010
1111110000100000
1111110000010000
0000000000000000
1111110111101000
1110110010100000
1110001100001000
0000000000000001
1111110000100000
1111110000010000
0000000000000000
1111110111101000
1110110010100000
1110001100001000
0000000000000010
1110110000010000
0000000000001101
1110001100001000
0110001100010001
1110110000010000
0000000000001110
1110001100001000
0100110111011110
1110110000010000
0000000001011111
1110101010000111
0000000000000001
1110110000010000
0000000000001101
1110001100001000
0100110010011010
1110110000010000
0000000000001110
1110001100001000
0100110111101010
1110110000010000
0000000001011111
1110101010000111
0000000000000000
1111110010101000
1111110000010000
0000000000000101
1110001100001000
0000000000000001
1111110000100000
1111110000010000
0000000000000000
1111110111101000
1110110010100000
1110001100001000
0000000000000000
1111110111001000
1111110010100000
1110111111001000
0000000000000000
1111110010101000
1111110000010000
1110110010100000
1111000010001000
0000000000000000
1111110010101000
1111110000010000
0000000000000001
1111110000100000
1110001100001000
0100110110101010
1110101010000111
0000000000000000
1111110111001000
1111110010100000
1110101010001000
0000000000110110
1110101010000111
0000000000011000
1111110000010000
0000000000000000
1111110111101000
1110110010100000
1110001100001000
0000000000000010
1111110000100000
1111110000010000
0000000000000000
1111110111101000
1110110010100000
1110001100001000
0000000000000010
1110110000010000
0000000000001101
1110001100001000
0110011010110011
1110110000010000
0000000000001110
1110001100001000
0100111000100110
1110110000010000
0000000001011111
1110101010000111
0000000000000000
1111110010101000
1111110000010000
0000000000000101
1110001100001000
0000000000011000
1111110000010000
0000000000000000
1111110111101000
1110110010100000
1110001100001000
0000000000000001
1110110000010000
0000000000001101
1110001100001000
0100110110001010
1110110000010000
0000000000001110
1110001100001000
0100111000111101
1110110000010000
0000000001011111
1110101010000111
0000000000000000
1111110010101000
1111110000010000
0000000000000101
1110001100001000
0000000000000000
1111110111001000
1111110010100000
1110101010001000
0000000000110110
1110101010000111
0000000000010110
1111110000010000
0000000000000000
1111110111101000
1110110010100000
1110001100001000
0000000101100000
1110110000010000
0000000000000000
1111110111101000
1110110010100000
1110001100001000
0000000000000000
1111110010101000
1111110000010000
1110110010100000
1111000010001000
0000000000010111
1111110000010000
0000000000000000
1111110111101000
1110110010100000
1110001100001000
0000000000000000
1111110010101000
1111110000010000
1110110010100000
1111000111001000
0000000000000000
1111110010101000
1111110000010000
0000000000010110
1110001100001000
0000000000000000
1111110111001000
1111110010100000
1110101010001000
0000000000000000
1111110010101000
1111110000010000
0000000000010111
1110001100001000
0000000000000000
1111110111001000
1111110010100000
1110101010001000
0000000000000000
1111110010100000
1111110001001000
0000000000000000
1111110010101000
1111110000010000
0000000000010101
1110001100001000
0000000000010110
1111110000010000
0000000000000000
1111110111101000
1110110010100000
1110001100001000
0001111111000000
1110110000010000
0000000000000000
1111110111101000
1110110010100000
1110001100001000
0100111010001110
1110110000010000
0000000000000110
1110101010000111
0000000000000000
1111110010101000
1111110000010000
0100111010010101
1110001100000101
0100111010100000
1110101010000111
0000000000100000
1110110000010000
0000000000000000
1111110111101000
1110110010100000
1110001100001000
0000000000000000
1111110010101000
1111110000010000
0000000000010110
1110001100001000
0000000000000000
1111110111001000
1111110010100000
1110101010001000
0000000000110110
1110101010000111
0000000000010101
1111110000010000
0000000000000000
1111110111101000
1110110010100000
1110001100001000
0000000000000000
1111110010101000
1111110000010000
0100111010110011
1110001100000101
0100111101000000
1110101010000111
0000000000010111
1111110000010000
0000000000000000
1111110111101000
1110110010100000
1110001100001000
0000000000000000
1111110111001000
1111110010100000
1110101010001000
0100111011000001
1110110000010000
0000000000010110
1110101010000111
0000000000000000
1111110010101000
1111110000010000
0100111011001000
1110001100000101
0100111011110010
1110101010000111
0000000000010111
1111110000010000
0000000000000000
1111110111101000
1110110010100000
1110001100001000
0000000000000000
1111110111001000
1111110010100000
1110111111001000
0000000000000000
1111110010101000
1111110000010000
1110110010100000
1111000111001000
0000000000000000
1111110010101000
1111110000010000
0000000000010111
1110001100001000
0000000000010110
1111110000010000
0000000000000000
1111110111101000
1110110010100000
1110001100001000
0000000000000000
1111110111001000
1111110010100000
1110111111001000
0000000000000000
1111110010101000
1111110000010000
1110110010100000
1111000111001000
0000000000000000
1111110010101000
1111110000010000
0000000000010110
1110001100001000
0100111100110101
1110101010000111
0000000000011111
1110110000010000
0000000000000000
1111110111101000
1110110010100000
1110001100001000
0000000000000000
1111110010101000
1111110000010000
0000000000010111
1110001100001000
0000000000010110
1111110000010000
0000000000000000
1111110111101000
1110110010100000
1110001100001000
0000000000100000
1110110000010000
0000000000000000
1111110111101000
1110110010100000
1110001100001000
0100111100001101
1110110000010000
0000000000000110
1110101010000111
0000000000000000
1111110010101000
1111110000010000
0100111100010100
1110001100000101
0100111100011111
1110101010000111
0001111111000000
1110110000010000
0000000000000000
1111110111101000
1110110010100000
1110001100001000
0000000000000000
1111110010101000
1111110000010000
0000000000010110
1110001100001000
0000000000010110
1111110000010000
0000000000000000
1111110111101000
1110110010100000
1110001100001000
0000000101000001
1110110000010000
0000000000000000
1111110111101000
1110110010100000
1110001100001000
0000000000000000
1111110010101000
1111110000010000
1110110010100000
1111000111001000
0000000000000000
1111110010101000
1111110000010000
0000000000010110
1110001100001000
0000000000000000
1111110111001000
1111110010100000
1110101010001000
0000000000000000
1111110010101000
1111110000010000
0000000000010101
1110001100001000
0100111101001100
1110101010000111
0000000000000000
1111110111001000
1111110010100000
1110101010001000
0000000000000000
1111110010100000
1111110001001000
0000000000000000
1111110010101000
1111110000010000
0000000000010101
1110001100001000
0000000000100000
1110110000010000
0000000000000000
1111110111101000
1110110010100000
1110001100001000
0000000000000001
1110110000010000
0000000000001101
1110001100001000
0100101001001101
1110110000010000
0000000000001110
1110001100001000
0100111101011110
1110110000010000
0000000001011111
1110101010000111
0000000000000000
1111110010101000
1111110000010000
0000000000000101
1110001100001000
0000000000000000
1111110111001000
1111110010100000
1110101010001000
0000000000110110
1110101010000111
0000000000000000
1111110111101000
1110110010100000
1110101010001000
0100000000000000
1110110000010000
0000000000000000
1111110111101000
1110110010100000
1110001100001000
0000000000000000
1111110010101000
1111110000010000
0000000000011011
1110001100001000
0000000000000000
1111110111001000
1111110010100000
1110101010001000
0000000000000000
1111110010100000
1111110001001000
0000000000000000
1111110010101000
1111110000010000
0000000000011100
1110001100001000
0000000000010001
1110110000010000
0000000000000000
1111110111101000
1110110010100000
1110001100001000
0000000000000001
1110110000010000
0000000000001101
1110001100001000
0001011010110000
1110110000010000
0000000000001110
1110001100001000
0100111110010110
1110110000010000
0000000001011111
1110101010000111
0000000000000000
1111110010101000
1111110000010000
0000000000011101
1110001100001000
0000000000000000
1111110111001000
1111110010100000
1110101010001000
0000000000011101
1111110000010000
0000000000000000
1111110111101000
1110110010100000
1110001100001000
0000000000000000
1111110010101000
1111110000010000
1110110010100000
1111000010001000
0000000000000000
1111110111001000
1111110010100000
1110111111001000
0000000000000000
1111110010101000
1111110000010000
0000000000000101
1110001100001000
0000000000000000
1111110010101000
1111110000010000
0000000000000100
1110001100001000
0000000000000101
1111110000010000
0000000000000000
1111110111101000
1110110010100000
1110001100001000
0000000000000000
1111110010101000
1111110000010000
0000000000000100
1111110000100000
1110001100001000
0000000000000001
1111110000100000
1111110000010000
0000000000000000
1111110111101000
1110110010100000
1110001100001000
0000000000010000
1110110000010000
0000000000000000
1111110111101000
1110110010100000
1110001100001000
0100111111010101
1110110000010000
0000000000100110
1110101010000111
0000000000000000
1111110010100000
1111110001001000
0000000000000000
1111110010101000
1111110000010000
0101000001110000
1110001100000101
0000000000000001
1111110000100000
1111110000010000
0000000000000000
1111110111101000
1110110010100000
1110001100001000
0000000000000000
1111110111001000
1111110010100000
1110111111001000
0000000000000000
1111110010101000
1111110000010000
1110110010100000
1111000010001000
0000000000000000
1111110010101000
1111110000010000
0000000000000001
1111110000100000
1110001100001000
0000000000000001
1111110000100000
1111110000010000
0000000000000000
1111110111101000
1110110010100000
1110001100001000
0000000000011101
1111110000010000
0000000000000000
1111110111101000
1110110010100000
1110001100001000
0000000000000000
1111110010101000
1111110000010000
1110110010100000
1111000010001000
0000000000000001
1111110000100000
1111110000010000
0000000000000000
1111110111101000
1110110010100000
1110001100001000
0000000000000000
1111110111001000
1111110010100000
1110111111001000
0000000000000000
1111110010101000
1111110000010000
1110110010100000
1111000111001000
0000000000011101
1111110000010000
0000000000000000
1111110111101000
1110110010100000
1110001100001000
0000000000000000
1111110010101000
1111110000010000
1110110010100000
1111000010001000
0000000000000000
1111110010101000
1111110000010000
0000000000000100
1110001100001000
0000000000000100
1111110000100000
1111110000010000
0000000000000000
1111110111101000
1110110010100000
1110001100001000
0000000000000001
1111110000100000
1111110000010000
0000000000000000
1111110111101000
1110110010100000
1110001100001000
0000000000000000
1111110111001000
1111110010100000
1110111111001000
0000000000000000
1111110010101000
1111110000010000
1110110010100000
1111000111001000
0000000000011101
1111110000010000
0000000000000000
1111110111101000
1110110010100000
1110001100001000
0000000000000000
1111110010101000
1111110000010000
1110110010100000
1111000010001000
0000000000000000
1111110010101000
1111110000010000
0000000000000100
1110001100001000
0000000000000100
1111110000100000
1111110000010000
0000000000000000
1111110111101000
1110110010100000
1110001100001000
0000000000000000
1111110010101000
1111110000010000
1110110010100000
1111000010001000
0000000000000000
1111110010101000
1111110000010000
0000000000000101
1110001100001000
0000000000000000
1111110010101000
1111110000010000
0000000000000100
1110001100001000
0000000000000101
1111110000010000
0000000000000000
1111110111101000
1110110010100000
1110001100001000
0000000000000000
1111110010101000
1111110000010000
0000000000000100
1111110000100000
1110001100001000
0100111111000100
1110101010000111
0000000000000000
1111110111001000
1111110010100000
1110101010001000
0000000000110110
1110101010000111
0000000000000000
1111110111101000
1110110010100000
1110101010001000
0000000000000001
1111110000100000
1111110000010000
0000000000000000
1111110111101000
1110110010100000
1110001100001000
0010000000000000
1110110000010000
0000000000000000
1111110111101000
1110110010100000
1110001100001000
0101000010001011
1110110000010000
0000000000100110
1110101010000111
0000000000000000
1111110010100000
1111110001001000
0000000000000000
1111110010101000
1111110000010000
0101000011010111
1110001100000101
0000000000000001
1111110000100000
1111110000010000
0000000000000000
1111110111101000
1110110010100000
1110001100001000
0000000000011011
1111110000010000
0000000000000000
1111110111101000
1110110010100000
1110001100001000
0000000000000000
1111110010101000
1111110000010000
1110110010100000
1111000010001000
0000000000000000
1111110111001000
1111110010100000
1110101010001000
0000000000000000
1111110010101000
1111110000010000
0000000000000101
1110001100001000
0000000000000000
1111110010101000
1111110000010000
0000000000000100
1110001100001000
0000000000000101
1111110000010000
0000000000000000
1111110111101000
1110110010100000
1110001100001000
0000000000000000
1111110010101000
1111110000010000
0000000000000100
1111110000100000
1110001100001000
0000000000000001
1111110000100000
1111110000010000
0000000000000000
1111110111101000
1110110010100000
1110001100001000
0000000000000000
1111110111001000
1111110010100000
1110111111001000
0000000000000000
1111110010101000
1111110000010000
1110110010100000
1111000010001000
0000000000000000
1111110010101000
1111110000010000
0000000000000001
1111110000100000
1110001100001000
0101000001111010
1110101010000111
0000000000000000
1111110111001000
1111110010100000
1110101010001000
0000000000110110
1110101010000111
0000000000011100
1111110000010000
0000000000000000
1111110111101000
1110110010100000
1110001100001000
0000000000000000
1111110010101000
1111110000010000
0101000011101010
1110001100000101
0101000100111110
1110101010000111
0000000000000010
1111110000100000
1111110000010000
0000000000000000
1111110111101000
1110110010100000
1110001100001000
0000000000011011
1111110000010000
0000000000000000
1111110111101000
1110110010100000
1110001100001000
0000000000000000
1111110010101000
1111110000010000
1110110010100000
1111000010001000
0000000000000010
1111110000100000
1111110000010000
0000000000000000
1111110111101000
1110110010100000
1110001100001000
0000000000011011
1111110000010000
0000000000000000
1111110111101000
1110110010100000
1110001100001000
0000000000000000
1111110010101000
1111110000010000
1110110010100000
1111000010001000
0000000000000000
1111110010101000
1111110000010000
0000000000000100
1110001100001000
0000000000000100
1111110000100000
1111110000010000
0000000000000000
1111110111101000
1110110010100000
1110001100001000
0000000000000010
1111110111100000
1111110000010000
0000000000000000
1111110111101000
1110110010100000
1110001100001000
0000000000000000
1111110010101000
1111110000010000
1110110010100000
1111010101001000
0000000000000000
1111110010101000
1111110000010000
0000000000000101
1110001100001000
0000000000000000
1111110010101000
1111110000010000
0000000000000100
1110001100001000
0000000000000101
1111110000010000
0000000000000000
1111110111101000
1110110010100000
1110001100001000
0000000000000000
1111110010101000
1111110000010000
0000000000000100
1111110000100000
1110001100001000
0101000110010011
1110101010000111
0000000000000010
1111110000100000
1111110000010000
0000000000000000
1111110111101000
1110110010100000
1110001100001000
0000000000011011
1111110000010000
0000000000000000
1111110111101000
1110110010100000
1110001100001000
0000000000000000
1111110010101000
1111110000010000
1110110010100000
1111000010001000
0000000000000010
1111110000100000
1111110000010000
0000000000000000
1111110111101000
1110110010100000
1110001100001000
0000000000011011
1111110000010000
0000000000000000
1111110111101000
1110110010100000
1110001100001000
0000000000000000
1111110010101000
1111110000010000
1110110010100000
1111000010001000
0000000000000000
1111110010101000
1111110000010000
0000000000000100
1110001100001000
0000000000000100
1111110000100000
1111110000010000
0000000000000000
1111110111101000
1110110010100000
1110001100001000
0000000000000010
1111110111100000
1111110000010000
0000000000000000
1111110111101000
1110110010100000
1110001100001000
0000000000000000
1111110010100000
1111110001001000
0000000000000000
1111110010101000
1111110000010000
1110110010100000
1111000000001000
0000000000000000
1111110010101000
1111110000010000
0000000000000101
1110001100001000
0000000000000000
1111110010101000
1111110000010000
0000000000000100
1110001100001000
0000000000000101
1111110000010000
0000000000000000
1111110111101000
1110110010100000
1110001100001000
0000000000000000
1111110010101000
1111110000010000
0000000000000100
1111110000100000
1110001100001000
0000000000000000
1111110111001000
1111110010100000
1110101010001000
0000000000110110
1110101010000111
0000000000000010
1111110000100000
1111110000010000
0000000000000000
1111110111101000
1110110010100000
1110001100001000
0000000000000000
1111110010101000
1111110000010000
0000000000011100
1110001100001000
0000000000000000
1111110111001000
1111110010100000
1110101010001000
0000000000110110
1110101010000111
0000000000000011
1110110000010000
1110001110010000
0000000000000000
1111110111101000
1110110010100000
1110101010001000
0101000110101101
1110001100000001
0000000000000010
1111110000100000
1111110000010000
0000000000000000
1111110111101000
1110110010100000
1110001100001000
0000000000000000
1111110111001000
1111110010100000
1110101010001000
0101000111000011
1110110000010000
0000000000100110
1110101010000111
0000000000000010
1111110000100000
1111110000010000
0000000000000000
1111110111101000
1110110010100000
1110001100001000
0000000111111111
1110110000010000
0000000000000000
1111110111101000
1110110010100000
1110001100001000
0101000111010100
1110110000010000
0000000000010110
1110101010000111
0000000000000000
1111110010101000
1111110000010000
1110110010100000
1111010101001000
0000000000000010
1111110111100000
1111110000010000
0000000000000000
1111110111101000
1110110010100000
1110001100001000
0000000000000000
1111110111001000
1111110010100000
1110101010001000
0101000111101000
1110110000010000
0000000000100110
1110101010000111
0000000000000000
1111110010101000
1111110000010000
1110110010100000
1111010101001000
0000000000000010
1111110111100000
1111110000010000
0000000000000000
1111110111101000
1110110010100000
1110001100001000
0000000011111111
1110110000010000
0000000000000000
1111110111101000
1110110010100000
1110001100001000
0101000111111110
1110110000010000
0000000000010110
1110101010000111
0000000000000000
1111110010101000
1111110000010000
1110110010100000
1111010101001000
0000000000000000
1111110010101000
1111110000010000
0101001000001010
1110001100000101
0101001000100001
1110101010000111
0000000000000111
1110110000010000
0000000000000000
1111110111101000
1110110010100000
1110001100001000
0000000000000001
1110110000010000
0000000000001101
1110001100001000
0110101011011001
1110110000010000
0000000000001110
1110001100001000
0101001000011100
1110110000010000
0000000001011111
1110101010000111
0000000000000000
1111110010101000
1111110000010000
0000000000000101
1110001100001000
0000000000000010
1111110000100000
1111110000010000
0000000000000000
1111110111101000
1110110010100000
1110001100001000
0000000000010000
1110110000010000
0000000000000000
1111110111101000
1110110010100000
1110001100001000
0000000000000010
1110110000010000
0000000000001101
1110001100001000
0001110001110111
1110110000010000
0000000000001110
1110001100001000
0101001000111010
1110110000010000
0000000001011111
1110101010000111
0000000000000000
1111110010101000
1111110000010000
0000000000000001
1111110000100000
1110001100001000
0000000000000010
1111110000100000
1111110000010000
0000000000000000
1111110111101000
1110110010100000
1110001100001000
0000000000000001
1111110000100000
1111110000010000
0000000000000000
1111110111101000
1110110010100000
1110001100001000
0000000000010000
1110110000010000
0000000000000000
1111110111101000
1110110010100000
1110001100001000
0000000000000010
1110110000010000
0000000000001101
1110001100001000
0001101010100110
1110110000010000
0000000000001110
1110001100001000
0101001001100000
1110110000010000
0000000001011111
1110101010000111
0000000000000000
1111110010101000
1111110000010000
1110110010100000
1111000111001000
0000000000000000
1111110010101000
1111110000010000
0000000000000001
1111110111100000
1110001100001000
0000000000000010
1111110111100000
1111110000010000
0000000000000000
1111110111101000
1110110010100000
1110001100001000
0000000000100000
1110110000010000
0000000000000000
1111110111101000
1110110010100000
1110001100001000
0000000000000010
1110110000010000
0000000000001101
1110001100001000
0001101010100110
1110110000010000
0000000000001110
1110001100001000
0101001010000100
1110110000010000
0000000001011111
1110101010000111
0000000000000001
1111110000100000
1111110000010000
0000000000000000
1111110111101000
1110110010100000
1110001100001000
0000000000000000
1111110010101000
1111110000010000
1110110010100000
1111000010001000
0000000000000000
1111110010101000
1111110000010000
0000000000000001
1111110111100000
1110110111100000
1110001100001000
0000000000000001
1111110111100000
1110110111100000
1111110000010000
0000000000000000
1111110111101000
1110110010100000
1110001100001000
0000000000000001
1111110111100000
1111110000010000
0000000000000000
1111110111101000
1110110010100000
1110001100001000
0000000000011101
1111110000010000
0000000000000000
1111110111101000
1110110010100000
1110001100001000
0000000000000000
1111110010101000
1111110000010000
1110110010100000
1111000010001000
0000000000000000
1111110010101000
1111110000010000
0000000000000100
1110001100001000
0000000000000100
1111110000100000
1111110000010000
0000000000000000
1111110111101000
1110110010100000
1110001100001000
0000000000000010
1110110000010000
0000000000001101
1110001100001000
0101000011011101
1110110000010000
0000000000001110
1110001100001000
0101001011001001
1110110000010000
0000000001011111
1110101010000111
0000000000000000
1111110010101000
1111110000010000
0000000000000101
1110001100001000
0000000000000000
1111110111001000
1111110010100000
1110101010001000
0000000000110110
1110101010000111
0000000000000010
1111110111100000
1110110111100000
1111110000010000
0000000000000000
1111110111101000
1110110010100000
1110001100001000
0000000000000000
1111110010101000
1111110000010000
0101001011100011
1110001100000101
0101001100000100
1110101010000111
0000000000000010
1111110111100000
1111110000010000
0000000000000000
1111110111101000
1110110010100000
1110001100001000
0000000000000010
1111110000100000
1111110000010000
0000000000000000
1111110111101000
1110110010100000
1110001100001000
0000000000000010
1110110000010000
0000000000001101
1110001100001000
0101000110101011
1110110000010000
0000000000001110
1110001100001000
0101001011111101
1110110000010000
0000000001011111
1110101010000111
0000000000000000
1111110010101000
1111110000010000
0000000000000101
1110001100001000
0101001100100011
1110101010000111
0000000000000010
1111110000100000
1111110000010000
0000000000000000
1111110111101000
1110110010100000
1110001100001000
0000000000000010
1111110111100000
1111110000010000
0000000000000000
1111110111101000
1110110010100000
1110001100001000
0000000000000010
1110110000010000
0000000000001101
1110001100001000
0101000110101011
1110110000010000
0000000000001110
1110001100001000
0101001100011110
1110110000010000
0000000001011111
1110101010000111
0000000000000000
1111110010101000
1111110000010000
0000000000000101
1110001100001000
0000000000000000
1111110111001000
1111110010100000
1110101010001000
0000000000110110
1110101010000111
0000000000001011
1110110000010000
1110001110010000
0000000000000000
1111110111101000
1110110010100000
1110101010001000
0101001100101011
1110001100000001
0000000000000010
1111110000100000
1111110000010000
0000000000000000
1111110111101000
1110110010100000
1110001100001000
0000000000000000
1111110111001000
1111110010100000
1110101010001000
0101001101000001
1110110000010000
0000000000100110
1110101010000111
0000000000000010
1111110111100000
1110110111100000
1111110000010000
0000000000000000
1111110111101000
1110110010100000
1110001100001000
0000000111111111
1110110000010000
0000000000000000
1111110111101000
1110110010100000
1110001100001000
0101001101010011
1110110000010000
0000000000010110
1110101010000111
0000000000000000
1111110010101000
1111110000010000
1110110010100000
1111010101001000
0000000000000010
1111110111100000
1111110000010000
0000000000000000
1111110111101000
1110110010100000
1110001100001000
0000000000000000
1111110111001000
1111110010100000
1110101010001000
0101001101100111
1110110000010000
0000000000100110
1110101010000111
0000000000000000
1111110010101000
1111110000010000
1110110010100000
1111010101001000
0000000000000010
1111110000010000
0000000000000011
1110000010100000
1111110000010000
0000000000000000
1111110111101000
1110110010100000
1110001100001000
0000000011111111
1110110000010000
0000000000000000
1111110111101000
1110110010100000
1110001100001000
0101001101111111
1110110000010000
0000000000010110
1110101010000111
0000000000000000
1111110010101000
1111110000010000
1110110010100000
1111010101001000
0000000000000000
1111110010101000
1111110000010000
0101001110001011
1110001100000101
0101001110100010
1110101010000111
0000000000001000
1110110000010000
0000000000000000
1111110111101000
1110110010100000
1110001100001000
0000000000000001
1110110000010000
0000000000001101
1110001100001000
0110101011011001
1110110000010000
0000000000001110
1110001100001000
0101001110011101
1110110000010000
0000000001011111
1110101010000111
0000000000000000
1111110010101000
1111110000010000
0000000000000101
1110001100001000
0000000000000010
1111110111100000
1110110111100000
1111110000010000
0000000000000000
1111110111101000
1110110010100000
1110001100001000
0000000000000010
1111110000100000
1111110000010000
0000000000000000
1111110111101000
1110110010100000
1110001100001000
0000000000000000
1111110010101000
1111110000010000
1110110010100000
1111000111001000
0000000000000001
1110110000010000
0000000000001101
1110001100001000
0001101001110110
1110110000010000
0000000000001110
1110001100001000
0101001111000010
1110110000010000
0000000001011111
1110101010000111
0000000000000000
1111110010101000
1111110000010000
0000000000000001
1111110111100000
1110110111100000
1110110111100000
1110001100001000
0000000000000010
1111110000010000
0000000000000011
1110000010100000
1111110000010000
0000000000000000
1111110111101000
1110110010100000
1110001100001000
0000000000000010
1111110111100000
1111110000010000
0000000000000000
1111110111101000
1110110010100000
1110001100001000
0000000000000000
1111110010101000
1111110000010000
1110110010100000
1111000111001000
0000000000000001
1110110000010000
0000000000001101
1110001100001000
0001101001110110
1110110000010000
0000000000001110
1110001100001000
0101001111101011
1110110000010000
0000000001011111
1110101010000111
0000000000000000
1111110010101000
1111110000010000
0000000000000001
1111110111100000
1110110111100000
1110001100001000
0000000000000001
1111110000010000
0000000000000011
1110000010100000
1111110000010000
0000000000000000
1111110111101000
1110110010100000
1110001100001000
0000000000000001
1111110111100000
1110110111100000
1111110000010000
0000000000000000
1111110111101000
1110110010100000
1110001100001000
0101010000000111
1110110000010000
0000000000100110
1110101010000111
0000000000000000
1111110010101000
1111110000010000
0000000000000001
1111110111100000
1110110111100000
1110110111100000
1110110111100000
1110110111100000
1110110111100000
1110001100001000
0000000000000001
1111110000010000
0000000000000110
1110000010100000
1111110000010000
0000000000000000
1111110111101000
1110110010100000
1110001100001000
0000000000000010
1111110000010000
0000000000000011
1110000010100000
1111110000010000
0000000000000000
1111110111101000
1110110010100000
1110001100001000
0000000000000010
1111110111100000
1111110000010000
0000000000000000
1111110111101000
1110110010100000
1110001100001000
0101010000101111
1110110000010000
0000000000100110
1110101010000111
0000000000000000
1111110010101000
1111110000010000
1110110010100000
1111000000001000
0000000000000001
1111110000010000
0000000000000110
1110000010100000
1111110000010000
0000000000000000
1111110111101000
1110110010100000
1110001100001000
0000000000000000
1111110010100000
1111110001001000
0000000000000010
1111110111100000
1110110111100000
1111110000010000
0000000000000000
1111110111101000
1110110010100000
1110001100001000
0000000000000010
1111110000100000
1111110000010000
0000000000000000
1111110111101000
1110110010100000
1110001100001000
0101010001010011
1110110000010000
0000000000100110
1110101010000111
0000000000000000
1111110010101000
1111110000010000
1110110010100000
1111000000001000
0000000000000000
1111110010101000
1111110000010000
1110110010100000
1111010101001000
0000000000000000
1111110010101000
1111110000010000
0101010001100100
1110001100000101
0101010011000010
1110101010000111
0000000000000010
1111110000100000
1111110000010000
0000000000000000
1111110111101000
1110110010100000
1110001100001000
0000000000000000
1111110010101000
1111110000010000
0000000000000001
1111110111100000
1110110111100000
1110110111100000
1110110111100000
1110001100001000
0000000000000010
1111110111100000
1110110111100000
1111110000010000
0000000000000000
1111110111101000
1110110010100000
1110001100001000
0000000000000000
1111110010101000
1111110000010000
0000000000000010
1111110000100000
1110001100001000
0000000000000001
1111110000010000
0000000000000100
1110000010100000
1111110000010000
0000000000000000
1111110111101000
1110110010100000
1110001100001000
0000000000000000
1111110010101000
1111110000010000
0000000000000010
1111110111100000
1110110111100000
1110001100001000
0000000000000010
1111110111100000
1111110000010000
0000000000000000
1111110111101000
1110110010100000
1110001100001000
0000000000000000
1111110010101000
1111110000010000
0000000000000001
1111110111100000
1110110111100000
1110110111100000
1110110111100000
1110001100001000
0000000000000010
1111110000010000
0000000000000011
1110000010100000
1111110000010000
0000000000000000
1111110111101000
1110110010100000
1110001100001000
0000000000000000
1111110010101000
1111110000010000
0000000000000010
1111110111100000
1110001100001000
0000000000000001
1111110000010000
0000000000000100
1110000010100000
1111110000010000
0000000000000000
1111110111101000
1110110010100000
1110001100001000
0000000000000000
1111110010101000
1111110000010000
0000000000000010
1111110111100000
1110110111100000
1110110111100000
1110001100001000
0000000000000001
1111110000010000
0000000000000110
1110000010100000
1111110000010000
0000000000000000
1111110111101000
1110110010100000
1110001100001000
0000000000000000
1111110010101000
1111110000010000
0101010011010010
1110001100000101
0101010101010100
1110101010000111
0000000000000001
1111110000010000
0000000000000011
1110000010100000
1111110000010000
0000000000000000
1111110111101000
1110110010100000
1110001100001000
0000000000000000
1111110010101000
1111110000010000
0000000000000001
1111110111100000
1110110111100000
1110110111100000
1110110111100000
1110001100001000
0000000000000001
1111110111100000
1110110111100000
1111110000010000
0000000000000000
1111110111101000
1110110010100000
1110001100001000
0000000000000000
1111110010101000
1111110000010000
0000000000000001
1111110111100000
1110110111100000
1110110111100000
1110001100001000
0000000000000001
1111110000010000
0000000000000100
1110000010100000
1111110000010000
0000000000000000
1111110111101000
1110110010100000
1110001100001000
0000000000000000
1111110010101000
1111110000010000
0000000000000001
1111110111100000
1110110111100000
1110001100001000
0000000000000010
1111110111100000
1111110000010000
0000000000000000
1111110111101000
1110110010100000
1110001100001000
0000000000000000
1111110010101000
1111110000010000
0000000000000001
1111110111100000
1110001100001000
0000000000000010
1111110000100000
1111110000010000
0000000000000000
1111110111101000
1110110010100000
1110001100001000
0000000000000000
1111110010101000
1111110000010000
0000000000000001
1111110000100000
1110001100001000
0000000000000010
1111110000010000
0000000000000011
1110000010100000
1111110000010000
0000000000000000
1111110111101000
1110110010100000
1110001100001000
0000000000000001
1111110000010000
0000000000001000
1110000010010000
0000000000001101
1110001100001000
0000000000000000
1111110010101000
1111110000010000
0000000000001101
1111110000100000
1110001100001000
0000000000000010
1111110000100000
1111110000010000
0000000000000000
1111110111101000
1110110010100000
1110001100001000
0000000000000010
1111110111100000
1110110111100000
1111110000010000
0000000000000000
1111110111101000
1110110010100000
1110001100001000
0101010101000110
1110110000010000
0000000000010110
1110101010000111
0000000000000001
1111110000010000
0000000000000111
1110000010010000
0000000000001101
1110001100001000
0000000000000000
1111110010101000
1111110000010000
0000000000001101
1111110000100000
1110001100001000
0101010110100010
1110101010000111
0000000000000010
1111110000100000
1111110000010000
0000000000000000
1111110111101000
1110110010100000
1110001100001000
0000000000000000
1111110010101000
1111110000010000
0000000000000001
1111110111100000
1110001100001000
0000000000000010
1111110111100000
1111110000010000
0000000000000000
1111110111101000
1110110010100000
1110001100001000
0000000000000000
1111110010101000
1111110000010000
0000000000000001
1111110000100000
1110001100001000
0000000000000010
1111110111100000
1110110111100000
1111110000010000
0000000000000000
1111110111101000
1110110010100000
1110001100001000
0000000000000001
1111110000010000
0000000000001000
1110000010010000
0000000000001101
1110001100001000
0000000000000000
1111110010101000
1111110000010000
0000000000001101
1111110000100000
1110001100001000
0000000000000010
1111110111100000
1111110000010000
0000000000000000
1111110111101000
1110110010100000
1110001100001000
0000000000000010
1111110000010000
0000000000000011
1110000010100000
1111110000010000
0000000000000000
1111110111101000
1110110010100000
1110001100001000
0101010110010110
1110110000010000
0000000000010110
1110101010000111
0000000000000001
1111110000010000
0000000000000111
1110000010010000
0000000000001101
1110001100001000
0000000000000000
1111110010101000
1111110000010000
0000000000001101
1111110000100000
1110001100001000
0000000000000010
1110110000010000
0000000000000000
1111110111101000
1110110010100000
1110001100001000
0000000000000001
1111110111100000
1110110111100000
1111110000010000
0000000000000000
1111110111101000
1110110010100000
1110001100001000
0000000000000010
1110110000010000
0000000000001101
1110001100001000
0001101010100110
1110110000010000
0000000000001110
1110001100001000
0101010110111100
1110110000010000
0000000001011111
1110101010000111
0000000000000001
1111110000010000
0000000000000011
1110000010100000
1111110000010000
0000000000000000
1111110111101000
1110110010100000
1110001100001000
0000000000000000
1111110010101000
1111110000010000
1110110010100000
1111000111001000
0000000000000000
1111110010101000
1111110000010000
0000000000000001
1111110111100000
1110110111100000
1110110111100000
1110110111100000
1110110111100000
1110001100001000
0000000000000010
1110110000010000
0000000000000000
1111110111101000
1110110010100000
1110001100001000
0000000000000001
1111110111100000
1110110111100000
1111110000010000
0000000000000000
1111110111101000
1110110010100000
1110001100001000
0000000000000010
1110110000010000
0000000000001101
1110001100001000
0001101010100110
1110110000010000
0000000000001110
1110001100001000
0101010111101110
1110110000010000
0000000001011111
1110101010000111
0000000000000001
1111110000010000
0000000000001001
1110000010010000
0000000000001101
1110001100001000
0000000000000000
1111110010101000
1111110000010000
0000000000001101
1111110000100000
1110001100001000
0000000000000010
1110110000010000
0000000000000000
1111110111101000
1110110010100000
1110001100001000
0000000000000001
1111110111100000
1110110111100000
1111110000010000
0000000000000000
1111110111101000
1110110010100000
1110001100001000
0000000000000001
1111110000010000
0000000000000011
1110000010100000
1111110000010000
0000000000000000
1111110111101000
1110110010100000
1110001100001000
0000000000000000
1111110010101000
1111110000010000
1110110010100000
1111000111001000
0000000000000010
1110110000010000
0000000000001101
1110001100001000
0001101010100110
1110110000010000
0000000000001110
1110001100001000
0101011000100010
1110110000010000
0000000001011111
1110101010000111
0000000000000001
1111110000010000
0000000000001010
1110000010010000
0000000000001101
1110001100001000
0000000000000000
1111110010101000
1111110000010000
0000000000001101
1111110000100000
1110001100001000
0000000000000001
1111110111100000
1111110000010000
0000000000000000
1111110111101000
1110110010100000
1110001100001000
0000000000000001
1111110000100000
1111110000010000
0000000000000000
1111110111101000
1110110010100000
1110001100001000
0000000000000001
1111110000010000
0000000000000110
1110000010100000
1111110000010000
0000000000000000
1111110111101000
1110110010100000
1110001100001000
0000000000000011
1110110000010000
0000000000001101
1110001100001000
0101001011010100
1110110000010000
0000000000001110
1110001100001000
0101011001010001
1110110000010000
0000000001011111
1110101010000111
0000000000000000
1111110010101000
1111110000010000
0000000000000101
1110001100001000
0000000000000001
1111110111100000
1111110000010000
0000000000000000
1111110111101000
1110110010100000
1110001100001000
0000000000000001
1111110000010000
0000000000001000
1110000010100000
1111110000010000
0000000000000000
1111110111101000
1110110010100000
1110001100001000
0101011001101010
1110110000010000
0000000000100110
1110101010000111
0000000000000000
1111110010100000
1111110001001000
0000000000000000
1111110010101000
1111110000010000
0101011101001100
1110001100000101
0000000000000001
1111110000010000
0000000000000101
1110000010100000
1111110000010000
0000000000000000
1111110111101000
1110110010100000
1110001100001000
0000000000000000
1111110111001000
1111110010100000
1110101010001000
0101011010000011
1110110000010000
0000000000100110
1110101010000111
0000000000000000
1111110010101000
1111110000010000
0101011010001010
1110001100000101
0101011010101101
1110101010000111
0000000000000001
1111110000010000
0000000000000101
1110000010100000
1111110000010000
0000000000000000
1111110111101000
1110110010100000
1110001100001000
0000000000000001
1111110000010000
0000000000001001
1110000010100000
1111110000010000
0000000000000000
1111110111101000
1110110010100000
1110001100001000
0000000000000000
1111110010101000
1111110000010000
1110110010100000
1111000010001000
0000000000000000
1111110010101000
1111110000010000
0000000000000001
1111110111100000
1110110111100000
1110110111100000
1110110111100000
1110110111100000
1110001100001000
0101011100001100
1110101010000111
0000000000000001
1111110000010000
0000000000000101
1110000010100000
1111110000010000
0000000000000000
1111110111101000
1110110010100000
1110001100001000
0000000000000001
1111110000010000
0000000000001010
1110000010100000
1111110000010000
0000000000000000
1111110111101000
1110110010100000
1110001100001000
0000000000000000
1111110010101000
1111110000010000
1110110010100000
1111000010001000
0000000000000000
1111110010101000
1111110000010000
0000000000000001
1111110111100000
1110110111100000
1110110111100000
1110110111100000
1110110111100000
1110001100001000
0000000000000001
1111110000010000
0000000000000111
1110000010100000
1111110000010000
0000000000000000
1111110111101000
1110110010100000
1110001100001000
0000000000000000
1111110010101000
1111110000010000
0101011011011110
1110001100000101
0101011011110110
1110101010000111
0000000000000001
1111110000100000
1111110000010000
0000000000000000
1111110111101000
1110110010100000
1110001100001000
0000000000000000
1111110111001000
1111110010100000
1110111111001000
0000000000000000
1111110010101000
1111110000010000
1110110010100000
1111000111001000
0000000000000000
1111110010101000
1111110000010000
0000000000000001
1111110000100000
1110001100001000
0101011100001100
1110101010000111
0000000000000001
1111110000100000
1111110000010000
0000000000000000
1111110111101000
1110110010100000
1110001100001000
0000000000000000
1111110111001000
1111110010100000
1110111111001000
0000000000000000
1111110010101000
1111110000010000
1110110010100000
1111000010001000
0000000000000000
1111110010101000
1111110000010000
0000000000000001
1111110000100000
1110001100001000
0000000000000001
1111110111100000
1111110000010000
0000000000000000
1111110111101000
1110110010100000
1110001100001000
0000000000000000
1111110111001000
1111110010100000
1110111111001000
0000000000000000
1111110010101000
1111110000010000
1110110010100000
1111000010001000
0000000000000000
1111110010101000
1111110000010000
0000000000000001
1111110111100000
1110001100001000
0000000000000001
1111110111100000
1111110000010000
0000000000000000
1111110111101000
1110110010100000
1110001100001000
0000000000000001
1111110000100000
1111110000010000
0000000000000000
1111110111101000
1110110010100000
1110001100001000
0000000000000001
1111110000010000
0000000000000110
1110000010100000
1111110000010000
0000000000000000
1111110111101000
1110110010100000
1110001100001000
0000000000000011
1110110000010000
0000000000001101
1110001100001000
0101001011010100
1110110000010000
0000000000001110
1110001100001000
0101011101000101
1110110000010000
0000000001011111
1110101010000111
0000000000000000
1111110010101000
1111110000010000
0000000000000101
1110001100001000
0101011001010110
1110101010000111
0000000000000000
1111110111001000
1111110010100000
1110101010001000
0000000000110110
1110101010000111
0000000000001001
1110110000010000
1110001110010000
0000000000000000
1111110111101000
1110110010100000
1110101010001000
0101011101010100
1110001100000001
0000000000000010
1111110000100000
1111110000010000
0000000000000000
1111110111101000
1110110010100000
1110001100001000
0000000000000010
1111110111100000
1110110111100000
1111110000010000
0000000000000000
1111110111101000
1110110010100000
1110001100001000
0101011101101110
1110110000010000
0000000000010110
1110101010000111
0000000000000010
1111110111100000
1111110000010000
0000000000000000
1111110111101000
1110110010100000
1110001100001000
0000000000000010
1111110000010000
0000000000000011
1110000010100000
1111110000010000
0000000000000000
1111110111101000
1110110010100000
1110001100001000
0101011110000010
1110110000010000
0000000000010110
1110101010000111
0000000000000000
1111110010101000
1111110000010000
1110110010100000
1111010101001000
0000000000000010
1111110000100000
1111110000010000
0000000000000000
1111110111101000
1110110010100000
1110001100001000
0000000000000000
1111110111001000
1111110010100000
1110101010001000
0101011110010110
1110110000010000
0000000000100110
1110101010000111
0000000000000000
1111110010101000
1111110000010000
1110110010100000
1111010101001000
0000000000000010
1111110111100000
1110110111100000
1111110000010000
0000000000000000
1111110111101000
1110110010100000
1110001100001000
0000000111111111
1110110000010000
0000000000000000
1111110111101000
1110110010100000
1110001100001000
0101011110101101
1110110000010000
0000000000010110
1110101010000111
0000000000000000
1111110010101000
1111110000010000
1110110010100000
1111010101001000
0000000000000010
1111110111100000
1111110000010000
0000000000000000
1111110111101000
1110110010100000
1110001100001000
0000000000000000
1111110111001000
1111110010100000
1110101010001000
0101011111000001
1110110000010000
0000000000100110
1110101010000111
0000000000000000
1111110010101000
1111110000010000
1110110010100000
1111010101001000
0000000000000010
1111110000010000
0000000000000011
1110000010100000
1111110000010000
0000000000000000
1111110111101000
1110110010100000
1110001100001000
0000000011111111
1110110000010000
0000000000000000
1111110111101000
1110110010100000
1110001100001000
0101011111011001
1110110000010000
0000000000010110
1110101010000111
0000000000000000
1111110010101000
1111110000010000
1110110010100000
1111010101001000
0000000000000000
1111110010101000
1111110000010000
0101011111100101
1110001100000101
0101011111111100
1110101010000111
0000000000001001
1110110000010000
0000000000000000
1111110111101000
1110110010100000
1110001100001000
0000000000000001
1110110000010000
0000000000001101
1110001100001000
0110101011011001
1110110000010000
0000000000001110
1110001100001000
0101011111110111
1110110000010000
0000000001011111
1110101010000111
0000000000000000
1111110010101000
1111110000010000
0000000000000101
1110001100001000
0000000000000010
1111110000100000
1111110000010000
0000000000000000
1111110111101000
1110110010100000
1110001100001000
0000000000010000
1110110000010000
0000000000000000
1111110111101000
1110110010100000
1110001100001000
0000000000000010
1110110000010000
0000000000001101
1110001100001000
0001110001110111
1110110000010000
0000000000001110
1110001100001000
0101100000010101
1110110000010000
0000000001011111
1110101010000111
0000000000000000
1111110010101000
1111110000010000
0000000000000001
1111110111100000
1110110111100000
1110110111100000
1110001100001000
0000000000000010
1111110000100000
1111110000010000
0000000000000000
1111110111101000
1110110010100000
1110001100001000
0000000000000001
1111110000010000
0000000000000011
1110000010100000
1111110000010000
0000000000000000
1111110111101000
1110110010100000
1110001100001000
0000000000010000
1110110000010000
0000000000000000
1111110111101000
1110110010100000
1110001100001000
0000000000000010
1110110000010000
0000000000001101
1110001100001000
0001101010100110
1110110000010000
0000000000001110
1110001100001000
0101100000111111
1110110000010000
0000000001011111
1110101010000111
0000000000000000
1111110010101000
1111110000010000
1110110010100000
1111000111001000
0000000000000001
1111110000010000
0000000000000111
1110000010010000
0000000000001101
1110001100001000
0000000000000000
1111110010101000
1111110000010000
0000000000001101
1111110000100000
1110001100001000
0000000000000010
1111110111100000
1110110111100000
1111110000010000
0000000000000000
1111110111101000
1110110010100000
1110001100001000
0000000000010000
1110110000010000
0000000000000000
1111110111101000
1110110010100000
1110001100001000
0000000000000010
1110110000010000
0000000000001101
1110001100001000
0001110001110111
1110110000010000
0000000000001110
1110001100001000
0101100001101010
1110110000010000
0000000001011111
1110101010000111
0000000000000000
1111110010101000
1111110000010000
0000000000000001
1111110111100000
1110110111100000
1110110111100000
1110110111100000
1110001100001000
0000000000000010
1111110111100000
1110110111100000
1111110000010000
0000000000000000
1111110111101000
1110110010100000
1110001100001000
0000000000000001
1111110000010000
0000000000000100
1110000010100000
1111110000010000
0000000000000000
1111110111101000
1110110010100000
1110001100001000
0000000000010000
1110110000010000
0000000000000000
1111110111101000
1110110010100000
1110001100001000
0000000000000010
1110110000010000
0000000000001101
1110001100001000
0001101010100110
1110110000010000
0000000000001110
1110001100001000
0101100010010110
1110110000010000
0000000001011111
1110101010000111
0000000000000000
1111110010101000
1111110000010000
1110110010100000
1111000111001000
0000000000000001
1111110000010000
0000000000001000
1110000010010000
0000000000001101
1110001100001000
0000000000000000
1111110010101000
1111110000010000
0000000000001101
1111110000100000
1110001100001000
0000000000000001
1111110000010000
0000000000000111
1110000010100000
1111110000010000
0000000000000000
1111110111101000
1110110010100000
1110001100001000
0000000000011101
1111110000010000
0000000000000000
1111110111101000
1110110010100000
1110001100001000
0000000000000000
1111110010101000
1111110000010000
1110110010100000
1111000010001000
0000000000000000
1111110010101000
1111110000010000
0000000000000100
1110001100001000
0000000000000100
1111110000100000
1111110000010000
0000000000000000
1111110111101000
1110110010100000
1110001100001000
0000000000000000
1111110111001000
1111110010100000
1110111111001000
0000000000000000
1111110010101000
1111110000010000
1110110010100000
1111000111001000
0000000000000000
1111110010100000
1111110001001000
0000000000000000
1111110010101000
1111110000010000
0000000000000001
1111110111100000
1110110111100000
1110110111100000
1110110111100000
1110110111100000
1110110111100000
1110001100001000
0000000000000001
1111110000010000
0000000000001000
1110000010100000
1111110000010000
0000000000000000
1111110111101000
1110110010100000
1110001100001000
0000000000000000
1111110111001000
1111110010100000
1110111111001000
0000000000000000
1111110010101000
1111110000010000
1110110010100000
1111000010001000
0000000000011101
1111110000010000
0000000000000000
1111110111101000
1110110010100000
1110001100001000
0000000000000000
1111110010101000
1111110000010000
1110110010100000
1111000010001000
0000000000000000
1111110010101000
1111110000010000
0000000000000100
1110001100001000
0000000000000100
1111110000100000
1111110000010000
0000000000000000
1111110111101000
1110110010100000
1110001100001000
0000000000000000
1111110111001000
1111110010100000
1110111111001000
0000000000000000
1111110010101000
1111110000010000
1110110010100000
1111000111001000
0000000000000000
1111110010101000
1111110000010000
0000000000000001
1111110111100000
1110110111100000
1110110111100000
1110110111100000
1110110111100000
1110001100001000
0000000000000010
1111110111100000
1111110000010000
0000000000000000
1111110111101000
1110110010100000
1110001100001000
0000000000100000
1110110000010000
0000000000000000
1111110111101000
1110110010100000
1110001100001000
0000000000000010
1110110000010000
0000000000001101
1110001100001000
0001101010100110
1110110000010000
0000000000001110
1110001100001000
0101100100110011
1110110000010000
0000000001011111
1110101010000111
0000000000000001
1111110000010000
0000000000000011
1110000010100000
1111110000010000
0000000000000000
1111110111101000
1110110010100000
1110001100001000
0000000000000000
1111110010101000
1111110000010000
1110110010100000
1111000010001000
0000000000000000
1111110010101000
1111110000010000
0000000000000001
1111110000100000
1110001100001000
0000000000000001
1111110000010000
0000000000000100
1110000010100000
1111110000010000
0000000000000000
1111110111101000
1110110010100000
1110001100001000
0000000000000001
1111110000010000
0000000000000011
1110000010100000
1111110000010000
0000000000000000
1111110111101000
1110110010100000
1110001100001000
0000000000000000
1111110010101000
1111110000010000
1110110010100000
1111000111001000
0000000000000000
1111110010101000
1111110000010000
0000000000000001
1111110111100000
1110110111100000
1110001100001000
0000000000000010
1111110111100000
1111110000010000
0000000000000000
1111110111101000
1110110010100000
1110001100001000
0000000000000010
1111110000010000
0000000000000011
1110000010100000
1111110000010000
0000000000000000
1111110111101000
1110110010100000
1110001100001000
0101100101111001
1110110000010000
0000000000010110
1110101010000111
0000000000000000
1111110010100000
1111110001001000
0000000000000000
1111110010100000
1111110001001000
0000000000000000
1111110010101000
1111110000010000
0101101011001101
1110001100000101
0000000000000001
1111110000100000
1111110000010000
0000000000000000
1111110111101000
1110110010100000
1110001100001000
0000000000000001
1111110111100000
1110110111100000
1111110000010000
0000000000000000
1111110111101000
1110110010100000
1110001100001000
0000000000000000
1111110010101000
1111110000010000
1110110010100000
1111000010001000
0000000000000000
1111110010101000
1111110000010000
0000000000000001
1111110111100000
1110001100001000
0000000000000001
1111110111100000
1110110111100000
1111110000010000
0000000000000000
1111110111101000
1110110010100000
1110001100001000
0000000000000000
1111110111001000
1111110010100000
1110101010001000
0101100110101110
1110110000010000
0000000000000110
1110101010000111
0000000000000000
1111110010101000
1111110000010000
0101100110110101
1110001100000101
0101100111100110
1110101010000111
0000000000000001
1111110000100000
1111110000010000
0000000000000000
1111110111101000
1110110010100000
1110001100001000
0000000000000001
1111110000010000
0000000000000101
1110000010100000
1111110000010000
0000000000000000
1111110111101000
1110110010100000
1110001100001000
0000000000000001
1111110000010000
0000000000000110
1110000010100000
1111110000010000
0000000000000000
1111110111101000
1110110010100000
1110001100001000
0000000000000000
1111110010101000
1111110000010000
1110110010100000
1111000000001000
0000000000000010
1110110000010000
0000000000001101
1110001100001000
0101000011011101
1110110000010000
0000000000001110
1110001100001000
0101100111011111
1110110000010000
0000000001011111
1110101010000111
0000000000000000
1111110010101000
1111110000010000
0000000000000101
1110001100001000
0101101010010000
1110101010000111
0000000000000001
1111110000100000
1111110000010000
0000000000000000
1111110111101000
1110110010100000
1110001100001000
0000000000000001
1111110000010000
0000000000000110
1110000010100000
1111110000010000
0000000000000000
1111110111101000
1110110010100000
1110001100001000
0000000000000010
1110110000010000
0000000000001101
1110001100001000
0101000011011101
1110110000010000
0000000000001110
1110001100001000
0101101000000010
1110110000010000
0000000001011111
1110101010000111
0000000000000000
1111110010101000
1111110000010000
0000000000000101
1110001100001000
0000000000000001
1111110000100000
1111110000010000
0000000000000000
1111110111101000
1110110010100000
1110001100001000
0000000000000000
1111110111001000
1111110010100000
1110111111001000
0000000000000000
1111110010101000
1111110000010000
1110110010100000
1111000010001000
0000000000000000
1111110010101000
1111110000010000
0000000000000001
1111110000100000
1110001100001000
0000000000000001
1111110000100000
1111110000010000
0000000000000000
1111110111101000
1110110010100000
1110001100001000
0000000000000001
1111110111100000
1111110000010000
0000000000000000
1111110111101000
1110110010100000
1110001100001000
0101101000101111
1110110000010000
0000000000100110
1110101010000111
0000000000000000
1111110010100000
1111110001001000
0000000000000000
1111110010101000
1111110000010000
0101101001101111
1110001100000101
0000000000000001
1111110000100000
1111110000010000
0000000000000000
1111110111101000
1110110010100000
1110001100001000
0000000000000000
1111110111001000
1111110010100000
1110111111001000
0000000000000000
1111110010100000
1111110001010000
1110011111001000
0000000000000010
1110110000010000
0000000000001101
1110001100001000
0101000011011101
1110110000010000
0000000000001110
1110001100001000
0101101001010010
1110110000010000
0000000001011111
1110101010000111
0000000000000000
1111110010101000
1111110000010000
0000000000000101
1110001100001000
0000000000000001
1111110000100000
1111110000010000
0000000000000000
1111110111101000
1110110010100000
1110001100001000
0000000000000000
1111110111001000
1111110010100000
1110111111001000
0000000000000000
1111110010101000
1111110000010000
1110110010100000
1111000010001000
0000000000000000
1111110010101000
1111110000010000
0000000000000001
1111110000100000
1110001100001000
0101101000011101
1110101010000111
0000000000000001
1111110111100000
1111110000010000
0000000000000000
1111110111101000
1110110010100000
1110001100001000
0000000000000001
1111110000010000
0000000000000101
1110000010100000
1111110000010000
0000000000000000
1111110111101000
1110110010100000
1110001100001000
0000000000000010
1110110000010000
0000000000001101
1110001100001000
0101000011011101
1110110000010000
0000000000001110
1110001100001000
0101101010001011
1110110000010000
0000000001011111
1110101010000111
0000000000000000
1111110010101000
1111110000010000
0000000000000101
1110001100001000
0000000000000010
1111110111100000
1111110000010000
0000000000000000
1111110111101000
1110110010100000
1110001100001000
0000000000000000
1111110111001000
1111110010100000
1110111111001000
0000000000000000
1111110010101000
1111110000010000
1110110010100000
1111000010001000
0000000000000000
1111110010101000
1111110000010000
0000000000000010
1111110111100000
1110001100001000
0000000000000001
1111110111100000
1111110000010000
0000000000000000
1111110111101000
1110110010100000
1110001100001000
0000000000100000
1110110000010000
0000000000000000
1111110111101000
1110110010100000
1110001100001000
0000000000000000
1111110010101000
1111110000010000
1110110010100000
1111000010001000
0000000000000001
1111110111100000
1110110111100000
1111110000010000
0000000000000000
1111110111101000
1110110010100000
1110001100001000
0000000000000000
1111110010101000
1111110000010000
1110110010100000
1111000111001000
0000000000000000
1111110010101000
1111110000010000
0000000000000001
1111110000100000
1110001100001000
0101100101100101
1110101010000111
0000000000000000
1111110111001000
1111110010100000
1110101010001000
0000000000110110
1110101010000111
0000000000001011
1110110000010000
1110001110010000
0000000000000000
1111110111101000
1110110010100000
1110101010001000
0101101011010101
1110001100000001
0000000000000010
1111110111100000
1111110000010000
0000000000000000
1111110111101000
1110110010100000
1110001100001000
0000000000000010
1111110111100000
1110110111100000
1111110000010000
0000000000000000
1111110111101000
1110110010100000
1110001100001000
0000000000000010
1110110000010000
0000000000001101
1110001100001000
0010000011010110
1110110000010000
0000000000001110
1110001100001000
0101101011110111
1110110000010000
0000000001011111
1110101010000111
0000000000000001
1111110000010000
0000000000000111
1110000010010000
0000000000001101
1110001100001000
0000000000000000
1111110010101000
1111110000010000
0000000000001101
1111110000100000
1110001100001000
0000000000000010
1111110111100000
1111110000010000
0000000000000000
1111110111101000
1110110010100000
1110001100001000
0000000000000010
1111110111100000
1110110111100000
1111110000010000
0000000000000000
1111110111101000
1110110010100000
1110001100001000
0000000000000010
1110110000010000
0000000000001101
1110001100001000
0010000010100111
1110110000010000
0000000000001110
1110001100001000
0101101100011110
1110110000010000
0000000001011111
1110101010000111
0000000000000001
1111110000010000
0000000000001000
1110000010010000
0000000000001101
1110001100001000
0000000000000000
1111110010101000
1111110000010000
0000000000001101
1111110000100000
1110001100001000
0000000000000010
1111110000100000
1111110000010000
0000000000000000
1111110111101000
1110110010100000
1110001100001000
0000000000000000
1111110111001000
1111110010100000
1110111111001000
0000000000000000
1111110010100000
1111110001010000
1110011111001000
0101101100111101
1110110000010000
0000000000010110
1110101010000111
0000000000000010
1111110000100000
1111110000010000
0000000000000000
1111110111101000
1110110010100000
1110001100001000
0000000100000000
1110110000010000
0000000000000000
1111110111101000
1110110010100000
1110001100001000
0101101101001110
1110110000010000
0000000000100110
1110101010000111
0000000000000000
1111110010101000
1111110000010000
1110110010100000
1111000000001000
0000000000000001
1111110000010000
0000000000000111
1110000010100000
1111110000010000
0000000000000000
1111110111101000
1110110010100000
1110001100001000
0000001000000000
1110110000010000
0000000000000000
1111110111101000
1110110010100000
1110001100001000
0101101101100110
1110110000010000
0000000000100110
1110101010000111
0000000000000000
1111110010101000
1111110000010000
1110110010100000
1111000000001000
0000000000000001
1111110000010000
0000000000001000
1110000010100000
1111110000010000
0000000000000000
1111110111101000
1110110010100000
1110001100001000
0000000000000000
1111110111001000
1111110010100000
1110111111001000
0000000000000000
1111110010100000
1111110001010000
1110011111001000
0101101110000000
1110110000010000
0000000000010110
1110101010000111
0000000000000000
1111110010101000
1111110000010000
1110110010100000
1111000000001000
0000000000000000
1111110010101000
1111110000010000
0101101110001100
1110001100000101
0101111001010001
1110101010000111
0000000000000001
1111110000010000
0000000000000111
1110000010100000
1111110000010000
0000000000000000
1111110111101000
1110110010100000
1110001100001000
0000000000000000
1111110111001000
1111110010100000
1110101010001000
0000000000000010
1110110000010000
0000000000001101
1110001100001000
0010000010100111
1110110000010000
0000000000001110
1110001100001000
0101101110100101
1110110000010000
0000000001011111
1110101010000111
0000000000000001
1111110000010000
0000000000000111
1110000010010000
0000000000001101
1110001100001000
0000000000000000
1111110010101000
1111110000010000
0000000000001101
1111110000100000
1110001100001000
0000000000000001
1111110000010000
0000000000001000
1110000010100000
1111110000010000
0000000000000000
1111110111101000
1110110010100000
1110001100001000
0000000111111111
1110110000010000
0000000000000000
1111110111101000
1110110010100000
1110001100001000
0000000000000010
1110110000010000
0000000000001101
1110001100001000
0010000011010110
1110110000010000
0000000000001110
1110001100001000
0101101111001100
1110110000010000
0000000001011111
1110101010000111
0000000000000001
1111110000010000
0000000000001000
1110000010010000
0000000000001101
1110001100001000
0000000000000000
1111110010101000
1111110000010000
0000000000001101
1111110000100000
1110001100001000
0000000000000001
1111110000010000
0000000000000111
1110000010100000
1111110000010000
0000000000000000
1111110111101000
1110110010100000
1110001100001000
0000000000010000
1110110000010000
0000000000000000
1111110111101000
1110110010100000
1110001100001000
0000000000000010
1110110000010000
0000000000001101
1110001100001000
0001110001110111
1110110000010000
0000000000001110
1110001100001000
0101101111110011
1110110000010000
0000000001011111
1110101010000111
0000000000000000
1111110010101000
1111110000010000
0000000000000001
1111110111100000
1110001100001000
0000000000000001
1111110000010000
0000000000000111
1110000010100000
1111110000010000
0000000000000000
1111110111101000
1110110010100000
1110001100001000
0000000000000001
1111110111100000
1111110000010000
0000000000000000
1111110111101000
1110110010100000
1110001100001000
0000000000010000
1110110000010000
0000000000000000
1111110111101000
1110110010100000
1110001100001000
0000000000000010
1110110000010000
0000000000001101
1110001100001000
0001101010100110
1110110000010000
0000000000001110
1110001100001000
0101110000011011
1110110000010000
0000000001011111
1110101010000111
0000000000000000
1111110010101000
1111110000010000
1110110010100000
1111000111001000
0000000000000001
1111110000010000
0000000000001001
1110000010010000
0000000000001101
1110001100001000
0000000000000000
1111110010101000
1111110000010000
0000000000001101
1111110000100000
1110001100001000
0000000000000001
1111110000010000
0000000000001000
1110000010100000
1111110000010000
0000000000000000
1111110111101000
1110110010100000
1110001100001000
0000000000010000
1110110000010000
0000000000000000
1111110111101000
1110110010100000
1110001100001000
0000000000000010
1110110000010000
0000000000001101
1110001100001000
0001110001110111
1110110000010000
0000000000001110
1110001100001000
0101110001000111
1110110000010000
0000000001011111
1110101010000111
0000000000000000
1111110010101000
1111110000010000
0000000000000001
1111110111100000
1110110111100000
1110001100001000
0000000000000001
1111110000010000
0000000000001000
1110000010100000
1111110000010000
0000000000000000
1111110111101000
1110110010100000
1110001100001000
0000000000000001
1111110111100000
1110110111100000
1111110000010000
0000000000000000
1111110111101000
1110110010100000
1110001100001000
0000000000010000
1110110000010000
0000000000000000
1111110111101000
1110110010100000
1110001100001000
0000000000000010
1110110000010000
0000000000001101
1110001100001000
0001101010100110
1110110000010000
0000000000001110
1110001100001000
0101110001110001
1110110000010000
0000000001011111
1110101010000111
0000000000000000
1111110010101000
1111110000010000
1110110010100000
1111000111001000
0000000000000001
1111110000010000
0000000000001010
1110000010010000
0000000000001101
1110001100001000
0000000000000000
1111110010101000
1111110000010000
0000000000001101
1111110000100000
1110001100001000
0000000000000001
1111110000010000
0000000000001001
1110000010100000
1111110000010000
0000000000000000
1111110111101000
1110110010100000
1110001100001000
0000000000011101
1111110000010000
0000000000000000
1111110111101000
1110110010100000
1110001100001000
0000000000000000
1111110010101000
1111110000010000
1110110010100000
1111000010001000
0000000000000000
1111110010101000
1111110000010000
0000000000000100
1110001100001000
0000000000000100
1111110000100000
1111110000010000
0000000000000000
1111110111101000
1110110010100000
1110001100001000
0000000000000000
1111110111001000
1111110010100000
1110111111001000
0000000000000000
1111110010101000
1111110000010000
1110110010100000
1111000111001000
0000000000000000
1111110010100000
1111110001001000
0000000000000000
1111110010101000
1111110000010000
0000000000000001
1111110111100000
1110110111100000
1110110111100000
1110110111100000
1110110111100000
1110001100001000
0000000000000001
1111110000010000
0000000000001010
1110000010100000
1111110000010000
0000000000000000
1111110111101000
1110110010100000
1110001100001000
0000000000000000
1111110111001000
1111110010100000
1110111111001000
0000000000000000
1111110010101000
1111110000010000
1110110010100000
1111000010001000
0000000000011101
1111110000010000
0000000000000000
1111110111101000
1110110010100000
1110001100001000
0000000000000000
1111110010101000
1111110000010000
1110110010100000
1111000010001000
0000000000000000
1111110010101000
1111110000010000
0000000000000100
1110001100001000
0000000000000100
1111110000100000
1111110000010000
0000000000000000
1111110111101000
1110110010100000
1110001100001000
0000000000000000
1111110111001000
1111110010100000
1110111111001000
0000000000000000
1111110010101000
1111110000010000
1110110010100000
1111000111001000
0000000000000000
1111110010101000
1111110000010000
0000000000000001
1111110111100000
1110110111100000
1110110111100000
1110110111100000
1110001100001000
0000000000000010
1111110000100000
1111110000010000
0000000000000000
1111110111101000
1110110010100000
1110001100001000
0000000000100000
1110110000010000
0000000000000000
1111110111101000
1110110010100000
1110001100001000
0000000000000010
1110110000010000
0000000000001101
1110001100001000
0001101010100110
1110110000010000
0000000000001110
1110001100001000
0101110100001100
1110110000010000
0000000001011111
1110101010000111
0000000000000001
1111110111100000
1111110000010000
0000000000000000
1111110111101000
1110110010100000
1110001100001000
0000000000000000
1111110010101000
1111110000010000
1110110010100000
1111000010001000
0000000000000000
1111110010101000
1111110000010000
0000000000000001
1111110000100000
1110001100001000
0000000000000001
1111110111100000
1110110111100000
1111110000010000
0000000000000000
1111110111101000
1110110010100000
1110001100001000
0000000000000001
1111110111100000
1111110000010000
0000000000000000
1111110111101000
1110110010100000
1110001100001000
0000000000000000
1111110010101000
1111110000010000
1110110010100000
1111000111001000
0000000000000000
1111110010101000
1111110000010000
0000000000000001
1111110111100000
1110110111100000
1110110111100000
1110110111100000
1110110111100000
1110110111100000
1110001100001000
0000000000000001
1111110000100000
1111110000010000
0000000000000000
1111110111101000
1110110010100000
1110001100001000
0000000000000001
1111110000010000
0000000000000110
1110000010100000
1111110000010000
0000000000000000
1111110111101000
1110110010100000
1110001100001000
0000000000000000
1111110010101000
1111110000010000
1110110010100000
1111000010001000
0000000000000000
1111110010101000
1111110000010000
0000000000000001
1111110111100000
1110110111100000
1110110111100000
1110001100001000
0000000000000001
1111110000010000
0000000000000110
1110000010100000
1111110000010000
0000000000000000
1111110111101000
1110110010100000
1110001100001000
0000000000000000
1111110111001000
1111110010100000
1110101010001000
0101110101101011
1110110000010000
0000000000000110
1110101010000111
0000000000000000
1111110010101000
1111110000010000
0101110101110010
1110001100000101
0101110110100011
1110101010000111
0000000000000001
1111110000100000
1111110000010000
0000000000000000
1111110111101000
1110110010100000
1110001100001000
0000000000000001
1111110000010000
0000000000000100
1110000010100000
1111110000010000
0000000000000000
1111110111101000
1110110010100000
1110001100001000
0000000000000001
1111110000010000
0000000000000101
1110000010100000
1111110000010000
0000000000000000
1111110111101000
1110110010100000
1110001100001000
0000000000000000
1111110010101000
1111110000010000
1110110010100000
1111000000001000
0000000000000010
1110110000010000
0000000000001101
1110001100001000
0101000011011101
1110110000010000
0000000000001110
1110001100001000
0101110110011100
1110110000010000
0000000001011111
1110101010000111
0000000000000000
1111110010101000
1111110000010000
0000000000000101
1110001100001000
0101111001010001
1110101010000111
0000000000000001
1111110000100000
1111110000010000
0000000000000000
1111110111101000
1110110010100000
1110001100001000
0000000000000001
1111110000010000
0000000000000101
1110000010100000
1111110000010000
0000000000000000
1111110111101000
1110110010100000
1110001100001000
0000000000000010
1110110000010000
0000000000001101
1110001100001000
0101000011011101
1110110000010000
0000000000001110
1110001100001000
0101110110111111
1110110000010000
0000000001011111
1110101010000111
0000000000000000
1111110010101000
1111110000010000
0000000000000101
1110001100001000
0000000000000001
1111110000100000
1111110000010000
0000000000000000
1111110111101000
1110110010100000
1110001100001000
0000000000000000
1111110111001000
1111110010100000
1110111111001000
0000000000000000
1111110010101000
1111110000010000
1110110010100000
1111000010001000
0000000000000000
1111110010101000
1111110000010000
0000000000000001
1111110000100000
1110001100001000
0000000000000001
1111110000100000
1111110000010000
0000000000000000
1111110111101000
1110110010100000
1110001100001000
0000000000000001
1111110000010000
0000000000000011
1110000010100000
1111110000010000
0000000000000000
1111110111101000
1110110010100000
1110001100001000
0101110111101110
1110110000010000
0000000000100110
1110101010000111
0000000000000000
1111110010100000
1111110001001000
0000000000000000
1111110010101000
1111110000010000
0101111000101110
1110001100000101
0000000000000001
1111110000100000
1111110000010000
0000000000000000
1111110111101000
1110110010100000
1110001100001000
0000000000000000
1111110111001000
1111110010100000
1110111111001000
0000000000000000
1111110010100000
1111110001010000
1110011111001000
0000000000000010
1110110000010000
0000000000001101
1110001100001000
0101000011011101
1110110000010000
0000000000001110
1110001100001000
0101111000010001
1110110000010000
0000000001011111
1110101010000111
0000000000000000
1111110010101000
1111110000010000
0000000000000101
1110001100001000
0000000000000001
1111110000100000
1111110000010000
0000000000000000
1111110111101000
1110110010100000
1110001100001000
0000000000000000
1111110111001000
1111110010100000
1110111111001000
0000000000000000
1111110010101000
1111110000010000
1110110010100000
1111000010001000
0000000000000000
1111110010101000
1111110000010000
0000000000000001
1111110000100000
1110001100001000
0101110111011010
1110101010000111
0000000000000001
1111110000010000
0000000000000011
1110000010100000
1111110000010000
0000000000000000
1111110111101000
1110110010100000
1110001100001000
0000000000000001
1111110000010000
0000000000000100
1110000010100000
1111110000010000
0000000000000000
1111110111101000
1110110010100000
1110001100001000
0000000000000010
1110110000010000
0000000000001101
1110001100001000
0101000011011101
1110110000010000
0000000000001110
1110001100001000
0101111001001100
1110110000010000
0000000001011111
1110101010000111
0000000000000000
1111110010101000
1111110000010000
0000000000000101
1110001100001000
0000000000000000
1111110111001000
1111110010100000
1110101010001000
0000000000110110
1110101010000111
0000000000000010
1111110111100000
1111110000010000
0000000000000000
1111110111101000
1110110010100000
1110001100001000
0000000000000010
1111110000010000
0000000000000011
1110000010100000
1111110000010000
0000000000000000
1111110111101000
1110110010100000
1110001100001000
0000000000000000
1111110010101000
1111110000010000
1110110010100000
1111000111001000
0000000000000010
1111110000100000
1111110000010000
0000000000000000
1111110111101000
1110110010100000
1110001100001000
0000000000000010
1111110111100000
1110110111100000
1111110000010000
0000000000000000
1111110111101000
1110110010100000
1110001100001000
0000000000000000
1111110010101000
1111110000010000
1110110010100000
1111000010001000
0000000000000010
1111110000100000
1111110000010000
0000000000000000
1111110111101000
1110110010100000
1110001100001000
0000000000000010
1111110111100000
1110110111100000
1111110000010000
0000000000000000
1111110111101000
1110110010100000
1110001100001000
0000000000000000
1111110010101000
1111110000010000
1110110010100000
1111000111001000
0000000000000011
1110110000010000
0000000000001101
1110001100001000
0101101011010011
1110110000010000
0000000000001110
1110001100001000
0101111010100000
1110110000010000
0000000001011111
1110101010000111
0000000000000000
1111110010101000
1111110000010000
0000000000000101
1110001100001000
0000000000000010
1111110111100000
1111110000010000
0000000000000000
1111110111101000
1110110010100000
1110001100001000
0000000000000010
1111110000010000
0000000000000011
1110000010100000
1111110000010000
0000000000000000
1111110111101000
1110110010100000
1110001100001000
0000000000000000
1111110010101000
1111110000010000
1110110010100000
1111000010001000
0000000000000010
1111110000100000
1111110000010000
0000000000000000
1111110111101000
1110110010100000
1110001100001000
0000000000000010
1111110111100000
1110110111100000
1111110000010000
0000000000000000
1111110111101000
1110110010100000
1110001100001000
0000000000000000
1111110010101000
1111110000010000
1110110010100000
1111000010001000
0000000000000010
1111110000100000
1111110000010000
0000000000000000
1111110111101000
1110110010100000
1110001100001000
0000000000000010
1111110111100000
1110110111100000
1111110000010000
0000000000000000
1111110111101000
1110110010100000
1110001100001000
0000000000000000
1111110010101000
1111110000010000
1110110010100000
1111000111001000
0000000000000011
1110110000010000
0000000000001101
1110001100001000
0101101011010011
1110110000010000
0000000000001110
1110001100001000
0101111011101110
1110110000010000
0000000001011111
1110101010000111
0000000000000000
1111110010101000
1111110000010000
0000000000000101
1110001100001000
0000000000000010
1111110111100000
1111110000010000
0000000000000000
1111110111101000
1110110010100000
1110001100001000
0000000000000010
1111110111100000
1110110111100000
1111110000010000
0000000000000000
1111110111101000
1110110010100000
1110001100001000
0000000000000000
1111110010101000
1111110000010000
1110110010100000
1111000111001000
0000000000000010
1111110000100000
1111110000010000
0000000000000000
1111110111101000
1110110010100000
1110001100001000
0000000000000010
1111110000010000
0000000000000011
1110000010100000
1111110000010000
0000000000000000
1111110111101000
1110110010100000
1110001100001000
0000000000000000
1111110010101000
1111110000010000
1110110010100000
1111000111001000
0000000000000010
1111110000100000
1111110000010000
0000000000000000
1111110111101000
1110110010100000
1110001100001000
0000000000000010
1111110000010000
0000000000000011
1110000010100000
1111110000010000
0000000000000000
1111110111101000
1110110010100000
1110001100001000
0000000000000000
1111110010101000
1111110000010000
1110110010100000
1111000010001000
0000000000000011
1110110000010000
0000000000001101
1110001100001000
0101101011010011
1110110000010000
0000000000001110
1110001100001000
0101111100111101
1110110000010000
0000000001011111
1110101010000111
0000000000000000
1111110010101000
1111110000010000
0000000000000101
1110001100001000
0000000000000010
1111110111100000
1111110000010000
0000000000000000
1111110111101000
1110110010100000
1110001100001000
0000000000000010
1111110111100000
1110110111100000
1111110000010000
0000000000000000
1111110111101000
1110110010100000
1110001100001000
0000000000000000
1111110010101000
1111110000010000
1110110010100000
1111000010001000
0000000000000010
1111110000100000
1111110000010000
0000000000000000
1111110111101000
1110110010100000
1110001100001000
0000000000000010
1111110000010000
0000000000000011
1110000010100000
1111110000010000
0000000000000000
1111110111101000
1110110010100000
1110001100001000
0000000000000000
1111110010101000
1111110000010000
1110110010100000
1111000111001000
0000000000000010
1111110000100000
1111110000010000
0000000000000000
1111110111101000
1110110010100000
1110001100001000
0000000000000010
1111110000010000
0000000000000011
1110000010100000
1111110000010000
0000000000000000
1111110111101000
1110110010100000
1110001100001000
0000000000000000
1111110010101000
1111110000010000
1110110010100000
1111000010001000
0000000000000011
1110110000010000
0000000000001101
1110001100001000
0101101011010011
1110110000010000
0000000000001110
1110001100001000
0101111110001100
1110110000010000
0000000001011111
1110101010000111
0000000000000000
1111110010101000
1111110000010000
0000000000000101
1110001100001000
0000000000000000
1111110111001000
1111110010100000
1110101010001000
0000000000110110
1110101010000111
0000000000000011
1110110000010000
1110001110010000
0000000000000000
1111110111101000
1110110010100000
1110101010001000
0101111110011001
1110001100000001
0000000000000010
1111110000100000
1111110000010000
0000000000000000
1111110111101000
1110110010100000
1110001100001000
0000000000000000
1111110111001000
1111110010100000
1110101010001000
0101111110101111
1110110000010000
0000000000100110
1110101010000111
0000000000000010
1111110000100000
1111110000010000
0000000000000000
1111110111101000
1110110010100000
1110001100001000
0000000111111111
1110110000010000
0000000000000000
1111110111101000
1110110010100000
1110001100001000
0101111111000000
1110110000010000
0000000000010110
1110101010000111
0000000000000000
1111110010101000
1111110000010000
1110110010100000
1111010101001000
0000000000000010
1111110111100000
1111110000010000
0000000000000000
1111110111101000
1110110010100000
1110001100001000
0000000000000000
1111110111001000
1111110010100000
1110101010001000
0101111111010100
1110110000010000
0000000000100110
1110101010000111
0000000000000000
1111110010101000
1111110000010000
1110110010100000
1111010101001000
0000000000000010
1111110111100000
1111110000010000
0000000000000000
1111110111101000
1110110010100000
1110001100001000
0000000011111111
1110110000010000
0000000000000000
1111110111101000
1110110010100000
1110001100001000
0101111111101010
1110110000010000
0000000000010110
1110101010000111
0000000000000000
1111110010101000
1111110000010000
1110110010100000
1111010101001000
0000000000000000
1111110010101000
1111110000010000
0101111111110110
1110001100000101
0110000000001101
1110101010000111
0000000000001100
1110110000010000
0000000000000000
1111110111101000
1110110010100000
1110001100001000
0000000000000001
1110110000010000
0000000000001101
1110001100001000
0110101011011001
1110110000010000
0000000000001110
1110001100001000
0110000000001000
1110110000010000
0000000001011111
1110101010000111
0000000000000000
1111110010101000
1111110000010000
0000000000000101
1110001100001000
0000000000000010
1111110000100000
1111110000010000
0000000000000000
1111110111101000
1110110010100000
1110001100001000
0000000000000010
1111110111100000
1110110111100000
1111110000010000
0000000000000000
1111110111101000
1110110010100000
1110001100001000
0000000000000000
1111110010101000
1111110000010000
1110110010100000
1111000111001000
0000000000000000
1111110111001000
1111110010100000
1110101010001000
0110000000101001
1110110000010000
0000000000100110
1110101010000111
0000000000000010
1111110000100000
1111110000010000
0000000000000000
1111110111101000
1110110010100000
1110001100001000
0000000000000010
1111110111100000
1110110111100000
1111110000010000
0000000000000000
1111110111101000
1110110010100000
1110001100001000
0000000000000000
1111110010101000
1111110000010000
1110110010100000
1111000010001000
0000000111111111
1110110000010000
0000000000000000
1111110111101000
1110110010100000
1110001100001000
0110000001000111
1110110000010000
0000000000010110
1110101010000111
0000000000000000
1111110010101000
1111110000010000
1110110010100000
1111010101001000
0000000000000010
1111110111100000
1111110000010000
0000000000000000
1111110111101000
1110110010100000
1110001100001000
0000000000000010
1111110111100000
1110110111100000
1111110000010000
0000000000000000
1111110111101000
1110110010100000
1110001100001000
0000000000000000
1111110010101000
1111110000010000
1110110010100000
1111000111001000
0000000000000000
1111110111001000
1111110010100000
1110101010001000
0110000001101000
1110110000010000
0000000000100110
1110101010000111
0000000000000000
1111110010101000
1111110000010000
1110110010100000
1111010101001000
0000000000000010
1111110111100000
1111110000010000
0000000000000000
1111110111101000
1110110010100000
1110001100001000
0000000000000010
1111110111100000
1110110111100000
1111110000010000
0000000000000000
1111110111101000
1110110010100000
1110001100001000
0000000000000000
1111110010101000
1111110000010000
1110110010100000
1111000010001000
0000000011111111
1110110000010000
0000000000000000
1111110111101000
1110110010100000
1110001100001000
0110000010001011
1110110000010000
0000000000010110
1110101010000111
0000000000000000
1111110010101000
1111110000010000
1110110010100000
1111010101001000
0000000000000000
1111110010101000
1111110000010000
0110000010010111
1110001100000101
0110000010101110
1110101010000111
0000000000001101
1110110000010000
0000000000000000
1111110111101000
1110110010100000
1110001100001000
0000000000000001
1110110000010000
0000000000001101
1110001100001000
0110101011011001
1110110000010000
0000000000001110
1110001100001000
0110000010101001
1110110000010000
0000000001011111
1110101010000111
0000000000000000
1111110010101000
1111110000010000
0000000000000101
1110001100001000
0000000000000010
1111110111100000
1110110111100000
1111110000010000
0000000000000000
1111110111101000
1110110010100000
1110001100001000
0000000000000000
1111110010101000
1111110000010000
0000000000000001
1111110111100000
1110001100001000
0000000000000000
1111110111001000
1111110010100000
1110111111001000
0000000000000010
1111110111100000
1110110111100000
1111110000010000
0000000000000000
1111110111101000
1110110010100000
1110001100001000
0000000000000000
1111110010101000
1111110000010000
1110110010100000
1111000111001000
0000000000000000
1111110010101000
1111110000010000
0000000000000001
1111110111100000
1110110111100000
1110001100001000
0000000000000010
1111110000100000
1111110000010000
0000000000000000
1111110111101000
1110110010100000
1110001100001000
0000000000000010
1111110111100000
1111110000010000
0000000000000000
1111110111101000
1110110010100000
1110001100001000
0000000000000001
1111110000100000
1111110000010000
0000000000000000
1111110111101000
1110110010100000
1110001100001000
0000000000000001
1111110111100000
1111110000010000
0000000000000000
1111110111101000
1110110010100000
1110001100001000
0000000000000100
1110110000010000
0000000000001101
1110001100001000
0101111001010111
1110110000010000
0000000000001110
1110001100001000
0110000011111100
1110110000010000
0000000001011111
1110101010000111
0000000000000000
1111110010101000
1111110000010000
0000000000000101
1110001100001000
0000000000000001
1111110111100000
1111110000010000
0000000000000000
1111110111101000
1110110010100000
1110001100001000
0000000000000001
1111110000100000
1111110000010000
0000000000000000
1111110111101000
1110110010100000
1110001100001000
0110000100010011
1110110000010000
0000000000010110
1110101010000111
0000000000000000
1111110010100000
1111110001001000
0000000000000000
1111110010101000
1111110000010000
0110001000001011
1110001100000101
0000000000000001
1111110111100000
1110110111100000
1111110000010000
0000000000000000
1111110111101000
1110110010100000
1110001100001000
0000000000000000
1111110111001000
1111110010100000
1110101010001000
0110000100101011
1110110000010000
0000000000100110
1110101010000111
0000000000000000
1111110010101000
1111110000010000
0110000100110010
1110001100000101
0110000101101100
1110101010000111
0000000000000001
1111110111100000
1110110111100000
1111110000010000
0000000000000000
1111110111101000
1110110010100000
1110001100001000
0000000000000010
1110110000010000
0000000000000000
1111110111101000
1110110010100000
1110001100001000
0000000000000001
1111110000100000
1111110000010000
0000000000000000
1111110111101000
1110110010100000
1110001100001000
0000000000000010
1110110000010000
0000000000001101
1110001100001000
0001101010100110
1110110000010000
0000000000001110
1110001100001000
0110000101010011
1110110000010000
0000000001011111
1110101010000111
0000000000000000
1111110010101000
1111110000010000
1110110010100000
1111000010001000
0000000000000011
1110110000010000
0000000000000000
1111110111101000
1110110010100000
1110001100001000
0000000000000000
1111110010101000
1111110000010000
1110110010100000
1111000010001000
0000000000000000
1111110010101000
1111110000010000
0000000000000001
1111110111100000
1110110111100000
1110001100001000
0110000111000110
1110101010000111
0000000000000001
1111110111100000
1110110111100000
1111110000010000
0000000000000000
1111110111101000
1110110010100000
1110001100001000
0000000000000010
1110110000010000
0000000000000000
1111110111101000
1110110010100000
1110001100001000
0000000000000001
1111110000100000
1111110000010000
0000000000000000
1111110111101000
1110110010100000
1110001100001000
0000000000000001
1111110111100000
1111110000010000
0000000000000000
1111110111101000
1110110010100000
1110001100001000
0000000000000000
1111110010101000
1111110000010000
1110110010100000
1111000111001000
0000000000000010
1110110000010000
0000000000001101
1110001100001000
0001101010100110
1110110000010000
0000000000001110
1110001100001000
0110000110011001
1110110000010000
0000000001011111
1110101010000111
0000000000000000
1111110010101000
1111110000010000
1110110010100000
1111000010001000
0000000000000101
1110110000010000
0000000000000000
1111110111101000
1110110010100000
1110001100001000
0000000000000000
1111110010101000
1111110000010000
1110110010100000
1111000010001000
0000000000000000
1111110010101000
1111110000010000
0000000000000001
1111110111100000
1110110111100000
1110001100001000
0000000000000001
1111110111100000
1111110000010000
0000000000000000
1111110111101000
1110110010100000
1110001100001000
0000000000000000
1111110111001000
1111110010100000
1110111111001000
0000000000000000
1111110010101000
1111110000010000
1110110010100000
1111000111001000
0000000000000000
1111110010101000
1111110000010000
0000000000000001
1111110111100000
1110001100001000
0000000000000001
1111110000100000
1111110000010000
0000000000000000
1111110111101000
1110110010100000
1110001100001000
0000000000000000
1111110111001000
1111110010100000
1110111111001000
0000000000000000
1111110010101000
1111110000010000
1110110010100000
1111000010001000
0000000000000000
1111110010101000
1111110000010000
0000000000000001
1111110000100000
1110001100001000
0000000000000010
1111110000100000
1111110000010000
0000000000000000
1111110111101000
1110110010100000
1110001100001000
0000000000000010
1111110111100000
1111110000010000
0000000000000000
1111110111101000
1110110010100000
1110001100001000
0000000000000001
1111110000100000
1111110000010000
0000000000000000
1111110111101000
1110110010100000
1110001100001000
0000000000000001
1111110111100000
1111110000010000
0000000000000000
1111110111101000
1110110010100000
1110001100001000
0000000000000100
1110110000010000
0000000000001101
1110001100001000
0101111001010111
1110110000010000
0000000000001110
1110001100001000
0110001000000100
1110110000010000
0000000001011111
1110101010000111
0000000000000000
1111110010101000
1111110000010000
0000000000000101
1110001100001000
0110000100000001
1110101010000111
0000000000000000
1111110111001000
1111110010100000
1110101010001000
0000000000110110
1110101010000111
0000000000000011
1110110000010000
0000000000000000
1111110111101000
1110110010100000
1110001100001000
0000000000000001
1110110000010000
0000000000001101
1110001100001000
0010000111000011
1110110000010000
0000000000001110
1110001100001000
0110001000100011
1110110000010000
0000000001011111
1110101010000111
0000000000000000
1111110010101000
1111110000010000
0000000000000011
1110001100001000
0000000000000010
1111110000100000
1111110000010000
0000000000000000
1111110111101000
1110110010100000
1110001100001000
0000000000000000
1111110111001000
1111110010100000
1110101010001000
0110001000110111
1110110000010000
0000000000100110
1110101010000111
0000000000000000
1111110010101000
1111110000010000
0110001000111110
1110001100000101
0110001001010101
1110101010000111
0000000000001110
1110110000010000
0000000000000000
1111110111101000
1110110010100000
1110001100001000
0000000000000001
1110110000010000
0000000000001101
1110001100001000
0110101011011001
1110110000010000
0000000000001110
1110001100001000
0110001001010000
1110110000010000
0000000001011111
1110101010000111
0000000000000000
1111110010101000
1111110000010000
0000000000000101
1110001100001000
0000000000000010
1111110000100000
1111110000010000
0000000000000000
1111110111101000
1110110010100000
1110001100001000
0000000000000000
1111110111001000
1111110010100000
1110101010001000
0110001001100100
1110110000010000
0000000000010110
1110101010000111
0000000000000000
1111110010101000
1111110000010000
0110001001101011
1110001100000101
0110001010000100
1110101010000111
0000000000000010
1111110000100000
1111110000010000
0000000000000000
1111110111101000
1110110010100000
1110001100001000
0000000000000001
1110110000010000
0000000000001101
1110001100001000
0001011010110000
1110110000010000
0000000000001110
1110001100001000
0110001001111110
1110110000010000
0000000001011111
1110101010000111
0000000000000000
1111110010101000
1111110000010000
0000000000000011
1111110111100000
1110001100001000
0000000000000010
1111110000100000
1111110000010000
0000000000000000
1111110111101000
1110110010100000
1110001100001000
0000000000000000
1111110010101000
1111110000010000
0000000000000011
1111110000100000
1110001100001000
0000000000000000
1111110111001000
1111110010100000
1110101010001000
0000000000000000
1111110010101000
1111110000010000
0000000000000011
1111110111100000
1110110111100000
1110001100001000
0000000000000011
1111110000010000
0000000000000000
1111110111101000
1110110010100000
1110001100001000
0000000000110110
1110101010000111
0000000000000010
1111110000100000
1111110000010000
0000000000000000
1111110111101000
1110110010100000
1110001100001000
0000000000000000
1111110010101000
1111110000010000
0000000000000011
1110001100001000
0000000000000011
1111110000100000
1111110000010000
0000000000000000
1111110111101000
1110110010100000
1110001100001000
0000000000000000
1111110111001000
1111110010100000
1110101010001000
0110001010111111
1110110000010000
0000000000010110
1110101010000111
0000000000000000
1111110010101000
1111110000010000
0110001011000110
1110001100000101
0110001011011110
1110101010000111
0000000000000011
1111110111100000
1111110000010000
0000000000000000
1111110111101000
1110110010100000
1110001100001000
0000000000000001
1110110000010000
0000000000001101
1110001100001000
0001011011110101
1110110000010000
0000000000001110
1110001100001000
0110001011011001
1110110000010000
0000000001011111
1110101010000111
0000000000000000
1111110010101000
1111110000010000
0000000000000101
1110001100001000
0000000000000011
1111110000010000
0000000000000000
1111110111101000
1110110010100000
1110001100001000
0000000000000001
1110110000010000
0000000000001101
1110001100001000
0010010010001101
1110110000010000
0000000000001110
1110001100001000
0110001011110000
1110110000010000
0000000001011111
1110101010000111
0000000000000000
1111110010101000
1111110000010000
0000000000000101
1110001100001000
0000000000000000
1111110111001000
1111110010100000
1110101010001000
0000000000110110
1110101010000111
0000000000000010
1111110000100000
1111110000010000
0000000000000000
1111110111101000
1110110010100000
1110001100001000
0000000000000000
1111110010101000
1111110000010000
0000000000000011
1110001100001000
0000000000000011
1111110111100000
1110110111100000
1111110000010000
0000000000000000
1111110111101000
1110110010100000
1110001100001000
0000000000110110
1110101010000111
0000000000000010
1111110000100000
1111110000010000
0000000000000000
1111110111101000
1110110010100000
1110001100001000
0000000000000000
1111110010101000
1111110000010000
0000000000000011
1110001100001000
0000000000000010
1111110111100000
1111110000010000
0000000000000000
1111110111101000
1110110010100000
1110001100001000
0000000000000000
1111110111001000
1111110010100000
1110101010001000
0110001100101100
1110110000010000
0000000000100110
1110101010000111
0000000000000010
1111110111100000
1111110000010000
0000000000000000
1111110111101000
1110110010100000
1110001100001000
0000000000000011
1111110111100000
1110110111100000
1111110000010000
0000000000000000
1111110111101000
1110110010100000
1110001100001000
0110001100111111
1110110000010000
0000000000010110
1110101010000111
0000000000000000
1111110010101000
1111110000010000
1110110010100000
1111010101001000
0000000000000010
1111110111100000
1111110000010000
0000000000000000
1111110111101000
1110110010100000
1110001100001000
0000000000000011
1111110111100000
1110110111100000
1111110000010000
0000000000000000
1111110111101000
1110110010100000
1110001100001000
0110001101010111
1110110000010000
0000000000000110
1110101010000111
0000000000000000
1111110010101000
1111110000010000
1110110010100000
1111010101001000
0000000000000000
1111110010101000
1111110000010000
0110001101100011
1110001100000101
0110001101111010
1110101010000111
0000000000001111
1110110000010000
0000000000000000
1111110111101000
1110110010100000
1110001100001000
0000000000000001
1110110000010000
0000000000001101
1110001100001000
0110101011011001
1110110000010000
0000000000001110
1110001100001000
0110001101110101
1110110000010000
0000000001011111
1110101010000111
0000000000000000
1111110010101000
1111110000010000
0000000000000101
1110001100001000
0000000000000010
1111110111100000
1111110000010000
0000000000000000
1111110111101000
1110110010100000
1110001100001000
0000000000000011
1111110111100000
1111110000010000
0000000000000000
1111110111101000
1110110010100000
1110001100001000
0000000000000000
1111110010101000
1111110000010000
1110110010100000
1111000010001000
0000000000000000
1111110010101000
1111110000010000
0000000000000100
1110001100001000
0000000000000100
1111110000100000
1111110000010000
0000000000000000
1111110111101000
1110110010100000
1110001100001000
0000000000110110
1110101010000111
0000000000000010
1111110000100000
1111110000010000
0000000000000000
1111110111101000
1110110010100000
1110001100001000
0000000000000000
1111110010101000
1111110000010000
0000000000000011
1110001100001000
0000000000000010
1111110111100000
1111110000010000
0000000000000000
1111110111101000
1110110010100000
1110001100001000
0000000000000000
1111110111001000
1111110010100000
1110101010001000
0110001110110110
1110110000010000
0000000000100110
1110101010000111
0000000000000010
1111110111100000
1111110000010000
0000000000000000
1111110111101000
1110110010100000
1110001100001000
0000000000000011
1111110111100000
1110110111100000
1111110000010000
0000000000000000
1111110111101000
1110110010100000
1110001100001000
0110001111001001
1110110000010000
0000000000010110
1110101010000111
0000000000000000
1111110010101000
1111110000010000
1110110010100000
1111010101001000
0000000000000010
1111110111100000
1111110000010000
0000000000000000
1111110111101000
1110110010100000
1110001100001000
0000000000000011
1111110111100000
1110110111100000
1111110000010000
0000000000000000
1111110111101000
1110110010100000
1110001100001000
0110001111100001
1110110000010000
0000000000000110
1110101010000111
0000000000000000
1111110010101000
1111110000010000
1110110010100000
1111010101001000
0000000000000000
1111110010101000
1111110000010000
0110001111101101
1110001100000101
0110010000000100
1110101010000111
0000000000010000
1110110000010000
0000000000000000
1111110111101000
1110110010100000
1110001100001000
0000000000000001
1110110000010000
0000000000001101
1110001100001000
0110101011011001
1110110000010000
0000000000001110
1110001100001000
0110001111111111
1110110000010000
0000000001011111
1110101010000111
0000000000000000
1111110010101000
1111110000010000
0000000000000101
1110001100001000
0000000000000010
1111110111100000
1111110000010000
0000000000000000
1111110111101000
1110110010100000
1110001100001000
0000000000000011
1111110111100000
1111110000010000
0000000000000000
1111110111101000
1110110010100000
1110001100001000
0000000000000000
1111110010101000
1111110000010000
1110110010100000
1111000010001000
0000000000000010
1111110111100000
1110110111100000
1111110000010000
0000000000000000
1111110111101000
1110110010100000
1110001100001000
0000000000000000
1111110010101000
1111110000010000
0000000000000101
1110001100001000
0000000000000000
1111110010101000
1111110000010000
0000000000000100
1110001100001000
0000000000000101
1111110000010000
0000000000000000
1111110111101000
1110110010100000
1110001100001000
0000000000000000
1111110010101000
1111110000010000
0000000000000100
1111110000100000
1110001100001000
0000000000000000
1111110111001000
1111110010100000
1110101010001000
0000000000110110
1110101010000111
0000000000000010
1111110000100000
1111110000010000
0000000000000000
1111110111101000
1110110010100000
1110001100001000
0000000000000000
1111110010101000
1111110000010000
0000000000000011
1110001100001000
0000000000000011
1111110111100000
1110110111100000
1111110000010000
0000000000000000
1111110111101000
1110110010100000
1110001100001000
0000000000000011
1111110000100000
1111110000010000
0000000000000000
1111110111101000
1110110010100000
1110001100001000
0110010001011010
1110110000010000
0000000000000110
1110101010000111
0000000000000000
1111110010101000
1111110000010000
0110010001100001
1110001100000101
0110010001111000
1110101010000111
0000000000010001
1110110000010000
0000000000000000
1111110111101000
1110110010100000
1110001100001000
0000000000000001
1110110000010000
0000000000001101
1110001100001000
0110101011011001
1110110000010000
0000000000001110
1110001100001000
0110010001110011
1110110000010000
0000000001011111
1110101010000111
0000000000000000
1111110010101000
1111110000010000
0000000000000101
1110001100001000
0000000000000011
1111110111100000
1110110111100000
1111110000010000
0000000000000000
1111110111101000
1110110010100000
1110001100001000
0000000000000011
1111110111100000
1111110000010000
0000000000000000
1111110111101000
1110110010100000
1110001100001000
0000000000000000
1111110010101000
1111110000010000
1110110010100000
1111000010001000
0000000000000010
1111110111100000
1111110000010000
0000000000000000
1111110111101000
1110110010100000
1110001100001000
0000000000000000
1111110010101000
1111110000010000
0000000000000101
1110001100001000
0000000000000000
1111110010101000
1111110000010000
0000000000000100
1110001100001000
0000000000000101
1111110000010000
0000000000000000
1111110111101000
1110110010100000
1110001100001000
0000000000000000
1111110010101000
1111110000010000
0000000000000100
1111110000100000
1110001100001000
0000000000000011
1111110111100000
1110110111100000
1111110000010000
0000000000000000
1111110111101000
1110110010100000
1110001100001000
0000000000000000
1111110111001000
1111110010100000
1110111111001000
0000000000000000
1111110010101000
1111110000010000
1110110010100000
1111000010001000
0000000000000000
1111110010101000
1111110000010000
0000000000000011
1111110111100000
1110110111100000
1110001100001000
0000000000000011
1111110000010000
0000000000000000
1111110111101000
1110110010100000
1110001100001000
0000000000110110
1110101010000111
0000000000000010
1111110000100000
1111110000010000
0000000000000000
1111110111101000
1110110010100000
1110001100001000
0000000000000000
1111110010101000
1111110000010000
0000000000000011
1110001100001000
0000000000000011
1111110111100000
1110110111100000
1111110000010000
0000000000000000
1111110111101000
1110110010100000
1110001100001000
0000000000000000
1111110111001000
1111110010100000
1110101010001000
0110010011100101
1110110000010000
0000000000000110
1110101010000111
0000000000000000
1111110010101000
1111110000010000
0110010011101100
1110001100000101
0110010100000011
1110101010000111
0000000000010010
1110110000010000
0000000000000000
1111110111101000
1110110010100000
1110001100001000
0000000000000001
1110110000010000
0000000000001101
1110001100001000
0110101011011001
1110110000010000
0000000000001110
1110001100001000
0110010011111110
1110110000010000
0000000001011111
1110101010000111
0000000000000000
1111110010101000
1111110000010000
0000000000000101
1110001100001000
0000000000000011
1111110111100000
1110110111100000
1111110000010000
0000000000000000
1111110111101000
1110110010100000
1110001100001000
0000000000000000
1111110111001000
1111110010100000
1110111111001000
0000000000000000
1111110010101000
1111110000010000
1110110010100000
1111000111001000
0000000000000000
1111110010101000
1111110000010000
0000000000000011
1111110111100000
1110110111100000
1110001100001000
0000000000000000
1111110111001000
1111110010100000
1110101010001000
0000000000110110
1110101010000111
0000000000000101
1110110000010000
1110001110010000
0000000000000000
1111110111101000
1110110010100000
1110101010001000
0110010100100011
1110001100000001
0000000000000010
1111110000100000
1111110000010000
0000000000000000
1111110111101000
1110110010100000
1110001100001000
0000000000000000
1111110010101000
1111110000010000
0000000000000011
1110001100001000
0000000000000011
1111110111100000
1110110111100000
1111110000010000
0000000000000000
1111110111101000
1110110010100000
1110001100001000
0000000000000000
1111110111001000
1111110010100000
1110101010001000
0110010101000110
1110110000010000
0000000000000110
1110101010000111
0000000000000000
1111110010101000
1111110000010000
0110010101001101
1110001100000101
0110010101010011
1110101010000111
0000000000000000
1111110111001000
1111110010100000
1110101010001000
0000000000110110
1110101010000111
0000000000000000
1111110111001000
1111110010100000
1110101010001000
0000000000000000
1111110010100000
1111110001001000
0000000000000000
1111110010101000
1111110000010000
0000000000000001
1111110111100000
1110110111100000
1110110111100000
1110001100001000
0000000000000000
1111110111001000
1111110010100000
1110101010001000
0000000000000011
1111110111100000
1111110000010000
0000000000000000
1111110111101000
1110110010100000
1110001100001000
0000000000000000
1111110010101000
1111110000010000
1110110010100000
1111000010001000
0000000000000000
1111110010101000
1111110000010000
0000000000000100
1110001100001000
0000000000000100
1111110000100000
1111110000010000
0000000000000000
1111110111101000
1110110010100000
1110001100001000
0000000000101101
1110110000010000
0000000000000000
1111110111101000
1110110010100000
1110001100001000
0110010110001000
1110110000010000
0000000000000110
1110101010000111
0000000000000000
1111110010101000
1111110000010000
0110010110001111
1110001100000101
0110010110101001
1110101010000111
0000000000000000
1111110111001000
1111110010100000
1110101010001000
0000000000000000
1111110010100000
1111110001001000
0000000000000000
1111110010101000
1111110000010000
0000000000000001
1111110111100000
1110110111100000
1110110111100000
1110110111100000
1110001100001000
0000000000000000
1111110111001000
1111110010100000
1110111111001000
0000000000000000
1111110010101000
1111110000010000
0000000000000001
1111110000100000
1110001100001000
0000000000000001
1111110000100000
1111110000010000
0000000000000000
1111110111101000
1110110010100000
1110001100001000
0000000000000011
1111110111100000
1110110111100000
1111110000010000
0000000000000000
1111110111101000
1110110010100000
1110001100001000
0110010110111100
1110110000010000
0000000000100110
1110101010000111
0000000000000001
1111110000010000
0000000000000011
1110000010100000
1111110000010000
0000000000000000
1111110111101000
1110110010100000
1110001100001000
0000000000000000
1111110010101000
1111110000010000
1110110010100000
1111000000001000
0000000000000000
1111110010100000
1111110001001000
0000000000000000
1111110010101000
1111110000010000
0110011010001001
1110001100000101
0000000000000001
1111110000100000
1111110000010000
0000000000000000
1111110111101000
1110110010100000
1110001100001000
0000000000000011
1111110111100000
1111110000010000
0000000000000000
1111110111101000
1110110010100000
1110001100001000
0000000000000000
1111110010101000
1111110000010000
1110110010100000
1111000010001000
0000000000000000
1111110010101000
1111110000010000
0000000000000100
1110001100001000
0000000000000100
1111110000100000
1111110000010000
0000000000000000
1111110111101000
1110110010100000
1110001100001000
0000000000110000
1110110000010000
0000000000000000
1111110111101000
1110110010100000
1110001100001000
0000000000000000
1111110010101000
1111110000010000
1110110010100000
1111000111001000
0000000000000000
1111110010101000
1111110000010000
0000000000000001
1111110111100000
1110110111100000
1110001100001000
0000000000000001
1111110111100000
1110110111100000
1111110000010000
0000000000000000
1111110111101000
1110110010100000
1110001100001000
0000000000000000
1111110111001000
1111110010100000
1110101010001000
0110011000010011
1110110000010000
0000000000100110
1110101010000111
0000000000000001
1111110111100000
1110110111100000
1111110000010000
0000000000000000
1111110111101000
1110110010100000
1110001100001000
0000000000001001
1110110000010000
0000000000000000
1111110111101000
1110110010100000
1110001100001000
0110011000100101
1110110000010000
0000000000010110
1110101010000111
0000000000000000
1111110010101000
1111110000010000
1110110010100000
1111010101001000
0000000000000000
1111110010100000
1111110001001000
0000000000000000
1111110010101000
1111110000010000
0000000000000001
1111110111100000
1110110111100000
1110110111100000
1110001100001000
0000000000000001
1111110000010000
0000000000000011
1110000010100000
1111110000010000
0000000000000000
1111110111101000
1110110010100000
1110001100001000
0000000000000000
1111110010101000
1111110000010000
0110011001000101
1110001100000101
0110011010000111
1110101010000111
0000000000000001
1111110111100000
1111110000010000
0000000000000000
1111110111101000
1110110010100000
1110001100001000
0000000000001010
1110110000010000
0000000000000000
1111110111101000
1110110010100000
1110001100001000
0000000000000010
1110110000010000
0000000000001101
1110001100001000
0001101010100110
1110110000010000
0000000000001110
1110001100001000
0110011001011110
1110110000010000
0000000001011111
1110101010000111
0000000000000001
1111110111100000
1110110111100000
1111110000010000
0000000000000000
1111110111101000
1110110010100000
1110001100001000
0000000000000000
1111110010101000
1111110000010000
1110110010100000
1111000010001000
0000000000000000
1111110010101000
1111110000010000
0000000000000001
1111110111100000
1110001100001000
0000000000000001
1111110000100000
1111110000010000
0000000000000000
1111110111101000
1110110010100000
1110001100001000
0000000000000000
1111110111001000
1111110010100000
1110111111001000
0000000000000000
1111110010101000
1111110000010000
1110110010100000
1111000010001000
0000000000000000
1111110010101000
1111110000010000
0000000000000001
1111110000100000
1110001100001000
0110010110101001
1110101010000111
0000000000000001
1111110000010000
0000000000000100
1110000010100000
1111110000010000
0000000000000000
1111110111101000
1110110010100000
1110001100001000
0000000000000000
1111110010101000
1111110000010000
0110011010011001
1110001100000101
0110011010101010
1110101010000111
0000000000000001
1111110111100000
1111110000010000
0000000000000000
1111110111101000
1110110010100000
1110001100001000
0000000000000000
1111110010100000
1111110001010000
1110011111001000
0000000000000000
1111110010101000
1111110000010000
0000000000000001
1111110111100000
1110001100001000
0000000000000001
1111110111100000
1111110000010000
0000000000000000
1111110111101000
1110110010100000
1110001100001000
0000000000110110
1110101010000111
0000000000000100
1110110000010000
1110001110010000
0000000000000000
1111110111101000
1110110010100000
1110101010001000
0110011010110101
1110001100000001
0000000000000010
1111110000100000
1111110000010000
0000000000000000
1111110111101000
1110110010100000
1110001100001000
0000000000000000
1111110010101000
1111110000010000
0000000000000011
1110001100001000
0000000000000011
1111110000100000
1111110000010000
0000000000000000
1111110111101000
1110110010100000
1110001100001000
0000000000000000
1111110111001000
1111110010100000
1110101010001000
0110011011010111
1110110000010000
0000000000000110
1110101010000111
0000000000000000
1111110010101000
1111110000010000
0110011011011110
1110001100000101
0110011011110101
1110101010000111
0000000000010011
1110110000010000
0000000000000000
1111110111101000
1110110010100000
1110001100001000
0000000000000001
1110110000010000
0000000000001101
1110001100001000
0110101011011001
1110110000010000
0000000000001110
1110001100001000
0110011011110000
1110110000010000
0000000001011111
1110101010000111
0000000000000000
1111110010101000
1111110000010000
0000000000000101
1110001100001000
0000000000000110
1110110000010000
0000000000000000
1111110111101000
1110110010100000
1110001100001000
0000000000000001
1110110000010000
0000000000001101
1110001100001000
0001011010110000
1110110000010000
0000000000001110
1110001100001000
0110011100000111
1110110000010000
0000000001011111
1110101010000111
0000000000000000
1111110010101000
1111110000010000
0000000000000001
1111110111100000
1110110111100000
1110001100001000
0000000000000010
1111110111100000
1111110000010000
0000000000000000
1111110111101000
1110110010100000
1110001100001000
0000000000000000
1111110111001000
1111110010100000
1110101010001000
0110011100011101
1110110000010000
0000000000100110
1110101010000111
0000000000000000
1111110010101000
1111110000010000
0110011100100100
1110001100000101
0110011101000100
1110101010000111
0000000000000000
1111110111001000
1111110010100000
1110101010001000
0000000000000000
1111110010100000
1111110001001000
0000000000000000
1111110010101000
1111110000010000
0000000000000001
1111110111100000
1110110111100000
1110110111100000
1110001100001000
0000000000000010
1111110111100000
1111110000010000
0000000000000000
1111110111101000
1110110010100000
1110001100001000
0000000000000000
1111110010100000
1111110001010000
1110011111001000
0000000000000000
1111110010101000
1111110000010000
0000000000000010
1111110111100000
1110001100001000
0000000000000010
1111110111100000
1111110000010000
0000000000000000
1111110111101000
1110110010100000
1110001100001000
0000000000000000
1111110010101000
1111110000010000
0000000000000001
1111110111100000
1110001100001000
0000000000000001
1111110111100000
1111110000010000
0000000000000000
1111110111101000
1110110010100000
1110001100001000
0000000000000000
1111110111001000
1111110010100000
1110101010001000
0110011101100000
1110110000010000
0000000000010110
1110101010000111
0000000000000000
1111110010100000
1111110001001000
0000000000000000
1111110010101000
1111110000010000
0110100000000110
1110001100000101
0000000000000010
1111110111100000
1111110000010000
0000000000000000
1111110111101000
1110110010100000
1110001100001000
0000000000001010
1110110000010000
0000000000000000
1111110111101000
1110110010100000
1110001100001000
0000000000000010
1110110000010000
0000000000001101
1110001100001000
0001110001110111
1110110000010000
0000000000001110
1110001100001000
0110011110000001
1110110000010000
0000000001011111
1110101010000111
0000000000000000
1111110010101000
1111110000010000
0000000000000001
1111110111100000
1110001100001000
0000000000000001
1111110000100000
1111110000010000
0000000000000000
1111110111101000
1110110010100000
1110001100001000
0000000000000001
1111110111100000
1110110111100000
1111110000010000
0000000000000000
1111110111101000
1110110010100000
1110001100001000
0000000000000000
1111110010101000
1111110000010000
1110110010100000
1111000010001000
0000000000110000
1110110000010000
0000000000000000
1111110111101000
1110110010100000
1110001100001000
0000000000000010
1111110111100000
1111110000010000
0000000000000000
1111110111101000
1110110010100000
1110001100001000
0000000000000001
1111110111100000
1111110000010000
0000000000000000
1111110111101000
1110110010100000
1110001100001000
0000000000001010
1110110000010000
0000000000000000
1111110111101000
1110110010100000
1110001100001000
0000000000000010
1110110000010000
0000000000001101
1110001100001000
0001101010100110
1110110000010000
0000000000001110
1110001100001000
0110011111000001
1110110000010000
0000000001011111
1110101010000111
0000000000000000
1111110010101000
1111110000010000
1110110010100000
1111000111001000
0000000000000000
1111110010101000
1111110000010000
1110110010100000
1111000010001000
0000000000000000
1111110010101000
1111110000010000
0000000000000101
1110001100001000
0000000000000000
1111110010101000
1111110000010000
0000000000000100
1110001100001000
0000000000000101
1111110000010000
0000000000000000
1111110111101000
1110110010100000
1110001100001000
0000000000000000
1111110010101000
1111110000010000
0000000000000100
1111110000100000
1110001100001000
0000000000000001
1111110000100000
1111110000010000
0000000000000000
1111110111101000
1110110010100000
1110001100001000
0000000000000000
1111110111001000
1111110010100000
1110111111001000
0000000000000000
1111110010101000
1111110000010000
1110110010100000
1111000010001000
0000000000000000
1111110010101000
1111110000010000
0000000000000001
1111110000100000
1110001100001000
0000000000000001
1111110111100000
1111110000010000
0000000000000000
1111110111101000
1110110010100000
1110001100001000
0000000000000000
1111110010101000
1111110000010000
0000000000000010
1111110111100000
1110001100001000
0110011101010001
1110101010000111
0000000000000001
1111110000010000
0000000000000011
1110000010100000
1111110000010000
0000000000000000
1111110111101000
1110110010100000
1110001100001000
0000000000000000
1111110010101000
1111110000010000
0110100000010110
1110001100000101
0110100001011100
1110101010000111
0000000000000001
1111110000100000
1111110000010000
0000000000000000
1111110111101000
1110110010100000
1110001100001000
0000000000000001
1111110111100000
1110110111100000
1111110000010000
0000000000000000
1111110111101000
1110110010100000
1110001100001000
0000000000000000
1111110010101000
1111110000010000
1110110010100000
1111000010001000
0000000000101101
1110110000010000
0000000000000000
1111110111101000
1110110010100000
1110001100001000
0000000000000000
1111110010101000
1111110000010000
0000000000000101
1110001100001000
0000000000000000
1111110010101000
1111110000010000
0000000000000100
1110001100001000
0000000000000101
1111110000010000
0000000000000000
1111110111101000
1110110010100000
1110001100001000
0000000000000000
1111110010101000
1111110000010000
0000000000000100
1111110000100000
1110001100001000
0000000000000001
1111110000100000
1111110000010000
0000000000000000
1111110111101000
1110110010100000
1110001100001000
0000000000000000
1111110111001000
1111110010100000
1110111111001000
0000000000000000
1111110010101000
1111110000010000
1110110010100000
1111000010001000
0000000000000000
1111110010101000
1111110000010000
0000000000000001
1111110000100000
1110001100001000
0000000000000011
1111110000100000
1111110000010000
0000000000000000
1111110111101000
1110110010100000
1110001100001000
0000000000000001
1111110000100000
1111110000010000
0000000000000000
1111110111101000
1110110010100000
1110001100001000
0110100001101110
1110110000010000
0000000000100110
1110101010000111
0000000000000000
1111110010101000
1111110000010000
0110100001110101
1110001100000101
0110100010001100
1110101010000111
0000000000010011
1110110000010000
0000000000000000
1111110111101000
1110110010100000
1110001100001000
0000000000000001
1110110000010000
0000000000001101
1110001100001000
0110101011011001
1110110000010000
0000000000001110
1110001100001000
0110100010000111
1110110000010000
0000000001011111
1110101010000111
0000000000000000
1111110010101000
1111110000010000
0000000000000101
1110001100001000
0000000000000001
1111110000100000
1111110000010000
0000000000000000
1111110111101000
1110110010100000
1110001100001000
0000000000000000
1111110111001000
1111110010100000
1110101010001000
0110100010011011
1110110000010000
0000000000000110
1110101010000111
0000000000000000
1111110010101000
1111110000010000
0110100010100010
1110001100000101
0110100011011011
1110101010000111
0000000000000000
1111110111001000
1111110010100000
1110101010001000
0000000000000011
1111110111100000
1111110000010000
0000000000000000
1111110111101000
1110110010100000
1110001100001000
0000000000000000
1111110010101000
1111110000010000
1110110010100000
1111000010001000
0000000000110000
1110110000010000
0000000000000000
1111110111101000
1110110010100000
1110001100001000
0000000000000000
1111110010101000
1111110000010000
0000000000000101
1110001100001000
0000000000000000
1111110010101000
1111110000010000
0000000000000100
1110001100001000
0000000000000101
1111110000010000
0000000000000000
1111110111101000
1110110010100000
1110001100001000
0000000000000000
1111110010101000
1111110000010000
0000000000000100
1111110000100000
1110001100001000
0000000000000000
1111110111001000
1111110010100000
1110111111001000
0000000000000000
1111110010101000
1111110000010000
0000000000000011
1111110111100000
1110110111100000
1110001100001000
0110100101111011
1110101010000111
0000000000000000
1111110111001000
1111110010100000
1110101010001000
0000000000000000
1111110010101000
1111110000010000
0000000000000011
1111110111100000
1110110111100000
1110001100001000
0000000000000011
1111110111100000
1110110111100000
1111110000010000
0000000000000000
1111110111101000
1110110010100000
1110001100001000
0000000000000001
1111110000100000
1111110000010000
0000000000000000
1111110111101000
1110110010100000
1110001100001000
0110100011111001
1110110000010000
0000000000100110
1110101010000111
0000000000000000
1111110010100000
1111110001001000
0000000000000000
1111110010101000
1111110000010000
0110100101111011
1110001100000101
0000000000000011
1111110111100000
1110110111100000
1111110000010000
0000000000000000
1111110111101000
1110110010100000
1110001100001000
0000000000000011
1111110111100000
1111110000010000
0000000000000000
1111110111101000
1110110010100000
1110001100001000
0000000000000000
1111110010101000
1111110000010000
1110110010100000
1111000010001000
0000000000000001
1111110000100000
1111110000010000
0000000000000000
1111110111101000
1110110010100000
1110001100001000
0000000000000011
1111110111100000
1110110111100000
1111110000010000
0000000000000000
1111110111101000
1110110010100000
1110001100001000
0000000000000000
1111110111001000
1111110010100000
1110111111001000
0000000000000000
1111110010101000
1111110000010000
1110110010100000
1111000010001000
0000000000000000
1111110010101000
1111110000010000
1110110010100000
1111000111001000
0000000000000001
1111110111100000
1110110111100000
1111110000010000
0000000000000000
1111110111101000
1110110010100000
1110001100001000
0000000000000000
1111110010101000
1111110000010000
1110110010100000
1111000010001000
0000000000000000
1111110010101000
1111110000010000
0000000000000100
1110001100001000
0000000000000100
1111110000100000
1111110000010000
0000000000000000
1111110111101000
1110110010100000
1110001100001000
0000000000000000
1111110010101000
1111110000010000
0000000000000101
1110001100001000
0000000000000000
1111110010101000
1111110000010000
0000000000000100
1110001100001000
0000000000000101
1111110000010000
0000000000000000
1111110111101000
1110110010100000
1110001100001000
0000000000000000
1111110010101000
1111110000010000
0000000000000100
1111110000100000
1110001100001000
0000000000000011
1111110111100000
1110110111100000
1111110000010000
0000000000000000
1111110111101000
1110110010100000
1110001100001000
0000000000000000
1111110111001000
1111110010100000
1110111111001000
0000000000000000
1111110010101000
1111110000010000
1110110010100000
1111000010001000
0000000000000000
1111110010101000
1111110000010000
0000000000000011
1111110111100000
1110110111100000
1110001100001000
0110100011100110
1110101010000111
0000000000000001
1111110111100000
1110110111100000
1111110000010000
0000000000000000
1111110111101000
1110110010100000
1110001100001000
0000000000000001
1110110000010000
0000000000001101
1110001100001000
0001011011110101
1110110000010000
0000000000001110
1110001100001000
0110100110001111
1110110000010000
0000000001011111
1110101010000111
0000000000000000
1111110010101000
1111110000010000
0000000000000101
1110001100001000
0000000000000000
1111110111001000
1111110010100000
1110101010001000
0000000000110110
1110101010000111
0000000010000000
1110110000010000
0000000000000000
1111110111101000
1110110010100000
1110001100001000
0000000000110110
1110101010000111
0000000010000001
1110110000010000
0000000000000000
1111110111101000
1110110010100000
1110001100001000
0000000000110110
1110101010000111
0000000000100010
1110110000010000
0000000000000000
1111110111101000
1110110010100000
1110001100001000
0000000000110110
1110101010000111
0000000000000000
1110110000010000
0000000000001101
1110001100001000
0010000100000101
1110110000010000
0000000000001110
1110001100001000
0110100110111110
1110110000010000
0000000001011111
1110101010000111
0000000000000000
1111110010101000
1111110000010000
0000000000000101
1110001100001000
0000000000000000
1110110000010000
0000000000001101
1110001100001000
0001100101101001
1110110000010000
0000000000001110
1110001100001000
0110100111001111
1110110000010000
0000000001011111
1110101010000111
0000000000000000
1111110010101000
1111110000010000
0000000000000101
1110001100001000
0000000000000000
1110110000010000
0000000000001101
1110001100001000
0100111101101001
1110110000010000
0000000000001110
1110001100001000
0110100111100000
1110110000010000
0000000001011111
1110101010000111
0000000000000000
1111110010101000
1111110000010000
0000000000000101
1110001100001000
0000000000000000
1110110000010000
0000000000001101
1110001100001000
0010011001111110
1110110000010000
0000000000001110
1110001100001000
0110100111110001
1110110000010000
0000000001011111
1110101010000111
0000000000000000
1111110010101000
1111110000010000
0000000000000101
1110001100001000
0000000000000000
1110110000010000
0000000000001101
1110001100001000
0001011100011110
1110110000010000
0000000000001110
1110001100001000
0110101000000010
1110110000010000
0000000001011111
1110101010000111
0000000000000000
1111110010101000
1111110000010000
0000000000000101
1110001100001000
0000000000000000
1110110000010000
0000000000001101
1110001100001000
0000111011111101
1110110000010000
0000000000001110
1110001100001000
0110101000010011
1110110000010000
0000000001011111
1110101010000111
0000000000000000
1111110010101000
1111110000010000
0000000000000101
1110001100001000
0000000000000000
1110110000010000
0000000000001101
1110001100001000
0110101000101001
1110110000010000
0000000000001110
1110001100001000
0110101000100100
1110110000010000
0000000001011111
1110101010000111
0000000000000000
1111110010101000
1111110000010000
0000000000000101
1110001100001000
0000000000000000
1111110111001000
1111110010100000
1110101010001000
0000000000000000
1111110010100000
1111110001001000
0000000000000000
1111110010100000
1111110001001000
0000000000000000
1111110010101000
1111110000010000
0110101000111010
1110001100000101
0110101000101001
1110101010000111
0000000000000000
1111110111101000
1110110010100000
1110101010001000
0000000000000010
1111110000100000
1111110000010000
0000000000000000
1111110111101000
1110110010100000
1110001100001000
0000000000000000
1111110111001000
1111110010100000
1110101010001000
0110101001001101
1110110000010000
0000000000100110
1110101010000111
0000000000000000
1111110010101000
1111110000010000
0110101001010100
1110001100000101
0110101001101001
1110101010000111
0000000000000000
1111110111001000
1111110010100000
1110111111001000
0000000000000001
1110110000010000
0000000000001101
1110001100001000
0110101011011001
1110110000010000
0000000000001110
1110001100001000
0110101001100100
1110110000010000
0000000001011111
1110101010000111
0000000000000000
1111110010101000
1111110000010000
0000000000000101
1110001100001000
0000000000000010
1111110000100000
1111110000010000
0000000000000000
1111110111101000
1110110010100000
1110001100001000
0000000000000000
1111110111001000
1111110010100000
1110101010001000
0110101001111000
1110110000010000
0000000000010110
1110101010000111
0000000000000000
1111110010100000
1111110001001000
0000000000000000
1111110010101000
1111110000010000
0110101011010011
1110001100000101
0000000000110010
1110110000010000
0000000000000000
1111110111101000
1110110010100000
1110001100001000
0000000000000000
1111110010101000
1111110000010000
0000000000000001
1111110000100000
1110001100001000
0000000000000001
1111110000100000
1111110000010000
0000000000000000
1111110111101000
1110110010100000
1110001100001000
0000000000000000
1111110111001000
1111110010100000
1110101010001000
0110101010011011
1110110000010000
0000000000010110
1110101010000111
0000000000000000
1111110010100000
1111110001001000
0000000000000000
1111110010101000
1111110000010000
0110101010111011
1110001100000101
0000000000000001
1111110000100000
1111110000010000
0000000000000000
1111110111101000
1110110010100000
1110001100001000
0000000000000000
1111110111001000
1111110010100000
1110111111001000
0000000000000000
1111110010101000
1111110000010000
1110110010100000
1111000111001000
0000000000000000
1111110010101000
1111110000010000
0000000000000001
1111110000100000
1110001100001000
0110101010001100
1110101010000111
0000000000000010
1111110000100000
1111110000010000
0000000000000000
1111110111101000
1110110010100000
1110001100001000
0000000000000000
1111110111001000
1111110010100000
1110111111001000
0000000000000000
1111110010101000
1111110000010000
1110110010100000
1111000111001000
0000000000000000
1111110010101000
1111110000010000
0000000000000010
1111110000100000
1110001100001000
0110101001101001
1110101010000111
0000000000000000
1111110111001000
1111110010100000
1110101010001000
0000000000110110
1110101010000111
0000000000000011
1110110000010000
0000000000000000
1111110111101000
1110110010100000
1110001100001000
0000000000000001
1110110000010000
0000000000001101
1110001100001000
0110001000010001
1110110000010000
0000000000001110
1110001100001000
0110101011101011
1110110000010000
0000000001011111
1110101010000111
0000000001000101
1110110000010000
0000000000000000
1111110111101000
1110110010100000
1110001100001000
0000000000000010
1110110000010000
0000000000001101
1110001100001000
0110010000111011
1110110000010000
0000000000001110
1110001100001000
0110101011111101
1110110000010000
0000000001011111
1110101010000111
0000000001010010
1110110000010000
0000000000000000
1111110111101000
1110110010100000
1110001100001000
0000000000000010
1110110000010000
0000000000001101
1110001100001000
0110010000111011
1110110000010000
0000000000001110
1110001100001000
0110101100001111
1110110000010000
0000000001011111
1110101010000111
0000000001010010
1110110000010000
0000000000000000
1111110111101000
1110110010100000
1110001100001000
0000000000000010
1110110000010000
0000000000001101
1110001100001000
0110010000111011
1110110000010000
0000000000001110
1110001100001000
0110101100100001
1110110000010000
0000000001011111
1110101010000111
0000000000000001
1110110000010000
0000000000001101
1110001100001000
0100110110001010
1110110000010000
0000000000001110
1110001100001000
0110101100101101
1110110000010000
0000000001011111
1110101010000111
0000000000000000
1111110010101000
1111110000010000
0000000000000101
1110001100001000
0000000000000010
1111110000100000
1111110000010000
0000000000000000
1111110111101000
1110110010100000
1110001100001000
0000000000000001
1110110000010000
0000000000001101
1110001100001000
0100111000001101
1110110000010000
0000000000001110
1110001100001000
0110101101000101
1110110000010000
0000000001011111
1110101010000111
0000000000000000
1111110010101000
1111110000010000
0000000000000101
1110001100001000
0000000000000000
1110110000010000
0000000000001101
1110001100001000
0110101000101001
1110110000010000
0000000000001110
1110001100001000
0110101101010110
1110110000010000
0000000001011111
1110101010000111
0000000000000000
1111110010101000
1111110000010000
0000000000000101
1110001100001000
Key: SP, Value: 0
Key: R0, Value: 0
Key: R1, Value: 1
Key: LCL, Value: 1
Key: R2, Value: 2
Key: ARG, Value: 2
Key: THIS, Value: 3
Key: R3, Value: 3
Key: THAT, Value: 4
Key: R4, Value: 4
Key: R5, Value: 5
Key: R6, Value: 6
Key: R7, Value: 7
Key: R8, Value: 8
Key: R9, Value: 9
Key: R10, Value: 10
Key: R11, Value: 11
Key: R12, Value: 12
Key: R13, Value: 13
Key: R14, Value: 14
Key: R15, Value: 15
Key: ponggame.0, Value: 16
Key: math.1, Value: 17
Key: math.0, Value: 18
Key: END_EQ, Value: 19
Key: memory.0, Value: 19
Key: output.4, Value: 20
Key: output.2, Value: 21
Key: output.1, Value: 22
Key: output.0, Value: 23
Key: output.3, Value: 24
Key: output.5, Value: 25
Key: output.6, Value: 26
Key: screen.1, Value: 27
Key: screen.2, Value: 28
Key: screen.0, Value: 29
Key: END_GT, Value: 35
Key: END_LT, Value: 51
Key: RET_ADDRESS_CALL0, Value: 145
Key: ball.new, Value: 145
Key: RET_ADDRESS_CALL1, Value: 163
Key: RET_ADDRESS_CALL2, Value: 333
Key: ball.dispose, Value: 346
Key: RET_ADDRESS_CALL3, Value: 376
Key: ball.show, Value: 387
Key: RET_ADDRESS_CALL4, Value: 418
Key: RET_ADDRESS_CALL5, Value: 441
Key: ball.hide, Value: 452
Key: RET_ADDRESS_CALL6, Value: 480
Key: RET_ADDRESS_CALL7, Value: 503
Key: ball.draw, Value: 514
Key: RET_ADDRESS_CALL8, Value: 588
Key: ball.getleft, Value: 599
Key: ball.getright, Value: 620
Key: ball.setdestination, Value: 652
Key: LOOP_ball.setdestination, Value: 654
Key: RET_ADDRESS_CALL9, Value: 747
Key: RET_ADDRESS_CALL10, Value: 774
Key: RET_ADDRESS_LT0, Value: 798
Key: ball.setdestination$if_true0, Value: 826
Key: RET_ADDRESS_LT1, Value: 886
Key: RET_ADDRESS_LT2, Value: 916
Key: ball.setdestination$if_false0, Value: 930
Key: RET_ADDRESS_LT3, Value: 948
Key: RET_ADDRESS_LT4, Value: 979
Key: ball.setdestination$if_end0, Value: 991
Key: RET_ADDRESS_CALL11, Value: 1016
Key: RET_ADDRESS_CALL12, Value: 1062
Key: RET_ADDRESS_CALL13, Value: 1109
Key: ball.move, Value: 1126
Key: RET_ADDRESS_CALL14, Value: 1156
Key: RET_ADDRESS_LT5, Value: 1178
Key: ball.move$if_true0, Value: 1185
Key: ball.move$if_false0, Value: 1219
Key: ball.move$if_true1, Value: 1267
Key: ball.move$if_true2, Value: 1283
Key: ball.move$if_false2, Value: 1309
Key: ball.move$if_end2, Value: 1333
Key: ball.move$if_false1, Value: 1335
Key: ball.move$if_true3, Value: 1351
Key: ball.move$if_false3, Value: 1377
Key: ball.move$if_end0, Value: 1401
Key: ball.move$if_end1, Value: 1401
Key: ball.move$if_end3, Value: 1401
Key: ball.move$if_true4, Value: 1417
Key: ball.move$if_true5, Value: 1433
Key: ball.move$if_false5, Value: 1459
Key: ball.move$if_end5, Value: 1483
Key: ball.move$if_false4, Value: 1485
Key: ball.move$if_true6, Value: 1501
Key: ball.move$if_false6, Value: 1527
Key: ball.move$if_end4, Value: 1551
Key: ball.move$if_end6, Value: 1551
Key: RET_ADDRESS_GT0, Value: 1571
Key: ball.move$if_true7, Value: 1581
Key: ball.move$if_false7, Value: 1612
Key: RET_ADDRESS_LT6, Value: 1632
Key: ball.move$if_true8, Value: 1642
Key: ball.move$if_false8, Value: 1675
Key: RET_ADDRESS_GT1, Value: 1695
Key: ball.move$if_true9, Value: 1705
Key: ball.move$if_false9, Value: 1738
Key: RET_ADDRESS_LT7, Value: 1758
Key: ball.move$if_true10, Value: 1768
Key: ball.move$if_false10, Value: 1801
Key: RET_ADDRESS_CALL15, Value: 1819
Key: ball.bounce, Value: 1835
Key: LOOP_ball.bounce, Value: 1837
Key: RET_ADDRESS_CALL16, Value: 1882
Key: RET_ADDRESS_CALL17, Value: 1916
Key: RET_ADDRESS_EQ0, Value: 1939
Key: ball.bounce$if_true0, Value: 1946
Key: ball.bounce$if_false0, Value: 1963
Key: RET_ADDRESS_LT8, Value: 1979
Key: RET_ADDRESS_EQ1, Value: 1997
Key: RET_ADDRESS_LT9, Value: 2018
Key: RET_ADDRESS_EQ2, Value: 2042
Key: ball.bounce$if_true1, Value: 2054
Key: ball.bounce$if_false1, Value: 2071
Key: ball.bounce$if_end1, Value: 2086
Key: ball.bounce$if_end0, Value: 2086
Key: RET_ADDRESS_EQ3, Value: 2103
Key: ball.bounce$if_true2, Value: 2110
Key: RET_ADDRESS_CALL18, Value: 2153
Key: RET_ADDRESS_CALL19, Value: 2173
Key: RET_ADDRESS_CALL20, Value: 2214
Key: ball.bounce$if_false2, Value: 2227
Key: RET_ADDRESS_EQ4, Value: 2246
Key: ball.bounce$if_true3, Value: 2253
Key: RET_ADDRESS_CALL21, Value: 2290
Key: RET_ADDRESS_CALL22, Value: 2310
Key: RET_ADDRESS_CALL23, Value: 2351
Key: ball.bounce$if_false3, Value: 2364
Key: RET_ADDRESS_EQ5, Value: 2383
Key: ball.bounce$if_true4, Value: 2390
Key: RET_ADDRESS_CALL24, Value: 2432
Key: RET_ADDRESS_CALL25, Value: 2453
Key: RET_ADDRESS_CALL26, Value: 2494
Key: ball.bounce$if_false4, Value: 2507
Key: RET_ADDRESS_CALL27, Value: 2543
Key: RET_ADDRESS_CALL28, Value: 2564
Key: RET_ADDRESS_CALL29, Value: 2605
Key: ball.bounce$if_end2, Value: 2616
Key: ball.bounce$if_end4, Value: 2616
Key: ball.bounce$if_end3, Value: 2616
Key: RET_ADDRESS_CALL30, Value: 2648
Key: bat.new, Value: 2659
Key: RET_ADDRESS_CALL31, Value: 2677
Key: RET_ADDRESS_CALL32, Value: 2773
Key: bat.dispose, Value: 2786
Key: RET_ADDRESS_CALL33, Value: 2816
Key: bat.show, Value: 2827
Key: RET_ADDRESS_CALL34, Value: 2858
Key: RET_ADDRESS_CALL35, Value: 2881
Key: bat.hide, Value: 2892
Key: RET_ADDRESS_CALL36, Value: 2920
Key: RET_ADDRESS_CALL37, Value: 2943
Key: bat.draw, Value: 2954
Key: RET_ADDRESS_CALL38, Value: 3033
Key: bat.setdirection, Value: 3044
Key: bat.getleft, Value: 3078
Key: bat.getright, Value: 3099
Key: bat.setwidth, Value: 3133
Key: RET_ADDRESS_CALL39, Value: 3163
Key: RET_ADDRESS_CALL40, Value: 3200
Key: bat.move, Value: 3211
Key: RET_ADDRESS_EQ6, Value: 3240
Key: bat.move$if_true0, Value: 3247
Key: RET_ADDRESS_LT10, Value: 3286
Key: bat.move$if_true1, Value: 3293
Key: bat.move$if_false1, Value: 3303
Key: RET_ADDRESS_CALL41, Value: 3319
Key: RET_ADDRESS_CALL42, Value: 3424
Key: RET_ADDRESS_CALL43, Value: 3448
Key: RET_ADDRESS_CALL44, Value: 3518
Key: bat.move$if_false0, Value: 3525
Key: RET_ADDRESS_GT2, Value: 3579
Key: bat.move$if_true2, Value: 3586
Key: bat.move$if_false2, Value: 3611
Key: RET_ADDRESS_CALL45, Value: 3627
Key: RET_ADDRESS_CALL46, Value: 3706
Key: RET_ADDRESS_CALL47, Value: 3730
Key: RET_ADDRESS_CALL48, Value: 3826
Key: bat.move$if_end0, Value: 3831
Key: main.main, Value: 3837
Key: RET_ADDRESS_CALL49, Value: 3853
Key: RET_ADDRESS_CALL50, Value: 3870
Key: RET_ADDRESS_CALL51, Value: 3895
Key: RET_ADDRESS_CALL52, Value: 3919
Key: ponggame.new, Value: 3930
Key: RET_ADDRESS_CALL53, Value: 3948
Key: RET_ADDRESS_CALL54, Value: 3965
Key: RET_ADDRESS_CALL55, Value: 4026
Key: RET_ADDRESS_CALL56, Value: 4076
Key: RET_ADDRESS_CALL57, Value: 4111
Key: RET_ADDRESS_CALL58, Value: 4150
Key: RET_ADDRESS_CALL59, Value: 4177
Key: RET_ADDRESS_CALL60, Value: 4200
Key: RET_ADDRESS_CALL61, Value: 4218
Key: RET_ADDRESS_CALL62, Value: 4236
Key: RET_ADDRESS_CALL63, Value: 4254
Key: RET_ADDRESS_CALL64, Value: 4272
Key: RET_ADDRESS_CALL65, Value: 4290
Key: RET_ADDRESS_CALL66, Value: 4308
Key: RET_ADDRESS_CALL67, Value: 4326
Key: RET_ADDRESS_CALL68, Value: 4344
Key: RET_ADDRESS_CALL69, Value: 4356
Key: ponggame.dispose, Value: 4419
Key: RET_ADDRESS_CALL70, Value: 4450
Key: RET_ADDRESS_CALL71, Value: 4474
Key: RET_ADDRESS_CALL72, Value: 4497
Key: ponggame.newinstance, Value: 4508
Key: RET_ADDRESS_CALL73, Value: 4520
Key: ponggame.getinstance, Value: 4531
Key: ponggame.run, Value: 4539
Key: ponggame.run$while_exp0, Value: 4555
Key: ponggame.run$while_exp1, Value: 4575
Key: RET_ADDRESS_EQ7, Value: 4590
Key: RET_ADDRESS_CALL74, Value: 4627
Key: RET_ADDRESS_CALL75, Value: 4652
Key: RET_ADDRESS_CALL76, Value: 4675
Key: ponggame.run$while_end1, Value: 4682
Key: RET_ADDRESS_EQ8, Value: 4699
Key: ponggame.run$if_true0, Value: 4706
Key: RET_ADDRESS_CALL77, Value: 4729
Key: ponggame.run$if_false0, Value: 4736
Key: RET_ADDRESS_EQ9, Value: 4753
Key: ponggame.run$if_true1, Value: 4760
Key: RET_ADDRESS_CALL78, Value: 4785
Key: ponggame.run$if_false1, Value: 4792
Key: RET_ADDRESS_EQ10, Value: 4809
Key: ponggame.run$if_true2, Value: 4816
Key: ponggame.run$if_false2, Value: 4831
Key: ponggame.run$if_end1, Value: 4831
Key: ponggame.run$while_exp2, Value: 4831
Key: ponggame.run$if_end0, Value: 4831
Key: RET_ADDRESS_EQ11, Value: 4846
Key: RET_ADDRESS_CALL79, Value: 4886
Key: RET_ADDRESS_CALL80, Value: 4911
Key: RET_ADDRESS_CALL81, Value: 4934
Key: ponggame.run$while_end2, Value: 4941
Key: ponggame.run$while_end0, Value: 4943
Key: ponggame.run$if_true3, Value: 4959
Key: RET_ADDRESS_CALL82, Value: 4983
Key: RET_ADDRESS_CALL83, Value: 5006
Key: RET_ADDRESS_CALL84, Value: 5024
Key: RET_ADDRESS_CALL85, Value: 5042
Key: RET_ADDRESS_CALL86, Value: 5060
Key: RET_ADDRESS_CALL87, Value: 5078
Key: RET_ADDRESS_CALL88, Value: 5096
Key: RET_ADDRESS_CALL89, Value: 5114
Key: RET_ADDRESS_CALL90, Value: 5132
Key: RET_ADDRESS_CALL91, Value: 5150
Key: RET_ADDRESS_CALL92, Value: 5168
Key: RET_ADDRESS_CALL93, Value: 5180
Key: ponggame.run$if_false3, Value: 5185
Key: ponggame.moveball, Value: 5191
Key: LOOP_ponggame.moveball, Value: 5193
Key: RET_ADDRESS_CALL94, Value: 5231
Key: RET_ADDRESS_GT3, Value: 5254
Key: RET_ADDRESS_EQ12, Value: 5275
Key: ponggame.moveball$if_true0, Value: 5290
Key: RET_ADDRESS_CALL95, Value: 5337
Key: RET_ADDRESS_CALL96, Value: 5362
Key: RET_ADDRESS_CALL97, Value: 5388
Key: RET_ADDRESS_CALL98, Value: 5415
Key: RET_ADDRESS_EQ13, Value: 5442
Key: ponggame.moveball$if_true1, Value: 5449
Key: RET_ADDRESS_GT4, Value: 5469
Key: RET_ADDRESS_LT11, Value: 5490
Key: ponggame.moveball$if_true2, Value: 5522
Key: RET_ADDRESS_LT12, Value: 5553
Key: ponggame.moveball$if_true3, Value: 5560
Key: ponggame.moveball$if_false3, Value: 5576
Key: RET_ADDRESS_GT5, Value: 5608
Key: ponggame.moveball$if_true4, Value: 5615
Key: ponggame.moveball$if_false4, Value: 5625
Key: ponggame.moveball$if_end3, Value: 5625
Key: RET_ADDRESS_CALL99, Value: 5684
Key: RET_ADDRESS_CALL100, Value: 5740
Key: RET_ADDRESS_CALL101, Value: 5766
Key: ponggame.moveball$if_false2, Value: 5771
Key: ponggame.moveball$if_false1, Value: 5771
Key: RET_ADDRESS_CALL102, Value: 5797
Key: ponggame.moveball$if_false0, Value: 5802
Key: array.new, Value: 5808
Key: RET_ADDRESS_GT6, Value: 5823
Key: array.new$if_true0, Value: 5833
Key: RET_ADDRESS_CALL103, Value: 5851
Key: array.new$if_false0, Value: 5856
Key: RET_ADDRESS_CALL104, Value: 5875
Key: array.dispose, Value: 5877
Key: RET_ADDRESS_CALL105, Value: 5907
Key: keyboard.init, Value: 5918
Key: keyboard.keypressed, Value: 5924
Key: RET_ADDRESS_CALL106, Value: 5942
Key: keyboard.readchar, Value: 5944
Key: RET_ADDRESS_CALL107, Value: 5967
Key: keyboard.readchar$while_exp0, Value: 5972
Key: RET_ADDRESS_EQ14, Value: 5987
Key: RET_ADDRESS_GT7, Value: 6002
Key: RET_ADDRESS_CALL108, Value: 6027
Key: RET_ADDRESS_GT8, Value: 6048
Key: keyboard.readchar$if_true0, Value: 6055
Key: keyboard.readchar$if_false0, Value: 6068
Key: keyboard.readchar$while_end0, Value: 6070
Key: RET_ADDRESS_CALL109, Value: 6082
Key: RET_ADDRESS_CALL110, Value: 6094
Key: RET_ADDRESS_CALL111, Value: 6118
Key: keyboard.readline, Value: 6132
Key: LOOP_keyboard.readline, Value: 6134
Key: RET_ADDRESS_CALL112, Value: 6159
Key: RET_ADDRESS_CALL113, Value: 6186
Key: RET_ADDRESS_CALL114, Value: 6203
Key: RET_ADDRESS_CALL115, Value: 6221
Key: keyboard.readline$while_exp0, Value: 6228
Key: RET_ADDRESS_CALL116, Value: 6260
Key: RET_ADDRESS_EQ15, Value: 6284
Key: keyboard.readline$if_true0, Value: 6312
Key: RET_ADDRESS_EQ16, Value: 6331
Key: keyboard.readline$if_true1, Value: 6338
Key: RET_ADDRESS_CALL117, Value: 6359
Key: keyboard.readline$if_false1, Value: 6366
Key: RET_ADDRESS_CALL118, Value: 6394
Key: keyboard.readline$if_false0, Value: 6402
Key: keyboard.readline$if_end1, Value: 6402
Key: keyboard.readline$while_end0, Value: 6404
Key: keyboard.readint, Value: 6415
Key: RET_ADDRESS_CALL119, Value: 6441
Key: RET_ADDRESS_CALL120, Value: 6466
Key: RET_ADDRESS_CALL121, Value: 6491
Key: math.init, Value: 6505
Key: RET_ADDRESS_CALL122, Value: 6527
Key: RET_ADDRESS_CALL123, Value: 6550
Key: math.init$while_exp0, Value: 6596
Key: RET_ADDRESS_LT13, Value: 6613
Key: math.init$while_end0, Value: 6768
Key: math.abs, Value: 6774
Key: RET_ADDRESS_LT14, Value: 6789
Key: math.abs$if_true0, Value: 6796
Key: math.abs$if_false0, Value: 6813
Key: math.multiply, Value: 6822
Key: LOOP_math.multiply, Value: 6824
Key: RET_ADDRESS_LT15, Value: 6846
Key: RET_ADDRESS_GT9, Value: 6861
Key: RET_ADDRESS_GT10, Value: 6881
Key: RET_ADDRESS_LT16, Value: 6896
Key: RET_ADDRESS_CALL124, Value: 6934
Key: RET_ADDRESS_CALL125, Value: 6959
Key: RET_ADDRESS_LT17, Value: 6983
Key: math.multiply$if_true0, Value: 6990
Key: math.multiply$while_exp0, Value: 7029
Key: math.multiply$if_false0, Value: 7029
Key: RET_ADDRESS_LT18, Value: 7048
Key: RET_ADDRESS_GT11, Value: 7108
Key: math.multiply$if_true1, Value: 7115
Key: math.multiply$if_false1, Value: 7192
Key: math.multiply$while_end0, Value: 7245
Key: math.multiply$if_true2, Value: 7261
Key: math.multiply$if_false2, Value: 7278
Key: math.divide, Value: 7287
Key: LOOP_math.divide, Value: 7289
Key: RET_ADDRESS_EQ17, Value: 7311
Key: math.divide$if_true0, Value: 7318
Key: RET_ADDRESS_CALL126, Value: 7336
Key: math.divide$if_false0, Value: 7341
Key: RET_ADDRESS_LT19, Value: 7356
Key: RET_ADDRESS_GT12, Value: 7371
Key: RET_ADDRESS_GT13, Value: 7391
Key: RET_ADDRESS_LT20, Value: 7406
Key: RET_ADDRESS_CALL127, Value: 7457
Key: RET_ADDRESS_CALL128, Value: 7498
Key: math.divide$while_exp0, Value: 7504
Key: RET_ADDRESS_LT21, Value: 7599
Key: math.divide$if_true1, Value: 7626
Key: RET_ADDRESS_GT14, Value: 7790
Key: math.divide$if_true2, Value: 7817
Key: math.divide$if_false2, Value: 7839
Key: math.divide$if_false1, Value: 7839
Key: math.divide$while_end0, Value: 7841
Key: math.divide$while_exp1, Value: 7841
Key: RET_ADDRESS_GT15, Value: 7860
Key: RET_ADDRESS_GT16, Value: 7909
Key: math.divide$if_true3, Value: 7919
Key: math.divide$if_false3, Value: 8015
Key: math.divide$while_end1, Value: 8039
Key: math.divide$if_true4, Value: 8054
Key: math.divide$if_false4, Value: 8071
Key: math.sqrt, Value: 8080
Key: LOOP_math.sqrt, Value: 8082
Key: RET_ADDRESS_LT22, Value: 8104
Key: math.sqrt$if_true0, Value: 8111
Key: RET_ADDRESS_CALL129, Value: 8129
Key: math.sqrt$if_false0, Value: 8134
Key: math.sqrt$while_exp0, Value: 8146
Key: RET_ADDRESS_GT17, Value: 8165
Key: RET_ADDRESS_CALL130, Value: 8249
Key: RET_ADDRESS_GT18, Value: 8275
Key: RET_ADDRESS_LT23, Value: 8294
Key: math.sqrt$if_true1, Value: 8309
Key: math.sqrt$if_false1, Value: 8324
Key: math.sqrt$while_end0, Value: 8348
Key: math.max, Value: 8359
Key: RET_ADDRESS_GT19, Value: 8377
Key: math.max$if_true0, Value: 8384
Key: math.max$if_false0, Value: 8397
Key: math.min, Value: 8406
Key: RET_ADDRESS_LT24, Value: 8424
Key: math.min$if_true0, Value: 8431
Key: math.min$if_false0, Value: 8444
Key: memory.init, Value: 8453
Key: memory.peek, Value: 8558
Key: memory.poke, Value: 8590
Key: memory.alloc, Value: 8643
Key: RET_ADDRESS_LT25, Value: 8662
Key: memory.alloc$if_true0, Value: 8669
Key: RET_ADDRESS_CALL131, Value: 8687
Key: memory.alloc$if_false0, Value: 8692
Key: memory.alloc$while_exp0, Value: 8704
Key: RET_ADDRESS_LT26, Value: 8743
Key: memory.alloc$while_end0, Value: 8787
Key: RET_ADDRESS_GT20, Value: 8816
Key: memory.alloc$if_true1, Value: 8823
Key: RET_ADDRESS_CALL132, Value: 8841
Key: memory.alloc$if_false1, Value: 8846
Key: RET_ADDRESS_GT21, Value: 8896
Key: memory.alloc$if_true2, Value: 8903
Key: RET_ADDRESS_EQ18, Value: 9056
Key: memory.alloc$if_true3, Value: 9063
Key: memory.alloc$if_false3, Value: 9147
Key: memory.alloc$if_end3, Value: 9227
Key: memory.alloc$if_false2, Value: 9295
Key: memory.dealloc, Value: 9357
Key: RET_ADDRESS_EQ19, Value: 9458
Key: memory.dealloc$if_true0, Value: 9465
Key: memory.dealloc$if_false0, Value: 9556
Key: RET_ADDRESS_EQ20, Value: 9717
Key: memory.dealloc$if_true1, Value: 9724
Key: memory.dealloc$if_false1, Value: 9782
Key: memory.dealloc$if_end1, Value: 9848
Key: memory.dealloc$if_end0, Value: 9848
Key: output.init, Value: 9854
Key: RET_ADDRESS_CALL133, Value: 9915
Key: RET_ADDRESS_CALL134, Value: 9932
Key: RET_ADDRESS_CALL135, Value: 9949
Key: output.initmap, Value: 9960
Key: RET_ADDRESS_CALL136, Value: 9978
Key: RET_ADDRESS_CALL137, Value: 10061
Key: RET_ADDRESS_CALL138, Value: 10128
Key: RET_ADDRESS_CALL139, Value: 10211
Key: RET_ADDRESS_CALL140, Value: 10284
Key: RET_ADDRESS_CALL141, Value: 10367
Key: RET_ADDRESS_CALL142, Value: 10454
Key: RET_ADDRESS_CALL143, Value: 10535
Key: RET_ADDRESS_CALL144, Value: 10620
Key: RET_ADDRESS_CALL145, Value: 10693
Key: RET_ADDRESS_CALL146, Value: 10778
Key: RET_ADDRESS_CALL147, Value: 10863
Key: RET_ADDRESS_CALL148, Value: 10940
Key: RET_ADDRESS_CALL149, Value: 11017
Key: RET_ADDRESS_CALL150, Value: 11090
Key: RET_ADDRESS_CALL151, Value: 11159
Key: RET_ADDRESS_CALL152, Value: 11230
Key: RET_ADDRESS_CALL153, Value: 11309
Key: RET_ADDRESS_CALL154, Value: 11394
Key: RET_ADDRESS_CALL155, Value: 11479
Key: RET_ADDRESS_CALL156, Value: 11564
Key: RET_ADDRESS_CALL157, Value: 11649
Key: RET_ADDRESS_CALL158, Value: 11734
Key: RET_ADDRESS_CALL159, Value: 11819
Key: RET_ADDRESS_CALL160, Value: 11904
Key: RET_ADDRESS_CALL161, Value: 11989
Key: RET_ADDRESS_CALL162, Value: 12074
Key: RET_ADDRESS_CALL163, Value: 12159
Key: RET_ADDRESS_CALL164, Value: 12234
Key: RET_ADDRESS_CALL165, Value: 12311
Key: RET_ADDRESS_CALL166, Value: 12392
Key: RET_ADDRESS_CALL167, Value: 12463
Key: RET_ADDRESS_CALL168, Value: 12544
Key: RET_ADDRESS_CALL169, Value: 12629
Key: RET_ADDRESS_CALL170, Value: 12712
Key: RET_ADDRESS_CALL171, Value: 12797
Key: RET_ADDRESS_CALL172, Value: 12882
Key: RET_ADDRESS_CALL173, Value: 12967
Key: RET_ADDRESS_CALL174, Value: 13052
Key: RET_ADDRESS_CALL175, Value: 13137
Key: RET_ADDRESS_CALL176, Value: 13222
Key: RET_ADDRESS_CALL177, Value: 13307
Key: RET_ADDRESS_CALL178, Value: 13392
Key: RET_ADDRESS_CALL179, Value: 13477
Key: RET_ADDRESS_CALL180, Value: 13562
Key: RET_ADDRESS_CALL181, Value: 13647
Key: RET_ADDRESS_CALL182, Value: 13732
Key: RET_ADDRESS_CALL183, Value: 13817
Key: RET_ADDRESS_CALL184, Value: 13902
Key: RET_ADDRESS_CALL185, Value: 13987
Key: RET_ADDRESS_CALL186, Value: 14072
Key: RET_ADDRESS_CALL187, Value: 14159
Key: RET_ADDRESS_CALL188, Value: 14244
Key: RET_ADDRESS_CALL189, Value: 14329
Key: RET_ADDRESS_CALL190, Value: 14414
Key: RET_ADDRESS_CALL191, Value: 14499
Key: RET_ADDRESS_CALL192, Value: 14584
Key: RET_ADDRESS_CALL193, Value: 14669
Key: RET_ADDRESS_CALL194, Value: 14754
Key: RET_ADDRESS_CALL195, Value: 14839
Key: RET_ADDRESS_CALL196, Value: 14924
Key: RET_ADDRESS_CALL197, Value: 15009
Key: RET_ADDRESS_CALL198, Value: 15088
Key: RET_ADDRESS_CALL199, Value: 15173
Key: RET_ADDRESS_CALL200, Value: 15246
Key: RET_ADDRESS_CALL201, Value: 15315
Key: RET_ADDRESS_CALL202, Value: 15388
Key: RET_ADDRESS_CALL203, Value: 15467
Key: RET_ADDRESS_CALL204, Value: 15552
Key: RET_ADDRESS_CALL205, Value: 15631
Key: RET_ADDRESS_CALL206, Value: 15716
Key: RET_ADDRESS_CALL207, Value: 15795
Key: RET_ADDRESS_CALL208, Value: 15880
Key: RET_ADDRESS_CALL209, Value: 15963
Key: RET_ADDRESS_CALL210, Value: 16048
Key: RET_ADDRESS_CALL211, Value: 16131
Key: RET_ADDRESS_CALL212, Value: 16216
Key: RET_ADDRESS_CALL213, Value: 16301
Key: SCREEN, Value: 16384
Key: RET_ADDRESS_CALL214, Value: 16386
Key: RET_ADDRESS_CALL215, Value: 16465
Key: RET_ADDRESS_CALL216, Value: 16544
Key: RET_ADDRESS_CALL217, Value: 16623
Key: RET_ADDRESS_CALL218, Value: 16704
Key: RET_ADDRESS_CALL219, Value: 16785
Key: RET_ADDRESS_CALL220, Value: 16864
Key: RET_ADDRESS_CALL221, Value: 16943
Key: RET_ADDRESS_CALL222, Value: 17028
Key: RET_ADDRESS_CALL223, Value: 17107
Key: RET_ADDRESS_CALL224, Value: 17186
Key: RET_ADDRESS_CALL225, Value: 17265
Key: RET_ADDRESS_CALL226, Value: 17344
Key: RET_ADDRESS_CALL227, Value: 17425
Key: RET_ADDRESS_CALL228, Value: 17504
Key: RET_ADDRESS_CALL229, Value: 17589
Key: RET_ADDRESS_CALL230, Value: 17674
Key: RET_ADDRESS_CALL231, Value: 17759
Key: RET_ADDRESS_CALL232, Value: 17832
Key: output.create, Value: 17843
Key: RET_ADDRESS_CALL233, Value: 17865
Key: output.createshiftedmap, Value: 18456
Key: LOOP_output.createshiftedmap, Value: 18458
Key: RET_ADDRESS_CALL234, Value: 18483
Key: output.createshiftedmap$while_exp0, Value: 18499
Key: RET_ADDRESS_LT27, Value: 18517
Key: RET_ADDRESS_CALL235, Value: 18580
Key: output.createshiftedmap$while_exp1, Value: 18646
Key: RET_ADDRESS_LT28, Value: 18665
Key: RET_ADDRESS_CALL236, Value: 18745
Key: output.createshiftedmap$while_end1, Value: 18795
Key: RET_ADDRESS_EQ21, Value: 18811
Key: output.createshiftedmap$if_true0, Value: 18818
Key: output.createshiftedmap$if_false0, Value: 18833
Key: output.createshiftedmap$if_end0, Value: 18857
Key: output.createshiftedmap$while_end0, Value: 18859
Key: output.getmap, Value: 18865
Key: RET_ADDRESS_LT29, Value: 18886
Key: RET_ADDRESS_GT22, Value: 18903
Key: output.getmap$if_true0, Value: 18915
Key: output.getmap$if_false0, Value: 18925
Key: output.getmap$if_true1, Value: 18938
Key: output.getmap$if_false1, Value: 18976
Key: output.getmap$if_end1, Value: 19012
Key: output.drawchar, Value: 19021
Key: LOOP_output.drawchar, Value: 19023
Key: RET_ADDRESS_CALL237, Value: 19049
Key: output.drawchar$while_exp0, Value: 19068
Key: RET_ADDRESS_LT30, Value: 19085
Key: output.drawchar$if_true0, Value: 19106
Key: output.drawchar$if_false0, Value: 19161
Key: output.drawchar$if_end0, Value: 19210
Key: output.drawchar$while_end0, Value: 19344
Key: output.movecursor, Value: 19350
Key: RET_ADDRESS_LT31, Value: 19365
Key: RET_ADDRESS_GT23, Value: 19382
Key: RET_ADDRESS_LT32, Value: 19402
Key: RET_ADDRESS_GT24, Value: 19424
Key: output.movecursor$if_true0, Value: 19436
Key: RET_ADDRESS_CALL238, Value: 19454
Key: output.movecursor$if_false0, Value: 19459
Key: RET_ADDRESS_CALL239, Value: 19484
Key: RET_ADDRESS_CALL240, Value: 19520
Key: RET_ADDRESS_CALL241, Value: 19572
Key: RET_ADDRESS_EQ22, Value: 19576
Key: RET_ADDRESS_CALL242, Value: 19599
Key: output.printchar, Value: 19610
Key: RET_ADDRESS_CALL243, Value: 19629
Key: RET_ADDRESS_EQ23, Value: 19633
Key: output.printchar$if_true0, Value: 19640
Key: RET_ADDRESS_CALL244, Value: 19652
Key: output.printchar$if_false0, Value: 19659
Key: RET_ADDRESS_CALL245, Value: 19678
Key: RET_ADDRESS_EQ24, Value: 19682
Key: output.printchar$if_true1, Value: 19689
Key: RET_ADDRESS_CALL246, Value: 19701
Key: output.printchar$if_false1, Value: 19708
Key: RET_ADDRESS_CALL247, Value: 19727
Key: output.printchar$if_true2, Value: 19748
Key: output.printchar$if_false2, Value: 19788
Key: RET_ADDRESS_EQ25, Value: 19804
Key: output.printchar$if_true3, Value: 19811
Key: RET_ADDRESS_CALL248, Value: 19823
Key: output.printchar$if_false3, Value: 19830
Key: output.printchar$if_end3, Value: 19844
Key: output.printchar$if_end1, Value: 19844
Key: output.printchar$if_end0, Value: 19844
Key: output.printstring, Value: 19850
Key: RET_ADDRESS_CALL249, Value: 19876
Key: output.printstring$while_exp0, Value: 19882
Key: RET_ADDRESS_LT33, Value: 19900
Key: RET_ADDRESS_CALL250, Value: 19934
Key: RET_ADDRESS_CALL251, Value: 19946
Key: output.printstring$while_end0, Value: 19975
Key: output.printint, Value: 19981
Key: RET_ADDRESS_CALL252, Value: 20006
Key: RET_ADDRESS_CALL253, Value: 20029
Key: output.println, Value: 20040
Key: RET_ADDRESS_EQ26, Value: 20110
Key: output.println$if_true0, Value: 20117
Key: output.println$if_false0, Value: 20128
Key: output.backspace, Value: 20134
Key: output.backspace$if_true0, Value: 20147
Key: RET_ADDRESS_GT25, Value: 20161
Key: output.backspace$if_true1, Value: 20168
Key: output.backspace$if_false1, Value: 20210
Key: RET_ADDRESS_EQ27, Value: 20237
Key: output.backspace$if_true2, Value: 20244
Key: output.backspace$if_false2, Value: 20255
Key: output.backspace$if_end1, Value: 20277
Key: output.backspace$if_false0, Value: 20288
Key: output.backspace$if_end0, Value: 20300
Key: RET_ADDRESS_CALL254, Value: 20318
Key: screen.init, Value: 20329
Key: RET_ADDRESS_CALL255, Value: 20374
Key: screen.init$while_exp0, Value: 20420
Key: RET_ADDRESS_LT34, Value: 20437
Key: screen.init$while_end0, Value: 20592
Key: screen.clearscreen, Value: 20598
Key: screen.clearscreen$while_exp0, Value: 20602
Key: RET_ADDRESS_LT35, Value: 20619
Key: screen.clearscreen$while_end0, Value: 20695
Key: screen.updatelocation, Value: 20701
Key: screen.updatelocation$if_true0, Value: 20714
Key: screen.updatelocation$if_false0, Value: 20798
Key: screen.updatelocation$if_end0, Value: 20883
Key: screen.setcolor, Value: 20889
Key: screen.drawpixel, Value: 20907
Key: LOOP_screen.drawpixel, Value: 20909
Key: RET_ADDRESS_LT36, Value: 20931
Key: RET_ADDRESS_GT26, Value: 20948
Key: RET_ADDRESS_LT37, Value: 20968
Key: RET_ADDRESS_GT27, Value: 20990
Key: screen.drawpixel$if_true0, Value: 21002
Key: RET_ADDRESS_CALL256, Value: 21020
Key: screen.drawpixel$if_false0, Value: 21025
Key: RET_ADDRESS_CALL257, Value: 21050
Key: RET_ADDRESS_CALL258, Value: 21088
Key: RET_ADDRESS_CALL259, Value: 21124
Key: RET_ADDRESS_CALL260, Value: 21193
Key: screen.drawconditional, Value: 21204
Key: screen.drawconditional$if_true0, Value: 21219
Key: RET_ADDRESS_CALL261, Value: 21245
Key: screen.drawconditional$if_false0, Value: 21252
Key: RET_ADDRESS_CALL262, Value: 21278
Key: screen.drawconditional$if_end0, Value: 21283
Key: screen.drawline, Value: 21289
Key: LOOP_screen.drawline, Value: 21291
Key: RET_ADDRESS_LT38, Value: 21313
Key: RET_ADDRESS_GT28, Value: 21331
Key: RET_ADDRESS_LT39, Value: 21351
Key: RET_ADDRESS_GT29, Value: 21375
Key: screen.drawline$if_true0, Value: 21387
Key: RET_ADDRESS_CALL263, Value: 21405
Key: screen.drawline$if_false0, Value: 21410
Key: RET_ADDRESS_CALL264, Value: 21442
Key: RET_ADDRESS_CALL265, Value: 21483
Key: RET_ADDRESS_LT40, Value: 21511
Key: RET_ADDRESS_LT41, Value: 21551
Key: RET_ADDRESS_LT42, Value: 21587
Key: screen.drawline$if_true1, Value: 21604
Key: screen.drawline$if_false1, Value: 21698
Key: screen.drawline$if_true2, Value: 21714
Key: RET_ADDRESS_GT30, Value: 21830
Key: screen.drawline$if_false2, Value: 21844
Key: RET_ADDRESS_GT31, Value: 21910
Key: screen.drawline$if_end2, Value: 21922
Key: RET_ADDRESS_CALL266, Value: 21948
Key: RET_ADDRESS_CALL267, Value: 21998
Key: RET_ADDRESS_CALL268, Value: 22050
Key: RET_ADDRESS_CALL269, Value: 22097
Key: screen.drawline$while_exp0, Value: 22102
Key: RET_ADDRESS_LT43, Value: 22122
Key: RET_ADDRESS_LT44, Value: 22147
Key: screen.drawline$if_true3, Value: 22154
Key: screen.drawline$if_false3, Value: 22189
Key: screen.drawline$if_true4, Value: 22238
Key: screen.drawline$if_false4, Value: 22262
Key: screen.drawline$if_end4, Value: 22284
Key: screen.drawline$if_end3, Value: 22284
Key: RET_ADDRESS_CALL270, Value: 22341
Key: screen.drawline$while_end0, Value: 22348
Key: screen.drawrectangle, Value: 22354
Key: LOOP_screen.drawrectangle, Value: 22356
Key: RET_ADDRESS_GT32, Value: 22382
Key: RET_ADDRESS_GT33, Value: 22402
Key: RET_ADDRESS_LT45, Value: 22422
Key: RET_ADDRESS_GT34, Value: 22445
Key: RET_ADDRESS_LT46, Value: 22465
Key: RET_ADDRESS_GT35, Value: 22489
Key: screen.drawrectangle$if_true0, Value: 22501
Key: RET_ADDRESS_CALL271, Value: 22519
Key: screen.drawrectangle$if_false0, Value: 22524
Key: RET_ADDRESS_CALL272, Value: 22549
Key: RET_ADDRESS_CALL273, Value: 22591
Key: RET_ADDRESS_CALL274, Value: 22634
Key: RET_ADDRESS_CALL275, Value: 22678
Key: RET_ADDRESS_CALL276, Value: 22835
Key: screen.drawrectangle$while_exp0, Value: 22885
Key: RET_ADDRESS_GT36, Value: 22905
Key: RET_ADDRESS_EQ28, Value: 22958
Key: screen.drawrectangle$if_true1, Value: 22965
Key: RET_ADDRESS_CALL277, Value: 23007
Key: screen.drawrectangle$if_false1, Value: 23014
Key: RET_ADDRESS_CALL278, Value: 23042
Key: screen.drawrectangle$while_exp1, Value: 23069
Key: RET_ADDRESS_LT47, Value: 23087
Key: RET_ADDRESS_CALL279, Value: 23122
Key: screen.drawrectangle$while_end1, Value: 23151
Key: RET_ADDRESS_CALL280, Value: 23179
Key: screen.drawrectangle$if_end1, Value: 23184
Key: screen.drawrectangle$while_end0, Value: 23245
Key: screen.drawhorizontal, Value: 23251
Key: LOOP_screen.drawhorizontal, Value: 23253
Key: RET_ADDRESS_CALL281, Value: 23287
Key: RET_ADDRESS_CALL282, Value: 23326
Key: RET_ADDRESS_GT37, Value: 23357
Key: RET_ADDRESS_LT48, Value: 23374
Key: RET_ADDRESS_LT49, Value: 23398
Key: RET_ADDRESS_GT38, Value: 23424
Key: screen.drawhorizontal$if_true0, Value: 23436
Key: RET_ADDRESS_CALL283, Value: 23461
Key: RET_ADDRESS_CALL284, Value: 23500
Key: RET_ADDRESS_CALL285, Value: 23539
Key: RET_ADDRESS_CALL286, Value: 23579
Key: RET_ADDRESS_CALL287, Value: 23623
Key: RET_ADDRESS_CALL288, Value: 23665
Key: RET_ADDRESS_CALL289, Value: 23820
Key: RET_ADDRESS_EQ29, Value: 23915
Key: screen.drawhorizontal$if_true1, Value: 23922
Key: RET_ADDRESS_CALL290, Value: 23964
Key: screen.drawhorizontal$if_false1, Value: 23971
Key: RET_ADDRESS_CALL291, Value: 23999
Key: screen.drawhorizontal$while_exp0, Value: 24026
Key: RET_ADDRESS_LT50, Value: 24046
Key: RET_ADDRESS_CALL292, Value: 24081
Key: screen.drawhorizontal$while_end0, Value: 24110
Key: RET_ADDRESS_CALL293, Value: 24140
Key: screen.drawhorizontal$if_false0, Value: 24145
Key: screen.drawhorizontal$if_end1, Value: 24145
Key: screen.drawsymetric, Value: 24151
Key: RET_ADDRESS_CALL294, Value: 24224
Key: RET_ADDRESS_CALL295, Value: 24302
Key: RET_ADDRESS_CALL296, Value: 24381
Key: RET_ADDRESS_CALL297, Value: 24460
Key: screen.drawcircle, Value: 24471
Key: LOOP_screen.drawcircle, Value: 24473
Key: RET_ADDRESS_LT51, Value: 24495
Key: RET_ADDRESS_GT39, Value: 24512
Key: RET_ADDRESS_LT52, Value: 24532
Key: RET_ADDRESS_GT40, Value: 24554
Key: screen.drawcircle$if_true0, Value: 24566
Key: KBD, Value: 24576
Key: RET_ADDRESS_CALL298, Value: 24584
Key: screen.drawcircle$if_false0, Value: 24589
Key: RET_ADDRESS_LT53, Value: 24617
Key: RET_ADDRESS_GT41, Value: 24647
Key: RET_ADDRESS_LT54, Value: 24680
Key: RET_ADDRESS_GT42, Value: 24715
Key: screen.drawcircle$if_true1, Value: 24727
Key: RET_ADDRESS_CALL299, Value: 24745
Key: screen.drawcircle$if_false1, Value: 24750
Key: RET_ADDRESS_CALL300, Value: 24828
Key: screen.drawcircle$while_exp0, Value: 24833
Key: RET_ADDRESS_GT43, Value: 24851
Key: RET_ADDRESS_LT55, Value: 24875
Key: screen.drawcircle$if_true2, Value: 24882
Key: RET_ADDRESS_CALL301, Value: 24915
Key: screen.drawcircle$if_false2, Value: 24940
Key: RET_ADDRESS_CALL302, Value: 24985
Key: screen.drawcircle$if_end2, Value: 25030
Key: RET_ADDRESS_CALL303, Value: 25092
Key: screen.drawcircle$while_end0, Value: 25099
Key: string.new, Value: 25105
Key: RET_ADDRESS_CALL304, Value: 25123
Key: RET_ADDRESS_LT56, Value: 25143
Key: string.new$if_true0, Value: 25150
Key: RET_ADDRESS_CALL305, Value: 25168
Key: string.new$if_false0, Value: 25173
Key: RET_ADDRESS_GT44, Value: 25188
Key: string.new$if_true1, Value: 25195
Key: RET_ADDRESS_CALL306, Value: 25214
Key: string.new$if_false1, Value: 25220
Key: string.dispose, Value: 25252
Key: RET_ADDRESS_GT45, Value: 25279
Key: string.dispose$if_true0, Value: 25286
Key: RET_ADDRESS_CALL307, Value: 25305
Key: string.dispose$if_false0, Value: 25310
Key: RET_ADDRESS_CALL308, Value: 25328
Key: string.length, Value: 25339
Key: string.charat, Value: 25361
Key: RET_ADDRESS_LT57, Value: 25388
Key: RET_ADDRESS_GT46, Value: 25407
Key: RET_ADDRESS_EQ30, Value: 25431
Key: string.charat$if_true0, Value: 25443
Key: RET_ADDRESS_CALL309, Value: 25461
Key: string.charat$if_false0, Value: 25466
Key: string.setcharat, Value: 25499
Key: RET_ADDRESS_LT58, Value: 25526
Key: RET_ADDRESS_GT47, Value: 25545
Key: RET_ADDRESS_EQ31, Value: 25569
Key: string.setcharat$if_true0, Value: 25581
Key: RET_ADDRESS_CALL310, Value: 25599
Key: string.setcharat$if_false0, Value: 25604
Key: string.appendchar, Value: 25659
Key: RET_ADDRESS_EQ32, Value: 25690
Key: string.appendchar$if_true0, Value: 25697
Key: RET_ADDRESS_CALL311, Value: 25715
Key: string.appendchar$if_false0, Value: 25720
Key: string.eraselastchar, Value: 25801
Key: RET_ADDRESS_EQ33, Value: 25829
Key: string.eraselastchar$if_true0, Value: 25836
Key: RET_ADDRESS_CALL312, Value: 25854
Key: string.eraselastchar$if_false0, Value: 25859
Key: string.intvalue, Value: 25889
Key: LOOP_string.intvalue, Value: 25891
Key: RET_ADDRESS_EQ34, Value: 25926
Key: string.intvalue$if_true0, Value: 25933
Key: string.intvalue$if_false0, Value: 25939
Key: RET_ADDRESS_EQ35, Value: 25992
Key: string.intvalue$if_true1, Value: 25999
Key: string.intvalue$while_exp0, Value: 26025
Key: string.intvalue$if_false1, Value: 26025
Key: RET_ADDRESS_LT59, Value: 26044
Key: RET_ADDRESS_LT60, Value: 26131
Key: RET_ADDRESS_GT48, Value: 26149
Key: string.intvalue$if_true2, Value: 26181
Key: RET_ADDRESS_CALL313, Value: 26206
Key: string.intvalue$if_false2, Value: 26247
Key: string.intvalue$while_end0, Value: 26249
Key: string.intvalue$if_true3, Value: 26265
Key: string.intvalue$if_false3, Value: 26282
Key: string.setint, Value: 26291
Key: LOOP_string.setint, Value: 26293
Key: RET_ADDRESS_EQ36, Value: 26327
Key: string.setint$if_true0, Value: 26334
Key: RET_ADDRESS_CALL314, Value: 26352
Key: string.setint$if_false0, Value: 26357
Key: RET_ADDRESS_CALL315, Value: 26375
Key: RET_ADDRESS_LT61, Value: 26397
Key: string.setint$if_true1, Value: 26404
Key: string.setint$if_false1, Value: 26436
Key: string.setint$while_exp0, Value: 26449
Key: RET_ADDRESS_GT49, Value: 26464
Key: RET_ADDRESS_CALL316, Value: 26497
Key: RET_ADDRESS_CALL317, Value: 26561
Key: string.setint$while_end0, Value: 26630
Key: string.setint$if_true2, Value: 26646
Key: string.setint$if_false2, Value: 26716
Key: RET_ADDRESS_LT62, Value: 26734
Key: string.setint$if_true3, Value: 26741
Key: RET_ADDRESS_CALL318, Value: 26759
Key: string.setint$if_false3, Value: 26764
Key: RET_ADDRESS_EQ37, Value: 26779
Key: string.setint$if_true4, Value: 26786
Key: string.setint$if_false4, Value: 26843
Key: string.setint$while_exp1, Value: 26854
Key: RET_ADDRESS_LT63, Value: 26873
Key: string.setint$while_end1, Value: 27003
Key: string.setint$if_end4, Value: 27003
Key: RET_ADDRESS_CALL319, Value: 27023
Key: string.newline, Value: 27034
Key: string.backspace, Value: 27042
Key: string.doublequote, Value: 27050
Key: sys.init, Value: 27058
Key: RET_ADDRESS_CALL320, Value: 27070
Key: RET_ADDRESS_CALL321, Value: 27087
Key: RET_ADDRESS_CALL322, Value: 27104
Key: RET_ADDRESS_CALL323, Value: 27121
Key: RET_ADDRESS_CALL324, Value: 27138
Key: RET_ADDRESS_CALL325, Value: 27155
Key: RET_ADDRESS_CALL326, Value: 27172
Key: sys.halt$while_exp0, Value: 27177
Key: sys.halt, Value: 27177
Key: sys.wait, Value: 27194
Key: sys.halt$while_end0, Value: 27194
Key: RET_ADDRESS_LT64, Value: 27213
Key: sys.wait$if_true0, Value: 27220
Key: RET_ADDRESS_CALL327, Value: 27236
Key: sys.wait$if_false0, Value: 27241
Key: sys.wait$while_exp0, Value: 27241
Key: RET_ADDRESS_GT50, Value: 27256
Key: sys.wait$while_exp1, Value: 27276
Key: RET_ADDRESS_GT51, Value: 27291
Key: sys.wait$while_end1, Value: 27323
Key: sys.wait$while_end0, Value: 27347
Key: sys.error, Value: 27353
Key: RET_ADDRESS_CALL328, Value: 27371
Key: RET_ADDRESS_CALL329, Value: 27389
Key: RET_ADDRESS_CALL330, Value: 27407
Key: RET_ADDRESS_CALL331, Value: 27425
Key: RET_ADDRESS_CALL332, Value: 27437
Key: RET_ADDRESS_CALL333, Value: 27461
Key: RET_ADDRESS_CALL334, Value: 27478
